CSI_2,-117,-80,8,0,-22,17,-20,16,-20,15,-20,17,-19,17,-18,14,-16,11,-16,11,-17,12,-17,12,-14,11,-12,9,-13,11,-12,11,-10,11,-10,13,-12,14,-11,13,-10,10,-9,9,-9,11,-11,13,-11,12,-10,11,-9,11,-3,2,0,0,0,0,0,0,0,0,0,0,0,0,0,0,0,0,0,0,-1,3,-1,10,-2,9,-3,11,-4,12,-5,11,-7,13,-8,16,-8,15,-8,14,-8,16,-9,17,-12,17,-11,16,-11,18,-13,17,-15,14,-15,15,-15,19,-15,20,-16,21,-19,22,-20,19,-19,17,-20,20,-24,22,-25,25,
CSI_2,-126,32,8,0,-27,-10,-26,-12,-25,-12,-24,-10,-24,-9,-24,-11,-22,-9,-21,-7,-19,-9,-18,-9,-18,-5,-17,-5,-18,-4,-19,-3,-19,-3,-17,-3,-15,-2,-13,-3,-14,-3,-14,-2,-14,-3,-15,-5,-14,-7,-15,-7,-14,-3,-4,-1,0,0,0,0,0,0,0,0,0,0,0,0,0,0,0,0,0,0,-3,0,-11,0,-13,-1,-14,-2,-13,-2,-13,-1,-16,-2,-18,-3,-17,-3,-18,-2,-19,-4,-18,-7,-16,-7,-17,-4,-19,-4,-22,-5,-24,-7,-24,-10,-27,-9,-25,-7,-21,-10,-22,-12,-26,-12,-28,-12,-29,-10,-28,-9,-28,-8,
CSI_2,28,-64,1,0,11,22,12,23,13,21,13,20,14,19,13,18,13,16,14,16,13,17,13,18,13,17,14,16,15,15,16,16,16,18,16,18,15,17,15,16,14,15,13,15,12,15,11,16,9,17,8,16,8,16,2,4,0,0,0,0,0,0,0,0,0,0,0,0,0,0,0,0,0,0,1,4,4,18,5,18,4,19,4,20,3,20,3,20,3,21,2,20,2,21,1,22,-1,24,-1,24,-1,23,0,22,1,21,2,22,4,22,5,21,6,21,7,21,8,21,8,21,7,22,6,24,6,25,5,26,
CSI_2,-8,-123,95,0,1,12,3,7,2,8,0,10,-2,8,-2,6,-2,6,-5,6,-6,5,-7,5,-5,4,-4,4,-6,5,-7,7,-7,10,-8,6,-6,3,-5,4,-6,3,-8,3,-7,5,-7,3,-8,1,-9,1,-9,-1,-3,-1,0,0,0,0,0,0,0,0,0,0,0,0,0,0,0,0,0,0,-2,3,-4,11,-3,12,-3,14,-3,16,-3,14,-4,13,-6,16,-5,18,-4,17,-3,18,-4,17,-3,16,-4,17,-4,18,-2,17,1,14,2,14,2,16,3,15,4,16,2,20,1,20,1,16,1,14,2,14,4,11,
CSI_2,82,32,5,0,1,26,1,25,2,25,2,25,2,25,2,24,3,24,3,23,3,24,3,24,3,23,3,22,2,22,2,22,2,22,1,22,1,21,1,20,0,19,0,18,-1,18,-1,17,-2,16,-2,15,-2,15,-1,3,0,0,0,0,0,0,0,0,0,0,0,0,0,0,0,0,0,0,1,3,4,15,4,15,4,16,3,17,3,17,3,18,3,19,3,20,2,21,1,21,1,22,1,22,1,23,1,23,1,23,1,23,1,24,1,24,1,24,2,24,2,25,2,25,1,26,1,26,2,28,4,29,
CSI_2,82,32,5,0,9,24,10,24,11,22,11,21,10,20,10,20,11,19,11,18,11,18,12,18,13,17,13,17,13,18,13,19,13,20,13,20,12,19,11,18,11,18,10,18,9,18,8,18,8,18,7,17,6,17,1,4,0,0,0,0,0,0,0,0,0,0,0,0,0,0,0,0,0,0,1,4,5,17,5,18,5,19,4,20,3,20,3,20,2,20,1,20,1,21,1,22,1,23,1,23,1,23,1,22,1,21,2,22,3,22,4,20,5,20,5,21,5,21,6,21,6,22,7,23,8,24,7,24,
CSI_2,28,-64,1,0,-18,-21,-18,-21,-18,-19,-18,-18,-18,-17,-17,-16,-17,-15,-17,-14,-18,-15,-18,-15,-19,-14,-19,-13,-20,-13,-20,-14,-20,-15,-20,-15,-19,-15,-18,-14,-18,-14,-17,-14,-16,-14,-15,-15,-15,-15,-14,-15,-13,-15,-4,-4,0,0,0,0,0,0,0,0,0,0,0,0,0,0,0,0,0,0,-3,-4,-10,-16,-10,-17,-10,-18,-10,-19,-9,-19,-8,-19,-8,-20,-7,-20,-7,-20,-8,-21,-8,-23,-8,-23,-7,-23,-7,-22,-8,-21,-9,-22,-10,-21,-10,-19,-11,-19,-11,-19,-12,-19,-12,-19,-13,-20,-14,-21,-15,-21,-13,-21,
CSI_2,82,32,5,0,-21,-18,-20,-18,-20,-17,-20,-17,-20,-16,-20,-16,-20,-15,-20,-15,-20,-15,-20,-15,-20,-15,-19,-14,-19,-14,-19,-14,-18,-14,-17,-14,-17,-14,-16,-13,-15,-13,-15,-13,-13,-13,-12,-12,-12,-12,-11,-12,-11,-12,-3,-3,0,0,0,0,0,0,0,0,0,0,0,0,0,0,0,0,0,0,-4,-3,-14,-9,-14,-10,-15,-10,-15,-11,-15,-12,-16,-12,-17,-13,-17,-13,-17,-14,-17,-15,-17,-16,-17,-17,-17,-17,-17,-17,-18,-17,-18,-17,-19,-17,-19,-17,-19,-17,-19,-17,-20,-17,-21,-17,-20,-18,-20,-19,-22,-19,-24,-19,
CSI_2,82,32,5,0,0,-28,0,-27,0,-27,0,-26,-1,-26,-1,-26,-1,-25,-1,-25,-1,-25,-1,-25,-2,-25,-2,-24,-2,-24,-1,-23,-1,-23,0,-23,0,-22,0,-21,1,-20,1,-20,1,-19,2,-18,2,-17,2,-16,3,-16,0,-4,0,0,0,0,0,0,0,0,0,0,0,0,0,0,0,0,0,0,-1,-4,-3,-16,-3,-17,-2,-18,-2,-18,-2,-19,-2,-20,-1,-20,-1,-22,-1,-22,0,-23,1,-23,1,-24,1,-24,1,-24,1,-24,1,-25,1,-25,1,-26,0,-26,0,-26,0,-26,0,-27,1,-27,1,-28,0,-29,-1,-30,
CSI_2,82,32,5,0,19,17,19,17,19,16,19,16,19,15,19,15,18,15,19,14,19,14,18,14,18,14,17,13,17,14,17,13,16,13,15,13,15,13,14,13,13,13,13,12,12,12,11,12,10,12,9,12,9,12,2,3,0,0,0,0,0,0,0,0,0,0,0,0,0,0,0,0,0,0,3,1,14,7,14,8,14,8,14,9,15,10,15,10,16,11,17,12,17,13,17,14,17,14,17,15,17,15,17,15,17,15,17,15,18,16,18,16,19,16,19,16,19,15,20,16,19,17,20,18,21,18,23,16,
CSI_2,28,-64,1,0,16,-20,16,-21,14,-21,13,-20,13,-19,12,-19,11,-19,10,-19,11,-20,10,-20,9,-21,8,-21,9,-21,9,-21,10,-22,11,-22,11,-21,10,-20,10,-19,10,-18,11,-18,11,-17,11,-17,11,-16,11,-15,2,-4,0,0,0,0,0,0,0,0,0,0,0,0,0,0,0,0,0,0,3,-4,13,-13,13,-13,15,-13,16,-13,16,-12,16,-12,17,-11,17,-10,18,-10,19,-11,20,-12,20,-12,20,-11,18,-11,18,-11,18,-12,17,-13,16,-13,16,-14,16,-14,16,-14,16,-15,16,-16,17,-17,17,-18,17,-16,
CSI_2,82,32,5,0,1,-14,1,-13,0,-13,0,-12,0,-12,0,-12,0,-12,0,-12,0,-12,0,-12,-1,-12,-1,-11,-1,-11,0,-11,0,-11,0,-11,0,-10,1,-10,1,-9,1,-9,1,-8,1,-8,1,-8,1,-7,2,-7,0,-2,0,0,0,0,0,0,0,0,0,0,0,0,0,0,0,0,0,0,-1,-2,-2,-8,-1,-8,-1,-9,-1,-9,-1,-10,-1,-10,-1,-11,0,-11,0,-11,0,-12,0,-12,0,-12,1,-12,1,-12,1,-12,0,-12,0,-13,0,-13,0,-13,1,-13,0,-13,0,-13,1,-14,1,-14,0,-15,-1,-15,
CSI_2,28,-64,1,0,25,-6,25,-6,24,-7,22,-8,22,-8,21,-8,20,-8,19,-9,20,-9,21,-9,19,-10,19,-11,19,-11,20,-11,21,-11,22,-11,21,-10,20,-10,19,-9,19,-9,19,-8,19,-7,19,-6,18,-5,18,-4,4,-1,0,0,0,0,0,0,0,0,0,0,0,0,0,0,0,0,0,0,4,-1,18,-2,18,-2,19,-1,20,0,20,0,20,1,20,1,20,2,20,2,21,3,22,4,23,4,22,4,21,4,21,3,22,2,22,1,21,0,21,-1,21,-1,21,-2,22,-2,22,-2,24,-2,25,-2,26,-1,
CSI_2,91,-80,5,0,14,5,13,4,10,3,9,2,11,2,13,5,13,7,12,6,10,2,9,2,10,5,10,5,8,4,8,4,7,4,7,4,9,6,10,6,9,6,7,6,6,6,7,5,6,3,4,2,1,4,0,1,0,0,0,0,0,0,0,0,0,0,0,0,0,0,0,0,0,0,2,-2,8,-4,8,-4,9,-5,8,-5,9,-2,12,-2,13,0,12,1,12,-2,14,-3,14,-2,12,-1,9,0,9,0,9,0,10,3,13,5,13,4,12,5,13,6,13,5,13,4,15,4,17,4,19,2,21,2,
CSI_2,83,48,5,0,1,16,5,13,4,13,3,13,3,12,2,11,1,11,0,12,-1,10,1,10,0,11,-1,11,1,11,3,12,2,13,1,12,0,12,0,12,-1,11,0,10,2,9,4,9,1,6,-2,4,-2,5,-1,1,0,0,0,0,0,0,0,0,0,0,0,0,0,0,0,0,0,0,1,1,4,6,3,7,3,7,5,6,5,7,6,8,6,8,7,8,8,7,6,9,5,10,5,10,5,10,4,10,3,12,2,14,2,14,3,13,5,13,7,12,7,14,4,16,4,17,4,15,6,13,10,15,
CSI_2,28,-64,1,0,-7,-26,-8,-26,-9,-24,-9,-23,-9,-22,-9,-21,-9,-20,-10,-20,-10,-20,-11,-20,-12,-19,-13,-19,-13,-20,-12,-20,-12,-22,-12,-22,-11,-21,-11,-20,-10,-19,-9,-19,-9,-19,-8,-19,-7,-19,-7,-18,-6,-18,-2,-5,0,0,0,0,0,0,0,0,0,0,0,0,0,0,0,0,0,0,-1,-5,-3,-18,-3,-19,-3,-20,-2,-21,-1,-21,0,-21,0,-21,1,-21,1,-21,1,-22,1,-23,1,-24,1,-24,1,-23,1,-22,0,-23,-1,-23,-2,-22,-2,-22,-2,-22,-3,-22,-4,-22,-4,-22,-5,-24,-5,-25,-4,-25,
CSI_2,28,-64,1,0,12,5,11,4,11,4,11,4,11,4,11,4,11,3,11,3,11,3,11,3,10,3,10,3,10,3,10,3,10,3,9,3,9,3,8,3,8,3,7,3,7,3,6,3,6,3,6,3,6,4,1,1,0,0,0,0,0,0,0,0,0,0,0,0,0,0,0,0,0,0,2,0,8,0,8,0,8,1,8,1,9,1,9,2,9,2,10,2,10,3,11,3,11,3,11,4,11,4,10,4,10,4,11,3,11,4,12,4,12,4,11,4,11,4,12,4,12,5,13,5,14,4,14,3,
CSI_2,28,-64,1,0,-11,-7,-11,-7,-10,-6,-10,-6,-10,-6,-10,-6,-10,-6,-10,-5,-10,-6,-10,-5,-10,-5,-9,-5,-9,-5,-9,-5,-9,-5,-9,-5,-8,-5,-8,-5,-7,-5,-7,-5,-7,-5,-6,-5,-6,-5,-6,-5,-5,-5,-2,-2,0,0,0,0,0,0,0,0,0,0,0,0,0,0,0,0,0,0,-2,-1,-8,-3,-8,-3,-8,-3,-9,-3,-9,-4,-9,-4,-10,-4,-10,-5,-10,-5,-10,-6,-11,-6,-11,-6,-11,-6,-10,-6,-10,-6,-11,-6,-11,-6,-11,-7,-11,-7,-11,-6,-11,-6,-11,-7,-11,-7,-12,-8,-13,-7,-14,-6,
CSI_2,28,-64,1,0,19,14,18,13,18,13,18,12,18,11,18,11,18,11,18,10,19,11,18,11,18,10,16,9,16,9,17,9,17,9,16,10,15,10,14,9,13,9,12,9,12,9,11,9,10,9,9,9,8,9,2,2,0,0,0,0,0,0,0,0,0,0,0,0,0,0,0,0,0,0,3,1,14,5,14,6,14,6,15,7,15,7,16,8,17,9,17,10,18,11,18,12,18,13,18,13,18,14,17,13,17,13,18,13,19,13,19,13,19,13,18,13,19,13,20,13,20,16,20,17,22,15,25,13,
CSI_2,28,-64,1,0,3,-14,3,-13,3,-13,2,-12,2,-12,2,-12,2,-12,2,-12,2,-13,1,-13,1,-12,1,-11,1,-11,1,-11,1,-11,1,-11,2,-10,2,-10,2,-9,2,-9,2,-8,2,-8,2,-8,2,-7,2,-7,0,-2,0,0,0,0,0,0,0,0,0,0,0,0,0,0,0,0,0,0,-1,-3,-1,-9,-1,-9,0,-9,0,-10,0,-10,0,-11,1,-11,1,-11,2,-12,2,-12,2,-13,2,-13,2,-13,2,-13,2,-13,2,-13,2,-13,2,-14,2,-13,3,-13,2,-13,2,-14,3,-14,4,-14,3,-15,1,-16,
CSI_2,28,-64,1,0,-12,20,-11,19,-11,19,-11,19,-10,19,-10,19,-10,18,-9,18,-10,19,-10,19,-9,18,-8,17,-8,17,-8,17,-8,17,-9,16,-9,15,-9,14,-9,13,-9,12,-8,11,-8,11,-8,10,-8,9,-8,9,-2,2,0,0,0,0,0,0,0,0,0,0,0,0,0,0,0,0,0,0,-1,3,-4,13,-4,13,-5,14,-5,14,-6,15,-7,16,-8,17,-9,17,-9,18,-10,18,-11,18,-11,19,-11,18,-11,18,-11,18,-11,19,-11,20,-11,20,-11,20,-11,19,-11,19,-12,20,-13,20,-14,21,-12,23,-10,25,
CSI_2,28,-64,1,0,-4,-26,-4,-25,-4,-24,-5,-24,-6,-23,-5,-23,-5,-23,-6,-22,-6,-23,-6,-23,-6,-21,-5,-20,-5,-20,-5,-20,-5,-20,-4,-20,-4,-19,-3,-18,-2,-18,-2,-17,-2,-16,-1,-16,-1,-15,0,-14,0,-14,0,-4,0,0,0,0,0,0,0,0,0,0,0,0,0,0,0,0,0,0,-2,-4,-7,-14,-7,-15,-7,-16,-7,-16,-7,-17,-7,-19,-7,-19,-6,-20,-6,-21,-6,-22,-5,-23,-5,-23,-5,-23,-5,-23,-5,-23,-6,-23,-6,-24,-6,-25,-6,-25,-5,-24,-5,-24,-5,-25,-4,-26,-4,-27,-6,-28,-10,-28,
CSI_2,28,-64,1,0,5,-12,4,-11,4,-11,4,-11,4,-11,4,-11,4,-11,3,-11,4,-11,3,-11,3,-11,2,-10,3,-10,3,-10,3,-10,4,-10,4,-9,4,-9,4,-8,3,-8,3,-7,3,-7,3,-7,3,-6,4,-6,1,-2,0,0,0,0,0,0,0,0,0,0,0,0,0,0,0,0,0,0,0,-2,1,-8,1,-8,1,-9,1,-9,2,-9,2,-10,3,-10,3,-10,3,-10,3,-11,4,-11,4,-11,4,-11,4,-11,4,-11,4,-11,4,-12,4,-12,4,-12,4,-11,4,-11,4,-12,5,-12,5,-13,5,-14,4,-15,
CSI_2,28,-64,1,0,4,13,4,12,4,11,4,11,5,11,5,11,4,10,4,10,5,11,5,10,4,10,4,10,4,10,4,10,4,9,4,9,3,9,3,9,2,8,2,8,2,8,1,8,1,7,1,7,1,7,0,1,0,0,0,0,0,0,0,0,0,0,0,0,0,0,0,0,0,0,1,1,5,6,5,6,4,7,4,7,5,8,5,8,5,9,5,9,5,10,4,10,4,11,4,11,4,11,4,11,4,11,4,11,5,11,5,12,5,12,4,11,5,11,5,12,4,13,4,13,6,13,7,13,
CSI_2,28,-64,1,0,-19,14,-18,14,-17,14,-16,13,-16,14,-16,14,-16,13,-16,13,-17,14,-17,14,-15,13,-15,13,-15,12,-15,13,-15,12,-15,11,-15,10,-14,9,-14,9,-14,8,-13,7,-12,7,-12,6,-12,5,-12,5,-3,1,0,0,0,0,0,0,0,0,0,0,0,0,0,0,0,0,0,0,-2,2,-8,11,-9,11,-9,12,-10,12,-11,13,-12,13,-13,13,-13,13,-14,13,-15,14,-16,14,-16,14,-16,14,-16,13,-16,13,-16,14,-17,14,-17,15,-17,14,-17,14,-17,14,-18,15,-19,14,-20,15,-19,17,-18,20,
CSI_2,28,-64,1,0,8,-10,8,-10,8,-10,8,-10,7,-10,7,-10,7,-10,7,-10,7,-10,7,-10,6,-10,6,-9,6,-9,6,-9,6,-9,6,-9,6,-8,6,-8,6,-7,6,-7,6,-7,6,-6,6,-6,5,-5,5,-5,1,-2,0,0,0,0,0,0,0,0,0,0,0,0,0,0,0,0,0,0,1,-2,4,-8,4,-8,4,-8,4,-8,5,-8,5,-9,6,-9,6,-9,7,-9,7,-9,8,-9,8,-9,8,-9,8,-9,8,-9,8,-9,8,-10,8,-10,8,-10,8,-10,8,-10,8,-10,9,-10,10,-10,9,-12,8,-13,
CSI_2,28,-64,1,0,-20,11,-19,10,-19,10,-18,10,-18,11,-18,11,-17,11,-17,11,-18,11,-18,11,-17,11,-16,10,-16,10,-16,10,-16,10,-16,9,-16,8,-15,7,-15,7,-14,6,-14,6,-13,5,-13,4,-13,4,-12,3,-3,0,0,0,0,0,0,0,0,0,0,0,0,0,0,0,0,0,0,0,-3,2,-11,9,-11,8,-12,9,-12,9,-13,9,-14,9,-15,9,-16,9,-16,9,-17,9,-18,9,-18,9,-18,9,-18,9,-18,9,-18,10,-19,10,-19,10,-19,10,-19,10,-18,11,-19,11,-20,10,-21,10,-21,13,-21,16,
CSI_2,28,-64,1,0,-9,-23,-8,-22,-8,-22,-9,-21,-9,-21,-9,-21,-9,-20,-9,-20,-9,-21,-9,-21,-9,-20,-9,-19,-9,-18,-8,-19,-8,-19,-7,-19,-6,-18,-6,-17,-5,-16,-5,-16,-4,-15,-4,-15,-3,-14,-2,-13,-2,-13,-1,-4,0,0,0,0,0,0,0,0,0,0,0,0,0,0,0,0,0,0,-3,-4,-9,-13,-9,-13,-9,-14,-9,-15,-9,-16,-9,-16,-9,-17,-9,-18,-9,-19,-9,-20,-9,-21,-8,-21,-8,-21,-7,-21,-8,-21,-9,-21,-9,-22,-9,-22,-9,-22,-9,-22,-9,-21,-9,-22,-8,-24,-8,-25,-11,-25,-14,-25,
CSI_2,28,-64,1,0,7,-11,6,-11,6,-10,6,-10,5,-10,5,-10,5,-10,5,-10,5,-10,5,-10,5,-10,4,-9,4,-9,4,-10,4,-9,4,-9,5,-9,5,-8,5,-8,4,-7,4,-7,4,-6,4,-6,4,-6,4,-5,1,-2,0,0,0,0,0,0,0,0,0,0,0,0,0,0,0,0,0,0,0,-2,3,-8,3,-8,3,-8,4,-8,4,-8,5,-9,5,-9,5,-9,6,-9,6,-9,6,-9,7,-10,7,-10,7,-9,6,-10,6,-10,6,-10,7,-10,7,-10,7,-10,6,-10,7,-11,7,-11,7,-11,7,-12,6,-13,
CSI_2,83,48,5,0,-10,6,-8,5,-4,3,-3,4,-3,6,-3,6,-5,5,-5,3,-2,4,0,5,-2,6,-5,6,-6,6,-4,5,-1,4,0,5,0,4,0,1,2,1,2,2,1,3,0,5,-1,5,-1,5,-1,4,-1,1,0,0,0,0,0,0,0,0,0,0,0,0,0,0,0,0,0,0,-2,-1,-6,-4,-7,-2,-6,-2,-7,-3,-7,-4,-6,-2,-7,-1,-9,-1,-7,-1,-6,1,-8,2,-10,1,-10,0,-11,2,-10,1,-8,0,-8,2,-8,3,-8,3,-7,4,-6,4,-7,3,-9,2,-7,2,-2,1,-2,1,
CSI_2,28,-64,1,0,-14,2,-13,2,-13,2,-12,2,-12,2,-12,2,-12,2,-12,2,-12,2,-12,2,-11,3,-11,2,-11,2,-11,2,-11,2,-11,2,-10,1,-10,1,-10,0,-9,0,-9,0,-9,0,-8,0,-8,0,-8,-1,-2,-1,0,0,0,0,0,0,0,0,0,0,0,0,0,0,0,0,0,0,-2,0,-8,2,-8,2,-8,2,-8,2,-9,2,-10,2,-10,2,-10,2,-11,2,-11,2,-12,2,-12,2,-12,2,-12,2,-12,2,-12,2,-12,2,-13,2,-13,2,-12,2,-12,2,-13,2,-14,1,-14,2,-15,3,-15,4,
CSI_2,99,48,6,0,-5,-13,-4,-12,-4,-12,-4,-12,-4,-11,-4,-11,-4,-11,-4,-11,-4,-12,-4,-12,-5,-11,-4,-10,-4,-10,-4,-10,-4,-10,-3,-10,-3,-10,-3,-10,-3,-9,-2,-9,-2,-9,-2,-8,-2,-8,-1,-8,-1,-8,-1,-2,0,0,0,0,0,0,0,0,0,0,0,0,0,0,0,0,0,0,-1,-2,-4,-7,-4,-7,-4,-7,-4,-8,-5,-8,-5,-9,-4,-9,-4,-10,-4,-10,-4,-11,-4,-11,-4,-11,-4,-11,-4,-11,-4,-11,-4,-11,-4,-11,-4,-12,-4,-12,-4,-12,-4,-12,-5,-12,-4,-13,-4,-13,-6,-14,-7,-13,
CSI_2,99,48,6,0,34,12,32,10,32,9,31,9,32,10,31,11,30,11,31,10,32,10,32,9,30,8,29,7,28,9,28,10,28,10,26,11,25,11,23,12,22,12,20,12,19,12,18,11,17,10,16,11,15,11,3,2,0,0,0,0,0,0,0,0,0,0,0,0,0,0,0,0,0,0,5,-1,22,-2,22,-2,23,-1,24,0,26,1,27,2,27,3,29,5,30,5,31,6,31,5,32,5,32,6,31,6,31,7,32,7,33,7,34,8,33,8,32,10,33,9,34,10,35,12,36,12,41,9,45,7,
CSI_2,28,-64,1,0,-26,-4,-25,-3,-25,-3,-24,-3,-24,-2,-24,-2,-24,-2,-24,-2,-24,-2,-24,-2,-23,-1,-22,-1,-22,-1,-22,-1,-21,-2,-21,-2,-20,-3,-20,-3,-19,-3,-18,-3,-17,-3,-16,-4,-16,-4,-15,-4,-14,-5,-4,-2,0,0,0,0,0,0,0,0,0,0,0,0,0,0,0,0,0,0,-4,0,-16,0,-16,0,-17,-1,-18,-1,-18,-1,-19,-2,-20,-2,-21,-2,-21,-3,-22,-4,-22,-4,-23,-4,-23,-4,-22,-4,-23,-4,-23,-4,-24,-4,-24,-4,-24,-4,-24,-3,-24,-3,-25,-3,-26,-4,-26,-4,-27,-3,-28,-2,
CSI_2,28,-64,1,0,-16,-21,-15,-20,-15,-20,-15,-19,-15,-19,-15,-19,-15,-19,-15,-18,-16,-18,-16,-18,-15,-17,-15,-17,-15,-17,-14,-17,-14,-17,-13,-17,-12,-16,-12,-16,-11,-16,-10,-15,-9,-15,-9,-14,-8,-14,-8,-14,-7,-14,-2,-4,0,0,0,0,0,0,0,0,0,0,0,0,0,0,0,0,0,0,-3,-3,-12,-11,-12,-12,-13,-13,-13,-13,-13,-14,-13,-15,-13,-15,-14,-16,-14,-17,-14,-18,-13,-19,-13,-19,-13,-19,-13,-19,-13,-19,-14,-20,-14,-20,-14,-20,-14,-20,-14,-20,-15,-20,-16,-20,-15,-21,-15,-22,-17,-22,-19,-22,
CSI_2,28,-64,1,0,4,-25,4,-25,4,-25,4,-24,3,-24,3,-24,3,-23,3,-23,3,-24,2,-23,2,-23,2,-23,2,-22,3,-22,3,-21,3,-21,4,-20,4,-19,4,-19,4,-18,4,-17,4,-16,5,-16,5,-15,5,-14,1,-4,0,0,0,0,0,0,0,0,0,0,0,0,0,0,0,0,0,0,-1,-4,-1,-16,-1,-16,0,-17,0,-18,0,-19,1,-19,1,-20,2,-21,2,-21,3,-22,4,-22,4,-22,4,-22,4,-22,4,-23,4,-23,4,-23,4,-24,4,-24,4,-24,4,-24,4,-25,4,-25,5,-26,4,-27,3,-29,
CSI_2,28,-64,1,0,-14,22,-14,21,-13,21,-13,21,-12,21,-12,21,-12,20,-11,20,-12,21,-11,20,-11,20,-10,19,-10,19,-10,19,-10,18,-11,18,-11,17,-11,16,-10,15,-10,15,-10,14,-10,13,-10,12,-10,12,-10,11,-3,2,0,0,0,0,0,0,0,0,0,0,0,0,0,0,0,0,0,0,-2,3,-6,14,-7,14,-8,14,-8,15,-9,16,-9,16,-10,17,-10,17,-11,18,-12,18,-13,18,-13,18,-13,18,-13,18,-13,18,-14,19,-14,19,-14,20,-13,20,-13,20,-13,21,-13,21,-14,21,-15,21,-15,23,-14,25,
CSI_2,28,-64,1,0,3,-26,3,-25,3,-25,3,-25,2,-25,2,-25,2,-24,2,-24,2,-24,2,-24,1,-23,1,-22,1,-22,1,-22,2,-22,2,-21,2,-21,3,-20,3,-19,3,-18,3,-17,3,-17,4,-16,4,-15,4,-15,1,-4,0,0,0,0,0,0,0,0,0,0,0,0,0,0,0,0,0,0,-1,-4,-1,-16,0,-16,0,-17,0,-18,1,-18,1,-19,1,-20,2,-20,2,-21,3,-21,4,-22,4,-22,4,-22,4,-23,4,-23,4,-23,4,-23,4,-24,4,-24,3,-24,3,-25,3,-25,4,-25,5,-26,4,-28,3,-29,
CSI_2,28,-64,1,0,22,-13,21,-13,21,-13,20,-13,20,-13,20,-13,19,-13,19,-13,19,-13,19,-13,18,-13,18,-13,18,-12,17,-12,17,-12,17,-11,17,-11,17,-10,16,-9,15,-9,15,-8,14,-7,14,-7,14,-6,13,-5,3,-2,0,0,0,0,0,0,0,0,0,0,0,0,0,0,0,0,0,0,2,-3,11,-10,12,-10,13,-11,13,-11,14,-11,15,-11,16,-11,17,-11,17,-11,18,-11,19,-11,19,-11,20,-11,20,-11,20,-11,20,-11,20,-12,20,-12,21,-12,21,-12,21,-13,21,-13,22,-13,22,-13,23,-14,23,-16,
CSI_2,28,-64,1,0,-13,-26,-12,-25,-12,-24,-12,-24,-12,-24,-12,-23,-12,-23,-12,-23,-13,-23,-13,-22,-12,-22,-12,-21,-12,-21,-12,-20,-11,-20,-11,-20,-10,-20,-9,-19,-9,-18,-8,-18,-7,-17,-7,-17,-6,-16,-6,-16,-5,-15,-2,-4,0,0,0,0,0,0,0,0,0,0,0,0,0,0,0,0,0,0,-3,-4,-10,-14,-10,-14,-10,-15,-10,-16,-10,-17,-10,-17,-11,-18,-11,-19,-11,-20,-11,-21,-11,-21,-11,-22,-11,-22,-11,-22,-11,-22,-11,-23,-12,-23,-12,-23,-12,-24,-12,-23,-13,-24,-13,-25,-13,-25,-13,-26,-14,-26,-16,-26,
CSI_2,28,-64,1,0,-24,-10,-24,-9,-23,-9,-23,-8,-23,-8,-23,-8,-23,-7,-23,-7,-23,-7,-23,-7,-22,-7,-22,-7,-21,-7,-21,-6,-21,-7,-20,-7,-20,-7,-19,-7,-18,-7,-17,-7,-16,-7,-16,-8,-15,-8,-14,-8,-14,-8,-4,-2,0,0,0,0,0,0,0,0,0,0,0,0,0,0,0,0,0,0,-4,-1,-15,-3,-16,-4,-16,-4,-17,-5,-17,-5,-18,-6,-19,-6,-19,-7,-20,-7,-20,-8,-20,-9,-21,-9,-21,-10,-21,-10,-21,-9,-21,-9,-22,-9,-22,-9,-23,-9,-22,-9,-23,-9,-24,-9,-23,-10,-24,-10,-25,-10,-27,-9,
CSI_2,-114,-32,8,0,-7,-27,-6,-26,-6,-26,-6,-25,-7,-24,-7,-25,-7,-24,-8,-24,-8,-25,-8,-24,-7,-23,-7,-22,-7,-22,-8,-22,-7,-22,-7,-22,-6,-22,-6,-21,-5,-20,-5,-20,-4,-19,-3,-19,-2,-18,-2,-17,-2,-16,-1,-4,0,0,0,0,0,0,0,0,0,0,0,0,0,0,0,0,0,0,-2,-4,-5,-15,-5,-16,-5,-16,-5,-17,-5,-18,-5,-18,-5,-19,-5,-20,-5,-21,-4,-22,-3,-23,-3,-23,-3,-23,-3,-23,-4,-23,-4,-23,-5,-24,-5,-24,-5,-24,-5,-24,-6,-25,-6,-26,-5,-27,-5,-28,-7,-28,-9,-26,-8,-16,-22,-43,-22,-45,-23,-46,-22,-46,-21,-45,-19,-43,-19,-44,-20,-44,-22,-44,-23,-43,-24,-41,-24,-39,-23,-37,-24,-36,-24,-37,-24,-37,-23,-38,-21,-38,-18,-36,-17,-36,-16,-35,-16,-34,-15,-31,-14,-30,-13,-29,-12,-28,-11,-28,-11,-28,-5,-11,-2,-4,0,1,0,1,0,0,-2,-3,-5,-10,-12,-26,-11,-27,-10,-27,-11,-29,-11,-30,-12,-32,-11,-34,-10,-35,-9,-36,-9,-39,-10,-41,-11,-43,-11,-44,-11,-42,-10,-41,-10,-39,-12,-41,-12,-42,-13,-43,-13,-44,-13,-45,-13,-45,-14,-47,-15,-48,-16,-50,-15,-51,-13,-52,-11,-53,
CSI_2,28,-64,1,0,23,4,23,4,22,4,22,3,23,2,22,2,22,2,21,2,21,2,21,2,21,1,21,1,20,2,20,2,19,3,19,3,18,3,18,3,17,3,16,3,15,3,14,3,13,4,14,4,14,5,3,1,0,0,0,0,0,0,0,0,0,0,0,0,0,0,0,0,0,0,3,-1,14,-1,15,-1,15,0,16,0,17,1,18,1,19,1,19,1,19,2,19,2,20,2,21,3,21,3,21,3,21,4,21,4,21,4,22,4,23,3,23,3,22,2,23,3,22,3,23,4,26,4,28,2,
CSI_2,28,-64,1,0,-14,-22,-14,-22,-13,-21,-13,-21,-14,-20,-14,-20,-14,-20,-14,-19,-14,-20,-14,-20,-14,-19,-13,-19,-13,-18,-13,-18,-13,-18,-12,-18,-11,-18,-11,-17,-10,-17,-10,-16,-9,-16,-8,-16,-7,-15,-6,-15,-6,-15,-2,-4,0,0,0,0,0,0,0,0,0,0,0,0,0,0,0,0,0,0,-3,-3,-11,-12,-11,-12,-11,-13,-11,-14,-11,-15,-12,-15,-12,-16,-12,-17,-12,-18,-12,-19,-11,-19,-11,-20,-11,-20,-11,-20,-11,-20,-12,-20,-12,-21,-13,-21,-13,-21,-13,-21,-13,-21,-14,-21,-13,-22,-13,-23,-14,-24,-16,-23,
CSI_2,28,-64,1,0,25,4,24,4,24,3,24,3,23,3,23,2,23,2,23,2,23,2,23,2,22,2,22,1,21,1,22,1,21,2,21,2,20,3,19,3,19,3,18,3,17,3,16,4,15,4,15,4,14,5,3,1,0,0,0,0,0,0,0,0,0,0,0,0,0,0,0,0,0,0,3,-1,15,-1,15,0,16,0,17,1,17,1,18,1,19,2,20,2,20,3,21,4,21,4,21,4,22,5,21,5,22,5,22,4,22,4,23,4,23,4,23,4,23,3,24,3,24,4,25,5,26,4,28,3,
CSI_2,28,-64,1,0,-20,16,-20,16,-19,16,-19,16,-18,16,-18,16,-18,16,-17,16,-18,16,-17,16,-16,16,-16,15,-16,15,-16,15,-16,15,-16,14,-16,13,-16,12,-15,12,-15,11,-15,10,-14,9,-14,9,-14,8,-14,8,-4,1,0,0,0,0,0,0,0,0,0,0,0,0,0,0,0,0,0,0,-3,3,-11,12,-11,12,-12,12,-13,12,-13,12,-14,12,-15,13,-16,13,-16,13,-17,13,-18,13,-19,13,-19,13,-19,13,-19,13,-19,14,-19,14,-19,15,-19,15,-19,15,-19,16,-20,16,-20,16,-21,16,-21,17,-21,19,
CSI_2,28,-64,1,0,-12,-23,-12,-22,-12,-22,-12,-21,-12,-21,-13,-21,-13,-20,-13,-20,-13,-20,-13,-20,-13,-19,-12,-19,-12,-19,-12,-18,-12,-18,-11,-18,-10,-18,-10,-17,-9,-17,-9,-16,-8,-16,-7,-15,-7,-15,-6,-14,-5,-14,-2,-4,0,0,0,0,0,0,0,0,0,0,0,0,0,0,0,0,0,0,-3,-4,-10,-13,-10,-14,-10,-15,-10,-15,-10,-16,-10,-17,-10,-17,-11,-18,-10,-19,-10,-20,-10,-21,-9,-21,-10,-21,-10,-21,-10,-21,-10,-21,-11,-21,-11,-22,-11,-22,-11,-22,-12,-22,-12,-22,-12,-23,-12,-24,-13,-24,-15,-24,
CSI_2,28,-64,1,0,-1,-26,-1,-25,-1,-25,-1,-24,-1,-24,-2,-24,-2,-24,-2,-23,-2,-24,-2,-23,-2,-23,-2,-22,-2,-22,-2,-22,-1,-21,-1,-21,0,-20,0,-20,0,-19,0,-18,1,-18,1,-17,2,-16,2,-15,2,-15,0,-4,0,0,0,0,0,0,0,0,0,0,0,0,0,0,0,0,0,0,-1,-4,-4,-15,-3,-16,-3,-17,-3,-17,-2,-18,-2,-19,-2,-20,-2,-20,-2,-21,-1,-22,0,-22,0,-22,0,-23,0,-23,0,-23,0,-23,0,-23,-1,-24,-1,-24,-1,-24,-1,-24,-1,-25,0,-25,0,-26,-1,-27,-3,-28,
CSI_2,99,48,6,0,-3,25,-3,24,-3,24,-2,24,-2,23,-2,23,-2,23,-1,22,-1,23,-1,22,-1,22,-1,21,-1,21,-1,21,-2,21,-2,20,-2,20,-3,19,-3,18,-3,17,-4,16,-4,16,-5,15,-5,14,-5,14,-2,3,0,0,0,0,0,0,0,0,0,0,0,0,0,0,0,0,0,0,0,3,2,15,1,15,1,16,1,16,0,17,0,18,0,19,0,20,-1,20,-2,21,-3,21,-3,21,-3,21,-3,22,-3,22,-3,22,-2,23,-2,23,-2,23,-2,23,-2,23,-2,24,-3,24,-3,25,-3,26,-1,28,
CSI_2,99,48,6,0,-16,16,-15,15,-15,14,-14,14,-13,15,-13,15,-13,14,-13,14,-13,15,-14,14,-13,14,-12,13,-12,13,-12,13,-12,13,-12,13,-12,12,-12,11,-11,10,-11,9,-11,9,-11,8,-10,7,-10,6,-10,6,-3,1,0,0,0,0,0,0,0,0,0,0,0,0,0,0,0,0,0,0,-2,2,-7,11,-8,11,-8,12,-9,12,-9,12,-10,13,-11,13,-12,13,-13,13,-13,14,-14,14,-15,14,-15,14,-14,13,-14,14,-14,14,-15,15,-15,15,-15,15,-15,15,-14,15,-15,15,-17,15,-17,15,-16,18,-15,20,
CSI_2,28,-64,1,0,-24,13,-23,13,-21,14,-20,14,-20,14,-19,13,-18,13,-17,14,-17,14,-17,15,-16,16,-16,16,-16,16,-17,16,-18,17,-18,17,-17,16,-17,15,-16,14,-16,13,-16,12,-17,12,-17,11,-16,11,-16,10,-4,2,0,0,0,0,0,0,0,0,0,0,0,0,0,0,0,0,0,0,-5,1,-18,6,-18,6,-20,6,-21,6,-20,5,-21,4,-21,3,-21,3,-22,3,-22,3,-24,3,-24,3,-24,3,-23,3,-22,3,-23,4,-22,5,-21,6,-21,7,-21,7,-21,7,-21,8,-22,9,-23,10,-24,10,-24,9,
CSI_2,-8,-123,95,0,-23,-7,-22,-6,-20,-6,-17,-6,-16,-5,-17,-6,-19,-7,-19,-8,-17,-7,-15,-7,-14,-8,-14,-7,-14,-6,-13,-7,-11,-8,-11,-9,-12,-9,-11,-10,-10,-11,-8,-12,-8,-11,-8,-10,-8,-9,-6,-8,-3,-9,-1,-3,0,0,0,0,0,0,0,0,0,0,0,0,0,0,0,0,0,0,-4,-1,-15,-2,-15,-2,-14,-1,-16,0,-16,-1,-15,-2,-16,-3,-17,-2,-16,-2,-16,-5,-18,-7,-20,-5,-18,-3,-16,-4,-17,-5,-19,-4,-19,-2,-18,-2,-19,-3,-23,-4,-22,-3,-19,-2,-18,-3,-20,-4,-23,-3,-24,-2,
CSI_2,117,86,103,0,-13,8,-14,5,-14,5,-13,6,-12,6,-13,7,-13,6,-11,7,-10,7,-10,5,-10,2,-11,0,-10,2,-8,3,-9,4,-11,3,-11,3,-12,1,-10,1,-10,2,-10,0,-9,-1,-7,-2,-6,-5,-7,-4,-2,-1,0,0,0,0,0,0,0,0,0,0,0,0,0,0,0,0,0,0,-3,2,-11,8,-9,8,-6,8,-8,9,-13,9,-12,7,-9,6,-12,6,-13,8,-12,10,-13,11,-13,10,-12,7,-12,5,-11,6,-11,8,-12,11,-11,11,-10,8,-12,3,-16,3,-17,8,-16,9,-16,7,-16,10,-17,14,-4,6,-10,25,-7,22,-9,18,-10,19,-9,22,-9,23,-9,20,-11,14,-9,11,-6,14,-8,17,-10,15,-6,13,-5,13,-5,14,-7,13,-10,14,-10,13,-8,11,-8,10,-9,11,-11,10,-12,8,-8,5,-5,1,-8,0,-9,8,-14,4,-3,-1,-1,-1,-1,-1,-1,-1,0,0,0,0,0,0,1,10,-3,18,-13,14,-10,14,-7,15,-8,14,-10,14,-8,18,-7,19,-10,15,-12,16,-13,20,-11,20,-7,17,-7,15,-9,15,-11,16,-13,16,-12,14,-8,16,-2,21,-2,20,-6,17,-11,19,-11,21,-9,21,-9,21,-12,21,
CSI_2,91,-80,5,0,-23,-3,-21,-3,-18,-2,-19,-1,-18,-1,-18,-2,-20,-2,-22,1,-21,4,-17,2,-15,1,-16,0,-18,-2,-18,-1,-13,2,-11,2,-15,-2,-18,-3,-18,0,-17,0,-16,-2,-15,-2,-13,-3,-14,-4,-14,-7,-4,-2,0,0,0,0,0,0,0,0,0,0,0,0,0,0,0,0,0,0,-4,0,-15,2,-14,5,-15,5,-16,4,-16,2,-18,0,-20,0,-20,1,-18,2,-19,3,-22,4,-24,3,-23,-1,-21,-4,-19,-5,-19,-4,-21,1,-22,3,-19,0,-19,-2,-20,-4,-23,-2,-27,-3,-27,-6,-23,-3,-20,4,
CSI_2,83,48,5,0,-23,-1,-22,-3,-21,1,-21,4,-22,1,-20,0,-18,2,-18,3,-17,4,-15,3,-15,2,-16,2,-16,4,-15,6,-13,5,-15,3,-15,3,-13,3,-14,3,-14,3,-12,1,-13,0,-12,0,-10,0,-9,-1,-3,-1,0,0,0,0,0,0,0,0,0,0,0,0,0,0,0,0,0,0,-4,1,-14,6,-14,4,-15,2,-15,3,-16,4,-18,5,-20,4,-19,5,-18,5,-20,4,-21,2,-19,-1,-19,-2,-21,0,-23,1,-25,2,-23,1,-20,1,-20,3,-23,5,-24,5,-25,3,-24,3,-23,3,-23,4,-20,6,
CSI_2,82,32,5,0,11,-24,10,-24,9,-23,8,-22,8,-22,7,-21,6,-21,5,-21,5,-21,5,-22,3,-22,2,-23,3,-23,4,-23,5,-23,5,-24,5,-23,5,-21,5,-20,5,-20,5,-19,6,-19,6,-18,6,-18,7,-17,1,-5,0,0,0,0,0,0,0,0,0,0,0,0,0,0,0,0,0,0,2,-4,9,-15,10,-15,11,-16,12,-16,12,-16,13,-15,14,-15,14,-14,14,-14,15,-15,15,-16,16,-17,16,-16,16,-16,15,-16,15,-16,14,-17,12,-17,12,-17,12,-18,12,-18,11,-19,11,-19,11,-21,12,-22,13,-21,
CSI_2,28,-64,1,0,4,26,4,26,6,24,6,23,6,22,6,22,6,21,7,20,7,21,8,21,9,20,9,20,9,20,9,21,8,22,8,23,8,22,7,21,6,20,6,20,5,19,4,19,3,19,3,18,2,18,0,4,0,0,0,0,0,0,0,0,0,0,0,0,0,0,0,0,0,0,0,4,2,18,1,18,1,19,0,20,-1,20,-1,20,-2,20,-3,20,-3,21,-3,22,-4,23,-4,23,-4,23,-4,22,-3,21,-3,22,-2,22,-1,21,0,21,0,21,1,22,1,22,1,23,2,25,2,26,2,25,
CSI_2,28,-64,1,0,-24,13,-24,13,-22,13,-21,13,-20,13,-19,13,-18,13,-18,13,-18,14,-18,14,-17,15,-16,16,-17,16,-18,16,-19,16,-19,16,-18,15,-18,14,-17,13,-17,12,-17,12,-17,11,-18,10,-17,10,-17,9,-5,2,0,0,0,0,0,0,0,0,0,0,0,0,0,0,0,0,0,0,-5,1,-17,7,-18,7,-20,7,-21,6,-21,6,-21,5,-21,4,-21,3,-22,4,-23,4,-24,4,-24,4,-24,3,-23,3,-23,4,-23,5,-23,6,-21,6,-21,7,-21,7,-22,8,-22,8,-22,9,-23,10,-24,11,-23,10,
CSI_2,91,-80,5,0,12,-7,11,-7,13,-5,16,-2,15,-1,15,-4,15,-4,14,-2,13,-2,13,-2,13,-1,14,-2,14,-2,13,0,13,-3,11,-5,12,0,14,1,13,1,11,3,9,2,10,1,10,2,8,3,7,2,1,0,0,0,0,0,0,0,0,0,0,0,0,0,0,0,0,0,0,0,0,-2,0,-6,1,-9,3,-10,4,-10,4,-10,5,-8,8,-7,9,-8,10,-10,10,-11,9,-10,9,-10,8,-8,7,-6,8,-7,10,-7,10,-6,10,-8,11,-9,9,-8,8,-4,9,-3,12,-5,16,-7,18,-8,17,-9,
CSI_2,28,-64,1,0,26,4,26,4,25,2,24,2,23,1,22,1,22,0,21,-1,22,-1,23,-1,22,-2,22,-3,22,-3,23,-2,24,-2,24,-1,24,-1,22,-1,21,-1,20,0,20,1,20,2,20,2,19,3,18,3,4,0,0,0,0,0,0,0,0,0,0,0,0,0,0,0,0,0,0,0,4,0,17,4,18,4,19,5,19,6,19,7,19,8,19,9,18,9,18,10,19,10,20,11,21,11,20,11,19,10,19,10,20,10,20,8,20,7,20,7,20,7,21,6,21,6,22,6,23,6,24,6,23,7,
CSI_2,91,-80,5,0,6,13,8,13,9,12,10,11,9,12,8,12,9,9,11,9,12,10,10,11,8,9,8,8,9,8,8,9,7,11,6,10,7,6,8,4,8,6,7,9,7,9,7,7,6,7,6,7,8,5,2,1,0,0,0,0,0,0,0,0,0,0,0,0,0,0,0,0,0,0,2,0,7,5,5,8,4,10,4,11,4,10,4,8,5,9,5,12,4,12,4,11,4,12,4,12,4,12,5,12,5,14,4,15,3,14,4,12,6,12,6,11,5,9,5,9,4,12,4,13,5,12,6,10,
CSI_2,83,48,5,0,3,-17,2,-16,1,-17,2,-18,3,-17,3,-15,3,-13,3,-13,1,-15,1,-17,1,-19,0,-19,0,-15,1,-13,2,-14,3,-12,3,-10,5,-8,6,-9,5,-11,3,-9,3,-8,4,-7,4,-6,2,-7,0,-2,0,0,0,0,0,0,0,0,0,0,0,0,0,0,0,0,0,0,-2,-2,-4,-9,-4,-10,-6,-11,-7,-13,-5,-14,-3,-13,-2,-14,0,-15,-1,-13,-2,-11,0,-12,0,-14,-2,-17,-3,-17,-3,-15,-2,-14,-1,-13,-1,-13,-2,-16,-1,-18,2,-17,3,-16,1,-16,0,-16,-1,-15,-3,-13,
CSI_2,82,32,5,0,-23,-14,-22,-14,-22,-13,-21,-13,-21,-12,-22,-12,-21,-12,-21,-11,-22,-11,-21,-11,-21,-10,-20,-10,-20,-10,-20,-10,-19,-10,-19,-10,-18,-10,-17,-10,-17,-10,-16,-10,-15,-10,-14,-10,-13,-10,-13,-10,-12,-10,-3,-3,0,0,0,0,0,0,0,0,0,0,0,0,0,0,0,0,0,0,-4,-2,-15,-7,-16,-7,-16,-8,-16,-9,-17,-9,-17,-9,-18,-10,-18,-11,-19,-11,-19,-12,-19,-13,-19,-14,-20,-14,-20,-14,-20,-13,-20,-13,-21,-14,-21,-14,-21,-14,-21,-13,-21,-13,-22,-13,-22,-14,-23,-15,-24,-14,-25,-13,
CSI_2,28,-64,1,0,-21,16,-21,16,-19,16,-18,16,-17,16,-17,15,-16,15,-15,16,-15,16,-15,17,-14,18,-13,18,-14,18,-15,18,-16,19,-16,18,-15,17,-15,16,-15,15,-15,15,-15,14,-15,13,-15,13,-15,12,-15,11,-4,2,0,0,0,0,0,0,0,0,0,0,0,0,0,0,0,0,0,0,-4,2,-16,9,-16,9,-18,9,-19,9,-19,8,-19,8,-20,7,-20,6,-20,6,-21,7,-22,8,-23,7,-23,7,-22,7,-21,7,-22,8,-21,8,-19,9,-19,9,-19,10,-20,10,-20,11,-20,12,-21,13,-22,14,-22,13,
CSI_2,91,-80,5,0,2,-14,2,-15,5,-13,4,-12,2,-12,3,-14,3,-14,2,-13,1,-10,1,-9,2,-11,3,-14,3,-14,5,-12,7,-13,5,-11,5,-8,5,-9,3,-12,4,-11,4,-9,3,-8,1,-7,0,-8,3,-8,1,-2,0,0,0,0,0,0,0,0,0,0,0,0,0,0,0,0,0,0,0,-2,1,-5,1,-6,2,-8,2,-9,2,-8,3,-6,5,-8,5,-12,5,-13,6,-12,7,-11,8,-9,11,-10,10,-12,9,-15,10,-13,11,-11,11,-13,10,-15,10,-12,8,-10,6,-13,5,-15,4,-12,7,-11,10,-14,
CSI_2,83,48,5,0,12,-2,14,-2,16,-4,15,-3,13,-3,13,-7,11,-9,10,-9,11,-7,10,-7,8,-9,9,-11,10,-12,10,-11,11,-8,10,-5,7,-3,7,-3,6,-5,7,-8,8,-9,8,-7,8,-6,10,-5,11,-4,2,-2,0,0,0,0,0,0,0,0,0,0,0,0,0,0,0,0,0,0,2,-1,10,0,6,1,5,0,10,1,13,2,9,0,10,2,15,3,15,1,13,3,12,3,13,-1,17,-2,18,-1,16,0,14,1,12,0,12,-1,12,-1,14,-1,16,-1,14,-2,15,-2,19,-4,20,-8,21,-7,
CSI_2,28,-64,1,0,26,-6,25,-7,23,-8,22,-8,21,-8,21,-8,20,-9,20,-9,20,-9,20,-10,19,-11,19,-11,20,-11,21,-11,22,-11,22,-11,21,-10,20,-9,19,-9,19,-8,19,-8,19,-7,19,-6,18,-5,18,-4,4,-1,0,0,0,0,0,0,0,0,0,0,0,0,0,0,0,0,0,0,4,-1,18,-3,18,-3,20,-2,20,-2,20,-1,20,0,20,0,20,1,21,1,22,1,23,2,23,2,23,2,22,2,21,1,22,1,22,0,21,-1,20,-2,21,-2,21,-3,22,-3,22,-3,24,-4,24,-4,23,-4,
CSI_2,91,-80,5,0,-20,-5,-19,-7,-18,-8,-16,-8,-16,-5,-19,-2,-21,-4,-20,-5,-20,-5,-19,-4,-19,-4,-21,-5,-22,-8,-21,-7,-19,-5,-19,-5,-17,-7,-15,-7,-14,-7,-15,-4,-18,-2,-17,-3,-13,-3,-9,-2,-8,-1,-2,-1,0,0,0,0,0,0,0,0,0,0,0,0,0,0,0,0,0,0,-2,-3,-6,-9,-5,-6,-7,-6,-8,-9,-7,-10,-8,-8,-9,-7,-10,-10,-9,-12,-9,-11,-9,-12,-8,-12,-8,-9,-12,-6,-12,-7,-9,-11,-8,-11,-9,-9,-12,-8,-16,-8,-17,-7,-17,-7,-17,-8,-17,-7,-18,-8,-21,-8,
CSI_2,83,48,5,0,8,-15,7,-15,8,-17,9,-20,6,-23,6,-20,7,-18,6,-20,6,-20,5,-19,3,-19,3,-20,4,-21,5,-18,5,-15,5,-14,4,-13,6,-11,10,-12,10,-13,7,-13,7,-11,7,-10,6,-10,6,-8,1,-2,0,0,0,0,0,0,0,0,0,0,0,0,0,0,0,0,0,0,2,-3,7,-9,3,-8,3,-10,6,-10,7,-9,6,-9,6,-8,7,-9,7,-10,6,-9,7,-10,6,-13,5,-14,6,-16,7,-14,8,-11,5,-10,3,-12,5,-13,6,-13,7,-14,6,-16,3,-17,4,-17,6,-18,9,-17,
CSI_2,82,32,5,0,-9,-3,-9,-3,-9,-3,-8,-2,-8,-2,-8,-2,-8,-2,-8,-1,-8,-2,-8,-1,-8,-1,-8,-1,-8,-1,-8,-1,-8,-1,-9,-1,-8,-1,-8,-1,-7,-1,-7,-1,-7,-2,-7,-2,-7,-2,-7,-2,-6,-2,-2,-1,0,0,0,0,0,0,0,0,0,0,0,0,0,0,0,0,0,0,-2,-1,-6,-4,-6,-4,-6,-4,-6,-5,-6,-5,-6,-5,-6,-5,-6,-5,-6,-5,-6,-5,-6,-6,-7,-6,-6,-6,-6,-5,-6,-5,-7,-5,-7,-5,-7,-4,-7,-4,-7,-4,-7,-4,-7,-4,-7,-4,-8,-4,-8,-4,-8,-5,
CSI_2,-8,-123,95,0,8,2,11,-1,11,-3,8,0,8,2,9,2,8,3,6,3,5,2,8,2,9,3,6,2,4,1,5,2,6,2,7,4,7,6,6,7,4,6,4,4,5,4,4,5,3,6,5,6,5,5,1,1,0,0,0,0,0,0,0,0,0,0,0,0,0,0,0,0,0,0,3,0,11,3,11,2,11,2,12,4,12,4,11,5,12,6,13,4,13,1,12,2,12,2,13,-1,15,-1,15,0,14,0,15,1,17,0,17,-1,14,-1,11,-3,12,-2,11,-1,11,0,12,0,12,0,11,0,
CSI_2,28,-64,1,0,-19,-20,-19,-20,-19,-18,-18,-17,-18,-16,-18,-16,-18,-14,-18,-14,-18,-14,-19,-14,-20,-12,-20,-12,-20,-12,-20,-13,-21,-14,-21,-15,-20,-14,-19,-14,-18,-13,-17,-14,-16,-14,-16,-14,-15,-15,-14,-14,-14,-14,-4,-4,0,0,0,0,0,0,0,0,0,0,0,0,0,0,0,0,0,0,-3,-4,-11,-15,-11,-16,-12,-17,-11,-18,-10,-18,-10,-19,-9,-19,-9,-20,-9,-20,-9,-21,-10,-22,-10,-23,-9,-22,-9,-21,-9,-20,-10,-21,-11,-20,-12,-19,-12,-18,-12,-19,-13,-19,-14,-19,-14,-19,-16,-20,-16,-20,-15,-20,
CSI_2,28,-64,1,0,13,-24,12,-24,11,-23,10,-23,9,-22,8,-22,7,-21,7,-21,7,-22,6,-22,5,-22,4,-23,5,-23,5,-23,6,-24,6,-24,6,-23,6,-22,6,-21,6,-21,7,-20,7,-19,8,-19,8,-18,8,-18,2,-5,0,0,0,0,0,0,0,0,0,0,0,0,0,0,0,0,0,0,2,-4,11,-15,11,-15,13,-16,14,-16,14,-15,15,-15,15,-14,16,-14,16,-14,16,-14,18,-15,18,-15,18,-15,17,-14,16,-15,16,-16,16,-16,14,-16,14,-17,14,-17,13,-18,13,-19,13,-19,14,-20,14,-21,14,-20,
CSI_2,28,-64,1,0,26,-4,26,-5,24,-6,23,-6,23,-6,22,-6,21,-7,20,-8,20,-8,21,-8,20,-10,20,-10,21,-10,21,-10,22,-9,23,-9,22,-9,21,-8,20,-7,20,-7,19,-6,19,-5,19,-5,19,-4,18,-4,4,-1,0,0,0,0,0,0,0,0,0,0,0,0,0,0,0,0,0,0,4,-1,18,-1,18,-1,19,0,20,1,20,1,20,2,20,3,20,3,20,4,21,4,22,4,23,4,22,4,22,4,21,3,22,3,22,2,21,1,21,0,21,0,22,0,22,-1,22,-1,24,-2,25,-3,24,-2,
CSI_2,91,-80,5,0,-17,1,-17,2,-17,1,-16,0,-16,0,-14,0,-12,-1,-12,0,-14,2,-15,5,-15,5,-13,2,-11,0,-12,-2,-13,-3,-11,-2,-9,-1,-10,-3,-12,-4,-12,-3,-10,-2,-10,-3,-10,-3,-9,-3,-7,-7,-2,-3,0,0,0,0,0,0,0,0,0,0,0,0,0,0,0,0,0,0,-2,0,-8,2,-7,3,-7,5,-8,5,-9,3,-11,4,-11,4,-11,4,-10,5,-11,6,-12,5,-14,4,-13,4,-11,4,-11,3,-12,1,-13,-1,-14,1,-15,2,-15,2,-15,3,-14,4,-14,4,-15,3,-15,1,-13,2,
CSI_2,83,48,5,0,2,-14,1,-15,0,-14,-2,-13,-3,-13,-4,-15,-4,-15,-1,-14,1,-13,2,-12,1,-10,0,-9,-2,-9,-3,-12,-1,-13,-1,-13,-1,-11,-1,-9,-3,-9,-5,-11,-5,-12,-2,-11,-1,-10,1,-10,3,-10,1,-3,0,0,0,0,0,0,0,0,0,0,0,0,0,0,0,0,0,0,0,-3,2,-8,1,-8,-1,-10,-2,-13,-1,-13,-1,-11,0,-11,2,-11,5,-10,4,-11,6,-13,7,-13,4,-13,4,-14,4,-13,2,-13,2,-13,1,-13,-1,-13,0,-15,0,-17,1,-17,1,-17,1,-16,-1,-17,-2,-19,
CSI_2,28,-64,1,0,-23,13,-23,14,-21,14,-20,14,-20,14,-19,13,-18,13,-17,14,-17,14,-17,15,-16,16,-15,17,-16,16,-17,16,-18,16,-18,16,-17,15,-16,14,-16,13,-16,13,-16,12,-16,11,-16,11,-16,10,-16,10,-4,2,0,0,0,0,0,0,0,0,0,0,0,0,0,0,0,0,0,0,-5,1,-18,7,-18,7,-20,7,-21,7,-21,6,-21,5,-21,4,-21,4,-21,4,-22,4,-23,5,-24,5,-24,4,-23,4,-23,4,-23,5,-23,6,-21,7,-21,7,-21,7,-21,8,-21,9,-21,9,-22,10,-25,11,-26,10,
CSI_2,82,32,5,0,2,25,2,25,2,24,3,24,3,23,3,23,3,22,4,22,4,22,4,22,4,22,3,21,3,21,4,21,3,20,3,20,2,20,2,19,1,18,1,17,1,17,0,16,-1,15,-1,15,-1,14,-1,3,0,0,0,0,0,0,0,0,0,0,0,0,0,0,0,0,0,0,1,3,4,15,4,15,4,16,3,17,3,17,3,18,3,19,3,20,3,21,2,21,1,22,1,22,1,23,1,23,1,23,1,23,2,23,2,24,2,24,2,24,3,24,3,25,2,25,2,26,3,27,5,27,
CSI_2,-121,112,8,0,26,3,26,3,26,3,25,3,25,2,25,2,25,1,25,1,25,1,25,1,24,0,24,0,25,0,25,0,25,0,25,1,24,1,23,1,22,1,22,2,21,2,21,2,20,2,20,3,19,3,4,0,0,0,0,0,0,0,0,0,0,0,0,0,0,0,0,0,0,0,3,0,14,0,15,0,15,1,16,1,16,1,17,1,18,2,18,2,19,3,20,3,21,4,22,5,22,5,22,5,22,5,22,5,22,5,22,4,22,4,23,4,23,4,24,4,24,4,25,4,26,4,25,3,
CSI_2,91,-80,5,0,9,-3,8,-2,9,-5,10,-9,10,-9,11,-9,10,-9,10,-9,10,-7,9,-9,8,-9,7,-5,7,-7,9,-9,10,-8,10,-7,9,-6,7,-5,9,-4,11,-2,10,-2,8,-1,6,0,5,-1,6,-3,1,-1,0,0,0,0,0,0,0,0,0,0,0,0,0,0,0,0,0,0,1,-2,6,-5,6,-6,6,-6,5,-5,6,-3,8,-5,8,-8,9,-8,9,-7,8,-7,7,-7,5,-8,6,-7,7,-6,8,-7,7,-6,6,-5,5,-5,4,-5,6,-5,7,-6,6,-9,7,-10,8,-8,8,-7,6,-9,
CSI_2,83,48,5,0,-3,9,-3,10,-2,9,0,8,-2,10,-2,11,-1,10,0,10,1,11,1,13,1,13,2,11,1,11,2,14,1,15,0,14,-1,12,-2,11,-4,9,-2,8,0,8,0,7,1,7,0,6,0,6,0,1,0,0,0,0,0,0,0,0,0,0,0,0,0,0,0,0,0,0,-1,0,-3,4,-2,7,-3,7,-2,4,-1,4,-3,6,-3,9,-4,9,-4,8,-4,11,-5,13,-5,11,-5,11,-6,13,-6,12,-3,9,-3,8,-6,9,-6,12,-7,14,-6,12,-4,11,-1,12,2,12,3,12,1,12,
CSI_2,83,48,5,0,6,7,6,9,5,9,4,7,6,4,9,3,8,2,7,3,7,4,6,6,7,6,7,5,7,6,6,6,7,7,8,7,8,7,5,8,4,8,3,7,4,6,5,5,3,6,1,4,1,3,0,0,0,0,0,0,0,0,0,0,0,0,0,0,0,0,0,0,0,0,1,0,6,0,8,0,9,0,8,0,8,0,7,0,6,1,8,4,10,5,9,3,9,5,11,7,12,5,12,2,11,3,9,4,6,5,5,7,7,8,7,6,7,6,9,8,12,9,11,7,11,6,12,7,
CSI_2,82,32,5,0,-4,25,-3,25,-2,24,-1,23,-1,23,-1,22,0,21,0,21,0,21,1,22,2,21,3,21,3,21,2,22,2,23,1,23,1,22,1,21,1,20,0,20,-1,19,-2,19,-2,19,-3,18,-3,17,-1,4,0,0,0,0,0,0,0,0,0,0,0,0,0,0,0,0,0,0,-1,4,-4,17,-5,18,-6,19,-7,20,-7,19,-8,19,-8,19,-9,18,-9,19,-10,19,-11,20,-11,21,-11,20,-11,19,-10,19,-10,20,-9,20,-7,20,-6,20,-6,20,-6,21,-6,21,-6,21,-6,23,-7,24,-8,25,
CSI_2,117,86,103,0,-8,6,-7,7,-4,7,-2,7,-2,5,-4,3,-3,4,-2,4,-3,4,-4,5,-4,5,-4,5,-4,5,-5,3,-6,1,-7,1,-7,-1,-6,-3,-8,-2,-9,1,-9,4,-8,4,-7,1,-6,-1,-6,0,-2,0,0,0,0,0,0,0,0,0,0,0,0,0,0,0,0,0,0,0,-1,2,-2,10,-4,10,-4,8,-3,8,-5,11,-7,11,-8,11,-6,11,-5,12,-4,12,-4,12,-5,12,-4,11,-1,10,-1,10,-5,10,-8,11,-8,13,-3,13,0,13,-2,12,-2,9,-1,7,-1,8,-1,6,0,4,-3,5,-14,22,-26,23,-27,28,-23,30,-23,22,-17,16,-10,15,-14,12,-16,8,-18,10,-18,18,-11,21,-7,19,-8,9,-12,-2,-12,1,-12,5,-21,0,-26,1,-22,1,-21,-4,-26,-2,-29,-1,-23,-4,-14,-4,-15,-3,-26,-19,-19,-23,-2,-3,-1,-1,-1,-1,-1,-1,-1,-1,0,0,2,9,13,66,5,49,-5,40,-5,42,-9,42,-6,46,-4,49,-17,49,-27,53,-23,52,-19,47,-17,44,-17,38,-16,37,-9,45,-6,49,-9,43,-15,39,-17,45,-10,47,-4,43,-7,47,-7,48,-3,42,-4,36,-1,30,-2,23,-13,17,
CSI_2,28,-64,1,0,-20,-20,-20,-20,-20,-18,-20,-16,-19,-16,-19,-15,-19,-14,-19,-13,-19,-14,-20,-13,-20,-12,-21,-11,-21,-12,-21,-12,-22,-13,-22,-14,-21,-14,-20,-13,-19,-13,-18,-13,-17,-13,-17,-14,-16,-14,-15,-14,-14,-14,-4,-4,0,0,0,0,0,0,0,0,0,0,0,0,0,0,0,0,0,0,-3,-4,-12,-15,-12,-16,-13,-17,-12,-18,-12,-19,-11,-19,-10,-20,-10,-20,-10,-20,-10,-21,-10,-22,-10,-23,-10,-22,-10,-21,-10,-21,-12,-21,-12,-21,-13,-19,-13,-19,-14,-19,-14,-19,-15,-19,-15,-19,-17,-20,-17,-21,-16,-21,
CSI_2,82,32,5,0,-15,20,-15,20,-14,20,-14,19,-13,20,-13,20,-13,19,-12,19,-13,19,-13,19,-12,19,-11,18,-11,18,-11,18,-11,17,-12,17,-12,16,-12,15,-11,14,-11,13,-11,13,-11,12,-11,11,-11,10,-11,10,-3,2,0,0,0,0,0,0,0,0,0,0,0,0,0,0,0,0,0,0,-2,3,-6,14,-7,14,-8,15,-8,15,-9,16,-9,16,-10,17,-11,17,-11,18,-12,18,-13,18,-14,18,-14,18,-14,18,-14,18,-14,18,-14,19,-14,19,-14,19,-14,20,-14,20,-14,21,-15,20,-16,20,-16,22,-15,24,
CSI_2,28,-64,1,0,-28,3,-28,3,-26,4,-24,5,-24,5,-23,5,-22,6,-22,6,-22,6,-22,7,-22,9,-22,9,-22,9,-23,8,-24,8,-24,8,-23,7,-22,7,-21,6,-21,5,-21,5,-21,4,-21,4,-20,3,-19,2,-5,0,0,0,0,0,0,0,0,0,0,0,0,0,0,0,0,0,0,0,-5,0,-19,0,-19,-1,-21,-1,-22,-2,-21,-3,-21,-4,-21,-4,-21,-5,-22,-5,-22,-5,-23,-5,-24,-5,-24,-5,-23,-5,-22,-5,-23,-5,-23,-4,-22,-2,-22,-2,-22,-1,-23,-1,-23,0,-24,0,-25,1,-26,1,-25,1,
CSI_2,82,32,5,0,-3,-26,-4,-25,-3,-25,-4,-25,-4,-24,-4,-24,-5,-24,-5,-24,-5,-24,-5,-23,-5,-23,-5,-22,-5,-22,-5,-22,-5,-22,-4,-21,-3,-21,-3,-20,-3,-19,-2,-19,-2,-18,-1,-18,0,-17,0,-16,0,-16,0,-4,0,0,0,0,0,0,0,0,0,0,0,0,0,0,0,0,0,0,-2,-4,-5,-16,-4,-16,-4,-17,-4,-17,-4,-18,-4,-19,-4,-20,-4,-20,-3,-21,-2,-22,-2,-22,-1,-23,-1,-23,-2,-23,-2,-23,-2,-23,-3,-24,-3,-24,-3,-25,-3,-24,-4,-25,-4,-25,-3,-26,-2,-26,-3,-28,-5,-28,
CSI_2,28,-64,1,0,-6,26,-6,26,-4,25,-3,24,-3,23,-2,23,-1,22,-1,22,-1,22,-1,23,0,22,0,22,0,23,0,23,0,24,-1,25,-1,23,-1,22,-1,21,-1,21,-2,20,-3,20,-5,20,-5,18,-5,18,-2,4,0,0,0,0,0,0,0,0,0,0,0,0,0,0,0,0,0,0,-2,4,-6,17,-6,17,-7,18,-8,18,-9,18,-9,18,-10,18,-10,18,-11,18,-12,19,-13,19,-14,19,-14,19,-13,18,-12,18,-12,20,-11,20,-9,19,-8,20,-8,20,-7,21,-7,21,-7,22,-8,23,-8,24,-9,23,
CSI_2,28,-64,1,0,-18,-20,-19,-20,-18,-18,-18,-16,-18,-16,-17,-15,-17,-14,-18,-14,-18,-14,-18,-15,-19,-13,-20,-12,-20,-13,-20,-13,-20,-15,-20,-15,-19,-14,-18,-13,-17,-13,-17,-13,-16,-13,-15,-14,-14,-15,-13,-14,-13,-14,-4,-4,0,0,0,0,0,0,0,0,0,0,0,0,0,0,0,0,0,0,-3,-4,-11,-15,-11,-16,-11,-17,-11,-18,-10,-18,-10,-19,-9,-19,-9,-19,-9,-20,-9,-21,-9,-22,-9,-23,-8,-22,-8,-22,-9,-21,-10,-21,-10,-20,-11,-19,-12,-18,-12,-18,-13,-19,-14,-18,-14,-19,-14,-20,-15,-22,-14,-24,
CSI_2,28,-64,1,0,-13,23,-12,23,-10,23,-9,22,-9,22,-9,21,-8,20,-7,20,-7,21,-7,22,-5,22,-4,21,-5,22,-5,22,-6,23,-7,23,-7,22,-7,21,-7,20,-8,19,-8,18,-8,18,-9,18,-9,17,-9,16,-3,4,0,0,0,0,0,0,0,0,0,0,0,0,0,0,0,0,0,0,-3,4,-10,16,-10,16,-11,17,-13,17,-13,16,-14,16,-14,15,-15,14,-15,15,-16,16,-17,17,-17,17,-17,16,-16,16,-16,16,-16,17,-15,17,-13,17,-13,17,-13,18,-13,18,-13,19,-13,19,-13,21,-13,22,-13,21,
CSI_2,91,-80,5,0,-11,8,-11,7,-10,4,-7,7,-6,9,-8,9,-12,6,-11,4,-6,4,-8,1,-10,2,-9,6,-8,5,-7,4,-7,5,-7,6,-7,5,-7,2,-6,1,-5,-2,-7,-7,-10,-9,-11,-5,-7,-3,-2,2,0,1,0,0,0,0,0,0,0,0,0,0,0,0,0,0,0,0,0,0,-2,2,-5,7,-5,5,-5,5,-4,8,-3,9,-2,9,-5,7,-8,7,-6,7,-4,7,-6,6,-7,7,-3,8,-2,9,-4,7,-3,3,-4,2,-5,5,-5,8,-6,9,-2,9,0,9,-4,5,-5,3,-8,5,-11,5,
CSI_2,91,-80,5,0,-1,8,3,9,4,11,4,8,5,6,4,7,5,7,6,8,4,8,4,6,4,7,3,8,5,7,5,6,4,6,3,6,3,6,4,6,4,5,3,5,5,4,6,2,3,1,0,2,0,1,0,0,0,0,0,0,0,0,0,0,0,0,0,0,0,0,0,0,0,0,-1,1,-3,5,-4,7,-5,10,-3,11,-4,9,-7,9,-7,8,-4,6,-2,8,-2,11,-4,10,-5,9,-2,9,-2,10,-1,9,2,6,0,6,-1,8,-1,7,0,7,1,12,-2,15,-5,15,-5,14,-4,11,-3,8,
CSI_2,83,48,5,0,1,-8,2,-6,-3,-8,-5,-9,-4,-10,-4,-12,-3,-12,-2,-12,-2,-11,-2,-11,-3,-12,-2,-11,-3,-11,-5,-11,-5,-9,-2,-9,-1,-7,1,-7,2,-7,2,-5,0,-5,-1,-6,-1,-4,0,-2,0,-1,-1,-1,0,0,0,0,0,0,0,0,0,0,0,0,0,0,0,0,0,0,-2,-2,-6,-6,-6,-5,-6,-6,-7,-7,-6,-8,-3,-8,-4,-8,-5,-9,-4,-10,-5,-11,-7,-9,-6,-8,-6,-8,-6,-8,-5,-10,-4,-10,-3,-10,-4,-9,-5,-7,-5,-8,-3,-8,-3,-8,-6,-8,-6,-7,-5,-6,-4,-9,
CSI_2,82,32,5,0,23,10,24,10,23,8,22,7,22,7,21,7,21,6,21,5,21,5,22,5,21,3,22,3,22,3,23,3,24,4,24,4,23,5,21,5,20,5,20,5,19,5,19,6,18,7,17,7,17,7,4,2,0,0,0,0,0,0,0,0,0,0,0,0,0,0,0,0,0,0,3,2,15,9,15,9,16,10,16,11,15,12,15,12,15,13,14,14,15,14,15,15,16,16,16,17,15,16,15,15,15,15,16,14,17,13,17,12,17,11,17,12,18,11,19,11,19,11,21,12,21,12,20,12,
CSI_2,82,32,5,0,-11,6,-10,6,-10,6,-9,6,-9,6,-9,6,-9,6,-9,6,-9,6,-9,6,-8,6,-8,6,-8,5,-8,6,-8,5,-8,5,-8,5,-7,4,-7,4,-7,4,-7,3,-6,3,-6,3,-6,2,-6,2,-2,0,0,0,0,0,0,0,0,0,0,0,0,0,0,0,0,0,0,0,-2,1,-6,5,-6,5,-6,5,-6,5,-7,5,-7,5,-8,5,-8,5,-9,6,-9,5,-9,5,-9,5,-9,5,-9,5,-10,5,-10,6,-10,6,-10,6,-10,6,-10,6,-10,6,-10,6,-11,6,-11,6,-11,7,-11,9,
CSI_2,117,86,103,0,6,-9,7,-10,6,-9,6,-8,5,-9,1,-10,0,-9,3,-10,5,-11,3,-10,3,-8,5,-6,4,-6,4,-6,5,-6,5,-6,6,-7,7,-9,6,-12,4,-11,3,-9,2,-8,1,-9,4,-11,7,-12,2,-4,0,0,0,0,0,0,0,0,0,0,0,0,0,0,0,0,0,0,1,-2,7,-7,7,-5,8,-4,6,-3,6,-4,8,-8,9,-8,9,-6,8,-6,8,-6,7,-7,9,-7,8,-7,5,-7,6,-6,8,-7,8,-8,8,-10,8,-12,8,-11,8,-11,7,-12,7,-8,7,-5,7,-6,10,-10,2,-11,13,-39,13,-35,13,-35,19,-30,25,-23,18,-29,6,-37,5,-36,7,-36,8,-36,4,-36,-2,-34,-1,-30,3,-31,3,-27,2,-25,4,-29,3,-26,-2,-29,-2,-40,-2,-46,-3,-51,1,-51,4,-47,4,-43,8,-41,-3,-39,-1,-27,-1,-3,-1,-1,-1,-1,-1,-1,-1,-1,-1,-1,2,-5,23,-36,19,-41,20,-31,20,-26,24,-18,22,-13,18,-16,21,-25,21,-31,17,-31,19,-30,20,-32,17,-32,22,-27,22,-28,17,-34,19,-34,20,-30,21,-25,22,-30,20,-39,11,-35,-1,-29,1,-34,17,-38,20,-33,10,-28,4,-31,
CSI_2,28,-64,1,0,-4,-27,-5,-27,-6,-26,-6,-24,-6,-24,-6,-23,-7,-22,-8,-22,-8,-22,-9,-22,-10,-21,-10,-21,-10,-21,-10,-22,-10,-23,-9,-23,-9,-23,-8,-21,-8,-21,-7,-21,-6,-20,-5,-20,-5,-20,-4,-19,-4,-19,-1,-5,0,0,0,0,0,0,0,0,0,0,0,0,0,0,0,0,0,0,-1,-5,-1,-19,-1,-20,0,-21,1,-22,2,-21,2,-21,3,-21,4,-21,4,-22,4,-23,4,-24,5,-24,5,-24,4,-23,4,-22,3,-23,2,-23,1,-22,0,-22,0,-23,0,-23,-1,-23,-1,-23,-1,-25,-1,-27,0,-27,
CSI_2,28,-64,1,0,22,-16,22,-16,20,-16,19,-16,18,-16,18,-15,17,-15,16,-16,16,-16,16,-17,15,-17,15,-18,15,-18,16,-18,17,-18,18,-18,17,-17,16,-16,16,-15,16,-15,16,-14,16,-13,17,-12,16,-11,16,-11,4,-3,0,0,0,0,0,0,0,0,0,0,0,0,0,0,0,0,0,0,4,-3,15,-10,16,-10,17,-10,18,-9,18,-8,19,-8,19,-7,19,-6,20,-6,21,-7,22,-7,23,-7,22,-6,21,-6,21,-7,21,-8,21,-8,19,-9,19,-9,20,-10,20,-10,20,-11,20,-11,22,-12,22,-13,21,-12,
CSI_2,28,-64,1,0,-10,23,-9,24,-8,23,-7,22,-6,22,-6,21,-5,20,-4,21,-5,21,-5,21,-3,21,-2,21,-3,21,-3,22,-4,23,-4,23,-4,22,-4,20,-4,20,-4,19,-5,19,-6,18,-7,18,-7,17,-7,16,-2,4,0,0,0,0,0,0,0,0,0,0,0,0,0,0,0,0,0,0,-3,3,-9,15,-9,16,-11,16,-12,17,-12,16,-12,16,-13,16,-13,15,-14,15,-15,16,-16,16,-17,16,-16,16,-15,16,-15,16,-15,17,-14,17,-12,17,-11,17,-11,18,-11,18,-11,19,-11,19,-12,20,-13,22,-15,22,
CSI_2,82,32,5,0,-4,26,-3,25,-3,25,-3,24,-2,24,-2,24,-2,24,-2,23,-2,24,-1,23,-1,23,-1,22,-1,22,-2,22,-2,22,-2,21,-3,20,-3,19,-3,19,-3,18,-4,17,-4,16,-4,16,-5,15,-5,14,-2,3,0,0,0,0,0,0,0,0,0,0,0,0,0,0,0,0,0,0,0,3,1,15,1,16,1,16,0,17,0,18,-1,19,-1,19,-1,20,-2,21,-2,22,-3,22,-3,22,-3,23,-3,22,-3,23,-3,23,-3,23,-3,24,-3,24,-3,24,-3,24,-3,25,-3,25,-4,26,-3,27,-2,29,
CSI_2,28,-64,1,0,-26,-7,-27,-6,-26,-5,-25,-4,-24,-4,-23,-4,-23,-3,-23,-2,-23,-2,-24,-2,-24,-1,-24,0,-24,0,-25,-1,-26,-2,-26,-2,-25,-2,-23,-2,-22,-2,-22,-3,-21,-4,-21,-5,-20,-5,-20,-6,-19,-6,-5,-2,0,0,0,0,0,0,0,0,0,0,0,0,0,0,0,0,0,0,-5,-2,-18,-6,-18,-7,-19,-8,-20,-9,-19,-9,-19,-10,-19,-11,-18,-11,-19,-11,-19,-12,-20,-13,-20,-14,-20,-14,-19,-13,-20,-12,-20,-12,-21,-11,-20,-9,-20,-9,-21,-9,-21,-9,-22,-8,-22,-8,-23,-9,-25,-10,-26,-12,
CSI_2,-8,-123,95,0,6,-1,5,0,6,0,5,0,3,-1,3,-3,5,-4,5,-5,3,-5,3,-5,4,-5,6,-5,6,-6,5,-7,5,-7,5,-6,4,-5,5,-5,7,-4,6,-3,7,-2,9,-3,8,-3,7,-1,8,1,2,0,0,0,0,0,0,0,0,0,0,0,0,0,0,0,0,0,0,0,2,-1,7,-4,5,-4,7,-3,9,-1,11,-1,12,-1,10,0,8,0,8,-1,9,-1,10,-1,10,-4,10,-4,11,0,13,2,12,3,12,1,11,0,6,2,6,2,10,0,11,-2,10,-1,7,1,8,1,10,0,
CSI_2,28,-64,1,0,-24,-15,-24,-14,-23,-12,-22,-11,-22,-11,-21,-10,-21,-9,-21,-8,-22,-9,-22,-8,-23,-7,-23,-6,-23,-7,-24,-8,-24,-9,-24,-9,-23,-9,-22,-8,-21,-8,-20,-8,-20,-9,-19,-10,-19,-10,-18,-10,-17,-10,-5,-3,0,0,0,0,0,0,0,0,0,0,0,0,0,0,0,0,0,0,-4,-3,-15,-11,-15,-12,-15,-14,-16,-15,-15,-15,-14,-15,-14,-16,-14,-16,-14,-17,-14,-17,-15,-19,-15,-19,-15,-19,-14,-18,-14,-17,-16,-18,-16,-17,-16,-15,-17,-14,-17,-15,-18,-15,-18,-14,-19,-14,-21,-15,-21,-15,-20,-15,
CSI_2,82,32,5,0,21,-16,21,-17,19,-17,18,-17,17,-16,17,-16,16,-16,15,-16,15,-17,14,-18,13,-19,12,-19,13,-19,14,-19,16,-19,16,-19,15,-18,15,-17,15,-16,15,-15,15,-15,15,-14,15,-14,14,-13,14,-12,3,-3,0,0,0,0,0,0,0,0,0,0,0,0,0,0,0,0,0,0,3,-3,15,-10,16,-10,17,-10,18,-9,18,-8,19,-8,19,-7,19,-6,20,-6,20,-7,21,-8,22,-8,21,-8,20,-7,20,-7,21,-8,20,-9,19,-9,19,-10,19,-10,19,-10,19,-11,19,-12,20,-14,21,-15,20,-14,
CSI_2,82,32,5,0,-12,23,-12,22,-12,22,-11,21,-10,21,-10,21,-10,21,-10,21,-10,21,-10,20,-9,20,-9,19,-9,19,-9,19,-9,19,-9,18,-9,17,-9,16,-9,16,-9,15,-9,14,-9,13,-9,12,-9,11,-9,11,-3,2,0,0,0,0,0,0,0,0,0,0,0,0,0,0,0,0,0,0,-1,3,-4,15,-5,15,-5,16,-6,16,-7,17,-7,18,-8,18,-8,19,-9,19,-10,19,-11,20,-11,20,-11,20,-11,20,-11,20,-11,20,-11,21,-12,21,-12,22,-11,22,-11,22,-11,23,-12,22,-13,23,-12,24,-11,26,
CSI_2,-8,-123,95,0,14,-5,12,-3,10,-3,13,-2,15,-1,16,-2,16,-5,10,-8,5,-7,7,-4,9,-1,6,1,4,3,5,1,3,-1,1,1,0,3,1,6,2,6,2,2,1,1,-2,2,-4,0,-3,0,0,0,0,-1,0,0,0,0,0,0,0,0,0,0,0,0,0,0,0,0,0,0,2,-2,8,-9,10,-10,13,-10,14,-11,14,-12,13,-11,12,-13,10,-14,11,-10,16,-9,21,-11,22,-11,19,-13,14,-14,14,-10,17,-7,15,-7,15,-8,16,-6,16,-5,15,-7,15,-10,23,-10,26,-7,20,-6,14,-7,
CSI_2,117,86,103,0,-4,-12,-3,-12,1,-10,-1,-11,-3,-13,-5,-11,-7,-8,-7,-7,-3,-7,-1,-3,0,1,-1,0,-4,-4,-4,-4,-1,-1,-1,-2,-2,-2,-2,-2,0,-3,0,-3,0,-2,-1,-1,2,0,3,2,1,4,0,1,0,0,0,0,0,0,0,0,0,0,0,0,0,0,0,0,0,0,-2,-3,-6,-9,-8,-10,-7,-9,-4,-9,-3,-11,-2,-11,-5,-11,-8,-11,-6,-12,-3,-15,-1,-13,-1,-11,-2,-14,-3,-15,-6,-14,-10,-13,-10,-14,-7,-17,-6,-15,-9,-13,-10,-13,-10,-14,-12,-12,-10,-12,-8,-15,-6,-14,-3,-2,-11,-9,-11,-14,-8,-13,-10,-10,-12,-13,-9,-13,-6,-10,-10,-8,-12,-7,-9,-3,-7,0,-6,1,-3,-3,1,-6,0,-6,-1,-4,-1,-4,-5,-3,-4,-2,0,-3,-1,-5,-3,-4,1,-3,5,-1,5,2,4,3,6,0,6,1,0,0,-1,-1,-1,-1,-1,-1,0,0,0,0,-2,-3,-15,-14,-17,-9,-16,-17,-18,-20,-17,-19,-15,-19,-14,-20,-13,-20,-13,-22,-16,-24,-14,-21,-13,-19,-15,-19,-12,-21,-11,-23,-10,-23,-12,-18,-18,-15,-18,-18,-16,-19,-19,-17,-24,-16,-23,-16,-22,-17,-27,-17,-28,-18,-24,-18,-20,-17,
CSI_2,28,-64,1,0,26,5,26,4,25,3,24,2,24,2,23,2,22,1,22,0,22,0,23,-1,22,-2,22,-3,23,-2,23,-2,24,-1,24,-1,23,-1,22,0,21,0,21,1,20,1,19,2,19,2,19,3,18,3,4,0,0,0,0,0,0,0,0,0,0,0,0,0,0,0,0,0,0,0,4,1,18,5,18,5,19,6,20,7,19,8,19,9,19,9,18,10,18,10,19,11,20,11,21,12,20,12,20,11,19,11,20,11,21,9,20,8,20,7,21,7,21,7,21,7,22,7,23,7,25,8,26,9,
CSI_2,28,-64,1,0,-19,-19,-20,-19,-20,-17,-19,-16,-19,-15,-18,-15,-18,-14,-18,-13,-19,-13,-20,-13,-20,-12,-20,-11,-20,-11,-20,-12,-21,-14,-21,-14,-20,-13,-18,-13,-17,-13,-17,-13,-16,-13,-16,-13,-15,-14,-14,-13,-14,-13,-4,-4,0,0,0,0,0,0,0,0,0,0,0,0,0,0,0,0,0,0,-4,-4,-13,-14,-13,-15,-13,-16,-13,-17,-12,-18,-12,-18,-11,-19,-10,-19,-11,-19,-11,-20,-12,-21,-12,-22,-12,-21,-11,-21,-11,-20,-12,-21,-13,-20,-13,-18,-13,-18,-13,-18,-14,-18,-15,-18,-15,-18,-16,-19,-17,-21,-17,-22,
CSI_2,82,32,5,0,-7,-25,-7,-24,-7,-23,-7,-23,-8,-23,-8,-22,-8,-22,-8,-22,-8,-22,-8,-22,-8,-21,-8,-20,-8,-20,-8,-20,-8,-20,-7,-19,-6,-19,-6,-18,-5,-18,-5,-17,-4,-17,-4,-16,-3,-15,-3,-15,-2,-15,-1,-4,0,0,0,0,0,0,0,0,0,0,0,0,0,0,0,0,0,0,-2,-4,-7,-14,-7,-15,-7,-16,-7,-16,-7,-17,-7,-18,-7,-19,-7,-19,-7,-20,-6,-21,-6,-22,-6,-22,-6,-22,-6,-22,-6,-22,-6,-23,-6,-23,-7,-23,-7,-23,-7,-23,-7,-23,-8,-24,-7,-25,-6,-25,-8,-26,-9,-27,
CSI_2,28,-64,1,0,-13,-25,-13,-25,-13,-24,-13,-22,-13,-22,-13,-21,-13,-20,-14,-19,-14,-20,-15,-20,-16,-19,-16,-18,-16,-19,-16,-20,-16,-21,-16,-21,-15,-20,-14,-19,-13,-19,-12,-19,-12,-19,-11,-19,-10,-19,-9,-18,-9,-18,-2,-5,0,0,0,0,0,0,0,0,0,0,0,0,0,0,0,0,0,0,-2,-5,-7,-19,-7,-19,-7,-21,-6,-22,-5,-22,-5,-22,-4,-22,-3,-22,-3,-23,-3,-24,-3,-25,-3,-25,-3,-25,-3,-24,-3,-24,-4,-24,-5,-24,-6,-22,-7,-22,-7,-23,-7,-23,-8,-23,-8,-23,-9,-25,-9,-26,-8,-27,
CSI_2,82,32,5,0,-15,23,-15,23,-15,22,-14,22,-13,22,-13,22,-13,22,-13,21,-13,21,-12,21,-12,21,-11,20,-11,20,-12,20,-12,19,-12,19,-12,18,-12,17,-11,16,-11,15,-11,14,-11,14,-11,13,-11,12,-11,12,-3,2,0,0,0,0,0,0,0,0,0,0,0,0,0,0,0,0,0,0,-2,3,-6,14,-7,15,-7,15,-8,16,-8,16,-9,17,-10,17,-10,18,-11,19,-12,19,-12,19,-13,19,-13,19,-13,20,-13,20,-13,20,-14,21,-14,21,-14,22,-13,22,-13,22,-13,23,-14,23,-15,23,-15,25,-14,26,
CSI_2,82,32,5,0,19,-18,19,-19,17,-19,16,-19,16,-18,15,-18,14,-18,13,-18,14,-18,14,-18,12,-19,12,-19,12,-20,13,-20,14,-20,15,-20,14,-19,13,-18,13,-17,13,-16,13,-15,14,-14,15,-14,14,-13,14,-12,3,-3,0,0,0,0,0,0,0,0,0,0,0,0,0,0,0,0,0,0,3,-3,14,-12,15,-12,16,-13,17,-12,17,-11,18,-11,18,-11,19,-10,19,-10,20,-10,21,-10,22,-10,22,-9,21,-9,20,-10,20,-11,19,-12,18,-12,18,-12,18,-13,18,-14,18,-14,18,-14,20,-14,22,-15,23,-15,
CSI_2,28,-64,1,0,25,-7,25,-8,24,-9,23,-9,22,-8,21,-8,20,-9,19,-9,20,-10,20,-11,19,-12,18,-12,19,-11,20,-11,21,-11,22,-11,21,-10,20,-9,19,-9,19,-8,18,-7,19,-6,19,-6,18,-5,17,-4,4,-1,0,0,0,0,0,0,0,0,0,0,0,0,0,0,0,0,0,0,4,-2,18,-5,18,-5,20,-5,20,-4,20,-3,21,-2,21,-1,21,0,21,0,22,0,24,0,24,0,23,0,22,0,22,0,23,-1,22,-2,21,-3,21,-3,22,-3,22,-3,22,-4,22,-4,24,-5,26,-5,27,-4,
CSI_2,-8,-123,95,0,6,15,5,14,4,13,4,11,4,10,5,13,5,12,5,9,3,9,4,10,5,10,3,10,3,10,2,10,0,11,1,9,3,10,2,12,1,13,0,11,1,8,1,8,1,9,0,9,-1,8,-1,1,0,0,0,0,0,0,0,0,0,0,0,0,0,0,0,0,0,0,-1,4,-1,15,3,14,2,14,0,14,1,14,3,13,4,13,3,14,3,14,3,14,4,16,6,16,5,16,5,16,5,17,6,19,6,18,6,17,6,16,6,15,7,17,7,17,9,15,12,14,11,16,8,17,
CSI_2,28,-64,1,0,-3,26,-2,26,-1,25,-1,24,-1,24,-1,23,0,22,1,21,1,22,2,23,3,22,4,21,3,22,3,23,2,24,2,24,1,23,1,22,0,21,0,20,-1,20,-1,20,-2,19,-2,18,-3,18,-1,4,0,0,0,0,0,0,0,0,0,0,0,0,0,0,0,0,0,0,-1,4,-3,18,-3,18,-4,20,-5,20,-6,20,-7,20,-8,20,-9,19,-9,20,-9,21,-10,22,-10,22,-10,21,-10,20,-9,20,-9,21,-8,21,-6,21,-6,21,-6,21,-6,22,-5,22,-5,22,-5,24,-6,26,-7,26,
CSI_2,28,-64,1,0,13,22,14,21,15,20,14,18,14,18,14,17,14,16,14,15,15,16,15,16,16,14,16,14,16,15,16,15,17,16,17,17,16,16,15,15,14,15,13,15,12,15,12,15,11,15,10,15,10,15,2,3,0,0,0,0,0,0,0,0,0,0,0,0,0,0,0,0,0,0,2,4,8,16,8,17,8,18,8,19,7,19,6,19,6,20,5,20,5,20,5,21,5,23,5,23,5,23,5,22,5,21,6,22,7,21,7,19,8,19,8,20,9,20,10,20,10,20,10,22,11,24,11,25,
CSI_2,28,-64,1,0,10,27,10,27,11,26,11,24,11,24,11,22,12,21,12,21,12,21,13,21,14,20,15,20,15,20,14,21,14,22,14,23,13,22,13,20,12,20,11,20,10,19,9,19,8,19,8,19,7,19,1,4,0,0,0,0,0,0,0,0,0,0,0,0,0,0,0,0,0,0,1,5,5,20,5,20,4,22,3,23,3,23,2,23,1,24,0,23,0,24,0,25,0,26,0,27,0,26,0,25,0,25,1,26,2,25,3,24,4,24,4,24,5,24,6,24,6,24,6,26,7,29,6,30,
CSI_2,28,-64,1,0,11,23,12,23,12,21,12,20,12,19,12,18,12,17,13,17,13,17,14,17,14,16,15,16,15,16,15,17,15,18,15,18,14,17,13,16,13,16,12,16,11,16,10,16,9,16,9,16,8,16,2,4,0,0,0,0,0,0,0,0,0,0,0,0,0,0,0,0,0,0,1,4,6,17,5,18,5,19,4,20,4,20,3,20,3,20,2,20,2,21,2,22,2,23,2,24,1,23,1,22,2,22,3,23,4,22,5,20,5,20,6,21,7,21,7,21,7,21,8,23,8,25,8,25,
CSI_2,82,32,5,0,-3,-27,-3,-25,-3,-25,-4,-25,-4,-25,-4,-25,-4,-24,-5,-24,-4,-25,-4,-25,-5,-24,-5,-23,-5,-22,-5,-23,-4,-22,-3,-22,-3,-21,-2,-20,-2,-19,-1,-19,-1,-18,-1,-17,0,-16,1,-15,1,-15,0,-4,0,0,0,0,0,0,0,0,0,0,0,0,0,0,0,0,0,0,-1,-4,-4,-16,-4,-16,-4,-17,-4,-17,-4,-18,-4,-19,-3,-20,-3,-21,-3,-22,-2,-23,-2,-24,-2,-24,-1,-24,-1,-23,-1,-24,-3,-24,-3,-25,-3,-26,-3,-26,-2,-25,-3,-25,-3,-26,-1,-27,-1,-28,-3,-30,-6,-31,
CSI_2,82,32,5,0,-26,7,-26,7,-24,8,-23,8,-22,9,-21,8,-20,9,-20,9,-20,9,-21,10,-20,11,-19,12,-20,12,-20,11,-22,11,-22,11,-21,10,-20,10,-19,9,-19,9,-19,8,-19,7,-19,6,-18,5,-18,5,-5,1,0,0,0,0,0,0,0,0,0,0,0,0,0,0,0,0,0,0,-5,0,-19,3,-19,3,-21,2,-21,1,-21,1,-21,0,-22,-1,-21,-1,-22,-1,-23,-2,-24,-2,-25,-3,-24,-3,-23,-2,-23,-2,-24,-1,-23,0,-22,1,-22,2,-22,2,-23,3,-23,3,-23,3,-25,4,-27,4,-27,3,
CSI_2,28,-64,1,0,1,26,2,26,3,25,4,23,4,23,4,22,4,21,5,21,5,21,5,21,6,21,7,21,7,21,6,22,6,23,5,23,5,22,5,21,4,20,4,20,3,19,2,19,1,19,0,18,0,18,0,4,0,0,0,0,0,0,0,0,0,0,0,0,0,0,0,0,0,0,0,4,0,18,0,19,-1,20,-2,21,-2,20,-3,20,-4,21,-4,20,-5,21,-5,22,-6,23,-6,23,-6,23,-6,22,-5,21,-5,22,-4,22,-2,21,-2,21,-2,22,-1,22,-1,22,-1,22,-1,24,-1,26,-2,27,
CSI_2,-8,-123,95,0,7,-4,8,-2,7,0,8,-2,9,-4,8,-4,7,-4,8,-3,10,-1,11,-2,10,-4,8,-3,7,0,7,0,9,1,11,1,13,-1,12,-2,11,-1,11,0,8,1,10,1,12,2,11,2,11,1,3,0,0,0,0,0,0,0,0,0,0,0,0,0,0,0,0,0,0,0,2,0,8,1,9,2,10,1,14,1,16,2,11,1,8,-2,9,-3,9,-2,7,-2,7,0,8,2,9,0,9,-1,11,-1,11,0,8,-1,10,-3,12,-3,11,-2,9,-1,9,-2,10,-2,12,-3,11,-4,8,-6,
CSI_2,28,-64,1,0,20,-17,20,-17,19,-17,17,-17,17,-17,16,-16,15,-16,14,-17,14,-17,14,-18,13,-19,12,-19,13,-19,14,-19,15,-19,15,-19,14,-18,14,-17,13,-16,14,-16,14,-15,14,-14,14,-14,14,-13,14,-12,3,-3,0,0,0,0,0,0,0,0,0,0,0,0,0,0,0,0,0,0,3,-3,15,-10,16,-10,17,-10,18,-10,18,-9,19,-8,19,-8,20,-7,20,-7,21,-8,22,-8,23,-8,22,-8,22,-7,21,-8,21,-9,21,-9,19,-10,19,-10,19,-11,19,-11,19,-12,19,-12,20,-13,22,-14,24,-14,
CSI_2,28,-64,1,0,-25,9,-25,10,-24,10,-22,10,-22,10,-21,10,-20,10,-19,11,-20,11,-20,12,-19,13,-18,13,-19,13,-19,13,-21,13,-21,13,-20,12,-19,11,-18,10,-18,10,-18,9,-18,8,-19,7,-18,6,-18,6,-5,1,0,0,0,0,0,0,0,0,0,0,0,0,0,0,0,0,0,0,-5,1,-18,5,-19,5,-20,4,-21,4,-21,3,-21,2,-22,2,-22,1,-22,1,-23,1,-24,1,-25,0,-24,0,-23,0,-23,1,-24,2,-23,3,-22,4,-22,4,-22,4,-22,5,-22,6,-23,6,-24,6,-26,6,-27,6,
CSI_2,-121,112,8,0,-12,6,-12,6,-12,6,-11,6,-11,6,-11,6,-11,6,-11,6,-11,6,-11,6,-11,6,-10,7,-10,7,-10,6,-11,7,-11,7,-11,6,-10,6,-10,6,-10,5,-10,5,-10,5,-10,5,-10,4,-10,4,-3,1,0,0,0,0,0,0,0,0,0,0,0,0,0,0,0,0,0,0,-3,1,-9,4,-9,4,-9,4,-10,4,-10,4,-10,4,-10,4,-11,4,-11,4,-11,4,-12,4,-12,4,-12,4,-11,4,-11,4,-12,4,-11,4,-11,4,-11,4,-11,4,-11,5,-11,5,-11,5,-12,5,-12,5,-12,5,
CSI_2,82,32,5,0,-6,18,-6,17,-6,17,-5,16,-4,17,-4,17,-4,16,-4,16,-4,16,-5,16,-4,15,-4,14,-4,14,-4,15,-4,14,-4,14,-5,13,-5,13,-5,12,-5,11,-5,10,-5,10,-5,10,-5,9,-5,8,-2,2,0,0,0,0,0,0,0,0,0,0,0,0,0,0,0,0,0,0,-1,2,-2,10,-2,10,-2,11,-3,11,-3,12,-3,12,-4,13,-4,13,-5,14,-5,14,-6,15,-6,15,-6,15,-6,15,-5,15,-5,16,-5,16,-5,17,-5,17,-5,16,-5,16,-5,17,-6,18,-7,18,-6,20,-4,21,
CSI_2,28,-64,1,0,-9,25,-8,25,-7,24,-6,23,-5,23,-5,22,-4,21,-3,21,-4,22,-3,22,-2,22,-1,22,-2,22,-2,23,-3,24,-3,24,-3,22,-3,21,-3,20,-4,20,-4,19,-5,19,-6,18,-6,17,-6,17,-2,4,0,0,0,0,0,0,0,0,0,0,0,0,0,0,0,0,0,0,-2,4,-7,17,-8,17,-9,18,-10,19,-10,18,-11,18,-12,18,-12,17,-13,18,-13,18,-14,19,-15,19,-15,19,-14,18,-13,18,-13,19,-12,19,-11,19,-10,19,-10,19,-10,20,-9,21,-10,21,-10,22,-11,24,-12,24,
CSI_2,-108,64,9,0,-6,2,-5,4,-4,7,-8,10,-11,11,-12,11,-13,16,-13,19,-15,18,-13,18,-11,21,-10,22,-9,21,-11,20,-14,23,-17,26,-19,26,-19,23,-18,18,-17,17,-18,18,-17,18,-18,18,-20,17,-21,17,-6,4,0,0,0,0,0,0,0,0,0,0,0,0,0,0,0,0,0,0,-3,-5,-12,-20,-14,-16,-14,-13,-14,-14,-12,-15,-11,-14,-12,-13,-11,-15,-8,-17,-5,-19,-7,-19,-10,-15,-10,-12,-9,-11,-10,-10,-11,-10,-9,-10,-7,-10,-8,-10,-8,-8,-7,-5,-8,-3,-10,-3,-9,-3,-7,-1,-7,2,
CSI_2,82,32,5,0,-22,-14,-22,-13,-22,-13,-21,-12,-21,-12,-21,-12,-21,-11,-21,-11,-21,-11,-21,-10,-20,-10,-20,-10,-20,-10,-20,-10,-19,-10,-19,-10,-18,-10,-17,-10,-16,-10,-16,-10,-15,-10,-14,-9,-13,-9,-12,-10,-12,-10,-3,-3,0,0,0,0,0,0,0,0,0,0,0,0,0,0,0,0,0,0,-4,-2,-16,-6,-17,-6,-17,-7,-17,-8,-18,-8,-19,-9,-19,-9,-20,-10,-20,-11,-20,-12,-20,-13,-20,-13,-20,-13,-20,-14,-20,-13,-21,-13,-21,-13,-22,-14,-21,-14,-21,-13,-22,-13,-22,-13,-22,-14,-23,-15,-24,-14,-26,-13,
CSI_2,28,-64,1,0,24,-9,24,-10,23,-11,21,-11,21,-11,20,-10,19,-11,18,-11,18,-11,19,-12,18,-13,17,-14,18,-14,19,-13,20,-13,20,-13,19,-13,18,-12,17,-11,17,-11,17,-10,17,-9,17,-8,17,-8,17,-7,4,-2,0,0,0,0,0,0,0,0,0,0,0,0,0,0,0,0,0,0,4,-2,17,-5,18,-4,19,-4,20,-3,20,-3,20,-2,20,-1,20,-1,21,0,22,-1,23,0,23,0,23,0,22,0,22,-1,22,-1,22,-2,21,-3,21,-4,21,-4,21,-5,21,-5,21,-5,23,-6,25,-6,27,-5,
CSI_2,82,32,5,0,-9,27,-8,25,-7,24,-6,23,-6,23,-6,23,-5,22,-5,21,-6,21,-6,21,-5,20,-3,19,-3,18,-3,18,-3,17,-3,16,-3,15,-3,14,-3,13,-3,12,-3,11,-3,11,-3,10,-3,9,-3,8,-1,2,0,0,0,0,0,0,0,0,0,0,0,0,0,0,0,0,0,0,0,4,1,16,1,17,1,18,1,19,1,20,1,22,0,23,-1,24,-2,25,-3,26,-3,27,-4,27,-4,27,-5,26,-5,27,-4,27,-4,28,-5,29,-5,29,-6,28,-5,28,-6,29,-8,30,-9,30,-7,32,-5,34,
CSI_2,82,32,5,0,10,-25,9,-25,8,-24,6,-24,6,-23,5,-22,5,-22,4,-22,4,-22,4,-23,2,-22,2,-23,2,-23,2,-23,3,-24,3,-24,3,-23,3,-22,3,-21,4,-21,4,-20,5,-19,6,-19,6,-18,6,-18,1,-5,0,0,0,0,0,0,0,0,0,0,0,0,0,0,0,0,0,0,2,-5,8,-17,9,-17,10,-18,11,-18,11,-17,12,-17,13,-17,13,-16,14,-17,14,-17,15,-18,16,-18,16,-18,15,-17,14,-17,14,-18,13,-19,11,-18,11,-19,11,-19,10,-20,10,-20,10,-21,11,-22,11,-23,11,-22,
CSI_2,28,-64,1,0,-2,-27,-2,-27,-3,-26,-4,-24,-4,-24,-4,-23,-5,-22,-5,-22,-5,-22,-6,-22,-7,-22,-8,-22,-8,-22,-7,-23,-6,-24,-6,-24,-6,-23,-5,-22,-5,-21,-4,-21,-4,-20,-3,-20,-2,-20,-2,-19,-1,-19,-1,-5,0,0,0,0,0,0,0,0,0,0,0,0,0,0,0,0,0,0,0,-5,0,-19,0,-20,1,-21,2,-22,2,-21,3,-21,4,-21,5,-21,5,-21,5,-22,5,-23,6,-24,6,-23,6,-23,5,-22,5,-23,4,-23,2,-22,2,-22,2,-22,1,-23,1,-23,1,-23,1,-25,1,-27,1,-28,
CSI_2,82,32,5,0,21,-19,20,-18,19,-18,19,-18,18,-19,18,-19,18,-18,18,-18,19,-18,19,-18,18,-18,16,-17,16,-16,17,-17,17,-16,17,-15,17,-14,16,-13,16,-12,15,-11,15,-10,14,-9,14,-8,13,-7,13,-6,3,-2,0,0,0,0,0,0,0,0,0,0,0,0,0,0,0,0,0,0,2,-3,9,-10,10,-11,10,-11,10,-12,12,-12,13,-13,14,-13,14,-13,15,-14,16,-14,17,-14,17,-14,17,-14,17,-14,17,-15,17,-16,17,-17,18,-18,18,-18,18,-17,18,-18,19,-18,21,-18,22,-18,22,-21,22,-25,
CSI_2,91,-80,5,0,-1,12,0,11,2,10,4,11,4,11,1,12,0,12,3,15,3,14,1,11,0,11,1,12,2,13,4,13,6,10,6,8,5,9,4,9,-1,10,-2,10,-1,10,-1,8,0,8,2,8,2,7,0,1,0,0,0,0,0,0,0,0,0,0,0,0,0,0,0,0,0,0,0,1,-1,6,-1,5,1,3,2,3,2,5,2,8,3,11,3,10,2,9,0,9,-2,8,-2,7,-2,8,-2,10,0,11,1,12,1,12,0,11,0,12,1,12,2,11,2,12,1,14,-1,13,-2,12,-2,10,
CSI_2,83,48,5,0,-10,6,-11,5,-15,3,-14,2,-13,2,-12,5,-10,7,-12,2,-13,-2,-13,1,-13,3,-12,2,-13,-2,-15,-1,-12,1,-9,0,-10,-1,-11,-2,-10,0,-10,1,-10,-1,-8,-1,-6,-1,-5,-4,-6,-6,-2,-2,0,0,0,0,0,0,0,0,0,0,0,0,0,0,0,0,0,0,-3,0,-8,3,-5,2,-4,1,-7,1,-10,2,-10,2,-9,2,-7,2,-6,3,-8,5,-9,6,-8,3,-8,-1,-9,-1,-9,0,-7,2,-6,4,-10,4,-14,3,-14,1,-13,2,-11,4,-12,4,-14,2,-11,2,-7,3,
CSI_2,28,-64,1,0,9,-25,8,-25,7,-25,6,-23,6,-23,6,-22,5,-22,4,-22,4,-23,4,-23,2,-23,1,-23,2,-23,3,-24,3,-24,4,-24,4,-23,4,-22,4,-21,5,-20,5,-20,6,-19,6,-19,6,-18,7,-17,1,-5,0,0,0,0,0,0,0,0,0,0,0,0,0,0,0,0,0,0,1,-5,7,-18,8,-18,9,-19,10,-19,10,-18,11,-17,12,-17,13,-17,13,-17,14,-18,15,-19,15,-19,15,-18,14,-18,13,-18,13,-19,12,-19,10,-19,10,-19,11,-19,11,-20,10,-21,10,-21,11,-22,12,-24,13,-24,
CSI_2,28,-64,1,0,-6,-26,-7,-26,-8,-25,-8,-23,-8,-23,-8,-22,-8,-21,-9,-21,-9,-21,-10,-21,-11,-20,-11,-20,-11,-20,-11,-21,-11,-22,-11,-22,-10,-21,-9,-20,-9,-20,-8,-19,-7,-19,-6,-19,-6,-19,-5,-19,-5,-18,-2,-5,0,0,0,0,0,0,0,0,0,0,0,0,0,0,0,0,0,0,-1,-5,-3,-19,-2,-19,-2,-21,-1,-22,0,-21,0,-21,1,-21,2,-21,2,-22,2,-23,3,-24,3,-24,3,-24,3,-23,2,-23,1,-24,0,-23,-1,-22,-2,-22,-2,-22,-2,-23,-3,-23,-3,-23,-3,-25,-3,-27,-2,-27,
CSI_2,91,-80,5,0,5,-12,4,-14,5,-15,6,-12,5,-10,5,-10,4,-12,4,-15,4,-15,4,-13,5,-12,8,-10,9,-11,7,-12,4,-10,3,-9,5,-9,7,-10,6,-10,4,-8,5,-6,6,-6,7,-6,8,-7,8,-6,2,-2,0,0,0,0,0,0,0,0,0,0,0,0,0,0,0,0,0,0,-1,-3,-2,-9,-2,-8,-2,-8,-1,-9,0,-9,0,-9,0,-10,0,-11,1,-10,1,-10,0,-8,1,-8,2,-12,2,-14,4,-13,5,-11,3,-12,3,-11,4,-10,5,-11,4,-12,2,-11,1,-12,2,-12,1,-11,-1,-9,
CSI_2,83,48,5,0,-7,9,-7,9,-8,11,-11,10,-13,10,-10,11,-6,11,-5,12,-6,13,-7,14,-7,12,-7,11,-7,12,-4,13,-3,12,-7,11,-9,7,-7,8,-4,12,-3,10,-5,6,-7,5,-7,6,-5,6,-4,5,-1,1,0,0,0,0,0,0,0,0,0,0,0,0,0,0,0,0,0,0,-1,1,-4,7,-4,8,-2,8,-2,6,-2,6,-1,8,-3,7,-5,8,-6,10,-7,10,-10,8,-10,6,-10,5,-7,8,-5,10,-5,8,-5,6,-3,6,-3,8,-5,10,-6,11,-5,11,-5,12,-5,11,-6,11,-7,12,
CSI_2,28,-64,1,0,19,17,20,17,20,15,20,14,19,14,18,13,18,12,18,11,18,11,19,12,19,10,20,10,20,10,20,11,21,12,21,12,20,12,19,11,18,11,17,11,16,11,15,12,14,12,14,12,13,12,3,3,0,0,0,0,0,0,0,0,0,0,0,0,0,0,0,0,0,0,3,3,12,13,13,14,13,15,13,16,12,16,12,17,11,18,10,18,10,18,11,19,11,20,11,21,10,21,10,20,11,19,12,20,12,19,13,17,13,17,14,17,14,17,15,16,15,17,16,18,17,20,17,21,
CSI_2,82,32,5,0,-11,-17,-11,-16,-11,-16,-11,-16,-11,-16,-11,-16,-11,-15,-11,-15,-11,-16,-11,-16,-11,-16,-10,-15,-10,-15,-10,-15,-9,-15,-8,-15,-8,-15,-7,-14,-6,-14,-6,-13,-5,-13,-5,-12,-4,-12,-4,-12,-3,-11,-1,-3,0,0,0,0,0,0,0,0,0,0,0,0,0,0,0,0,0,0,-2,-3,-7,-10,-7,-10,-7,-10,-7,-10,-7,-11,-8,-11,-8,-12,-8,-12,-8,-13,-8,-13,-8,-14,-8,-14,-8,-14,-8,-14,-8,-14,-9,-14,-10,-14,-10,-15,-10,-15,-10,-15,-10,-15,-11,-15,-11,-17,-11,-18,-12,-18,-14,-18,
CSI_2,91,-80,5,0,-1,-9,-3,-9,-6,-11,-6,-14,-5,-13,-7,-11,-6,-13,-4,-15,-4,-13,-6,-10,-5,-11,-3,-10,-4,-7,-9,-7,-10,-6,-7,-8,-8,-10,-9,-8,-7,-8,-5,-8,-6,-7,-6,-7,-7,-8,-5,-8,-3,-7,-1,-2,0,0,0,0,0,0,0,0,0,0,0,0,0,0,0,0,0,0,0,-1,2,-3,3,-2,3,-4,4,-6,5,-6,7,-6,8,-7,8,-7,6,-8,5,-8,6,-7,7,-8,6,-7,4,-6,3,-7,4,-9,3,-7,0,-6,-2,-7,-2,-8,1,-8,5,-9,3,-10,-1,-10,-2,-10,-1,-8,
CSI_2,91,-80,5,0,-18,-2,-15,-1,-14,-1,-14,-1,-14,0,-13,-1,-15,-1,-16,-1,-13,-1,-12,0,-13,-1,-14,-3,-13,-6,-12,-6,-10,-3,-10,-3,-12,-2,-11,-1,-10,-2,-11,-4,-9,-4,-8,-3,-8,-1,-9,0,-11,0,-3,0,0,0,0,0,0,0,0,0,0,0,0,0,0,0,0,0,0,0,-1,-1,-4,-2,-7,-2,-8,-3,-8,-4,-9,-3,-9,-2,-8,-4,-9,-5,-9,-4,-9,-2,-11,-1,-13,-3,-13,-4,-13,-2,-13,-2,-12,-3,-12,-2,-11,-1,-11,-1,-13,-1,-14,-3,-13,-3,-13,-2,-13,-2,-13,1,-15,2,
CSI_2,83,48,5,0,-15,-7,-15,-7,-14,-3,-14,-2,-13,-4,-12,-6,-12,-5,-14,-6,-12,-8,-11,-9,-13,-10,-14,-10,-14,-9,-14,-8,-13,-7,-12,-6,-11,-8,-11,-8,-12,-8,-10,-8,-8,-6,-6,-3,-6,-4,-4,-6,-1,-9,-1,-3,0,0,0,0,0,0,0,0,0,0,0,0,0,0,0,0,0,0,-2,0,-7,3,-6,3,-7,2,-8,-1,-8,-1,-8,1,-7,4,-9,5,-11,3,-12,0,-11,-1,-9,1,-10,1,-10,1,-9,2,-10,3,-12,3,-12,2,-12,2,-11,0,-11,-2,-12,-3,-13,-2,-14,-1,-14,2,-16,7,
CSI_2,82,32,5,0,-29,-5,-28,-5,-28,-4,-28,-4,-28,-4,-28,-5,-28,-4,-28,-4,-29,-5,-29,-6,-28,-5,-27,-4,-27,-4,-27,-5,-27,-5,-26,-6,-24,-6,-24,-7,-23,-7,-21,-7,-20,-7,-20,-8,-19,-8,-18,-8,-17,-8,-4,-2,0,0,0,0,0,0,0,0,0,0,0,0,0,0,0,0,0,0,-4,-1,-14,-3,-14,-3,-14,-3,-15,-3,-16,-3,-17,-3,-18,-4,-18,-5,-19,-4,-20,-4,-21,-4,-21,-5,-21,-6,-21,-6,-22,-6,-22,-4,-24,-4,-25,-4,-25,-4,-25,-5,-25,-4,-27,-4,-28,-6,-29,-7,-31,-5,-34,-3,
CSI_2,82,32,5,0,-9,-25,-9,-25,-10,-24,-10,-23,-10,-22,-10,-21,-10,-20,-11,-20,-11,-20,-11,-21,-13,-20,-13,-19,-13,-20,-13,-20,-13,-22,-12,-22,-12,-21,-11,-20,-10,-19,-9,-19,-9,-19,-8,-19,-7,-19,-6,-18,-6,-18,-2,-5,0,0,0,0,0,0,0,0,0,0,0,0,0,0,0,0,0,0,-2,-5,-6,-18,-5,-19,-5,-21,-4,-21,-3,-21,-3,-21,-2,-22,-1,-22,-1,-22,-1,-23,-1,-24,0,-25,0,-24,0,-23,-1,-23,-2,-24,-3,-23,-4,-22,-4,-22,-4,-22,-5,-23,-5,-23,-5,-23,-6,-25,-6,-26,-5,-27,
CSI_2,28,-64,1,0,26,-3,26,-3,25,-4,24,-5,23,-5,22,-4,21,-5,21,-6,21,-6,22,-6,21,-8,20,-8,21,-8,22,-8,23,-7,23,-7,22,-6,21,-6,20,-5,20,-5,19,-4,19,-3,19,-2,18,-2,18,-1,4,-1,0,0,0,0,0,0,0,0,0,0,0,0,0,0,0,0,0,0,4,-1,18,-1,19,-1,20,0,21,1,20,1,20,2,20,3,20,4,21,4,21,4,23,5,23,6,22,6,22,5,21,4,22,4,22,3,21,2,21,1,22,1,22,1,22,0,23,0,24,0,26,1,26,2,
CSI_2,82,32,5,0,-1,13,-1,12,-1,12,0,12,0,12,0,12,0,12,0,12,0,12,-1,12,0,11,0,11,0,11,-1,11,-1,11,-1,11,-1,10,-2,10,-2,9,-2,9,-2,8,-2,8,-3,7,-3,7,-3,7,-1,1,0,0,0,0,0,0,0,0,0,0,0,0,0,0,0,0,0,0,0,1,0,5,0,6,0,6,0,6,0,6,0,7,0,7,-1,8,-1,8,-1,8,-1,9,-1,9,-1,9,-1,9,-1,9,-1,10,-1,10,0,10,0,11,0,11,0,11,0,12,-1,12,-1,13,0,13,2,14,
CSI_2,28,-64,1,0,13,22,14,22,14,20,14,19,14,19,13,18,13,17,14,16,14,17,15,17,15,15,16,15,16,15,16,16,16,17,16,18,15,17,14,16,13,16,12,16,11,16,10,16,9,16,9,16,8,16,2,4,0,0,0,0,0,0,0,0,0,0,0,0,0,0,0,0,0,0,2,3,9,16,9,16,9,18,8,19,8,19,7,19,6,20,6,20,5,20,6,21,6,22,5,23,5,23,5,22,5,21,6,22,7,21,8,19,8,19,8,20,9,20,10,20,10,20,10,22,11,24,11,25,
CSI_2,-8,-123,95,0,7,-8,4,-9,4,-9,5,-6,5,-4,8,-6,7,-8,4,-6,5,-6,6,-7,5,-6,4,-3,3,-3,3,-6,5,-8,5,-6,4,-5,5,-4,8,-5,9,-6,10,-3,9,-2,9,-3,10,-2,8,1,1,0,0,0,0,0,0,0,0,0,0,0,0,0,0,0,0,0,0,0,2,1,7,6,10,5,14,4,13,3,11,4,11,4,13,3,16,3,18,3,16,2,16,3,16,1,16,-1,16,-1,14,-4,14,-7,14,-7,14,-8,17,-5,16,-2,13,-4,12,-6,11,-9,12,-10,12,-8,12,-7,
CSI_2,28,-64,1,0,19,-17,19,-18,18,-18,16,-18,16,-18,15,-17,14,-17,13,-17,14,-17,14,-18,13,-19,12,-19,12,-19,13,-19,14,-20,14,-20,14,-19,13,-18,13,-17,13,-16,13,-15,13,-14,14,-14,14,-13,14,-12,3,-3,0,0,0,0,0,0,0,0,0,0,0,0,0,0,0,0,0,0,3,-3,15,-11,15,-11,17,-12,18,-11,18,-10,18,-10,19,-10,19,-9,19,-9,20,-9,22,-9,22,-8,22,-8,21,-8,20,-9,21,-10,20,-10,18,-11,18,-12,19,-12,18,-13,18,-13,18,-13,20,-14,22,-15,23,-14,
CSI_2,28,-64,1,0,17,19,18,19,18,17,17,16,17,16,16,15,16,14,17,13,17,14,17,14,18,12,18,12,18,12,19,13,19,14,19,15,18,14,17,13,16,13,15,13,14,13,13,14,13,14,12,14,11,14,2,3,0,0,0,0,0,0,0,0,0,0,0,0,0,0,0,0,0,0,2,3,11,14,11,15,11,16,11,17,10,17,10,18,9,18,8,19,8,19,8,20,8,22,8,22,8,22,8,21,8,20,9,20,10,19,11,18,11,18,11,18,12,18,13,18,13,19,13,20,14,22,13,23,
CSI_2,82,32,5,0,4,27,4,26,4,26,4,26,5,26,4,26,4,25,4,25,3,26,3,26,3,25,3,24,3,23,2,23,1,23,0,22,0,21,-1,20,-1,19,-2,18,-2,17,-2,16,-3,16,-3,14,-4,13,-1,3,0,0,0,0,0,0,0,0,0,0,0,0,0,0,0,0,0,0,0,2,2,11,3,11,3,12,3,12,3,13,4,14,4,15,3,16,4,17,4,18,4,19,4,19,4,19,3,19,4,20,5,20,6,21,6,22,6,23,5,23,6,23,6,25,5,26,4,28,7,29,9,30,
CSI_2,91,-80,5,0,-1,-13,-2,-12,-5,-11,-4,-13,-2,-15,-4,-14,-6,-13,-5,-15,-1,-14,0,-12,-1,-11,0,-10,-1,-12,-2,-14,-1,-12,0,-11,-1,-12,-2,-13,-1,-11,0,-11,-1,-12,-2,-12,-2,-9,-2,-7,-1,-7,0,-2,0,0,0,0,0,0,0,0,0,0,0,0,0,0,0,0,0,0,0,-2,1,-5,0,-5,1,-5,-1,-5,-2,-6,-1,-6,0,-6,-1,-7,-2,-8,-2,-9,-5,-9,-7,-9,-4,-10,-2,-8,-2,-7,-2,-9,-4,-10,-4,-11,-5,-10,-7,-8,-6,-8,-4,-10,-2,-11,-1,-13,-3,-13,-5,-11,
CSI_2,83,48,5,0,15,-11,13,-9,11,-6,11,-6,10,-9,11,-9,12,-8,12,-8,13,-9,13,-7,13,-1,14,-1,12,-3,11,-2,12,-2,13,-3,17,-2,17,-3,13,-2,8,2,8,3,9,3,8,2,5,4,3,5,0,1,0,0,0,0,0,0,0,0,0,0,0,0,0,0,0,0,0,0,-1,-2,-2,-6,-3,-4,-1,-4,1,-6,1,-8,3,-8,4,-7,0,-8,-1,-8,1,-8,1,-8,1,-8,0,-7,1,-7,4,-6,6,-7,7,-10,6,-12,7,-10,9,-8,9,-11,7,-10,8,-7,11,-6,11,-8,6,-6,
CSI_2,28,-64,1,0,-15,22,-15,22,-13,22,-12,21,-12,20,-11,20,-10,19,-10,20,-10,20,-10,20,-8,21,-7,21,-8,21,-9,21,-10,22,-10,22,-10,20,-10,19,-10,18,-10,18,-10,17,-11,17,-11,16,-11,15,-11,14,-3,3,0,0,0,0,0,0,0,0,0,0,0,0,0,0,0,0,0,0,-3,3,-11,15,-12,15,-13,16,-14,16,-15,15,-15,15,-16,14,-16,14,-17,14,-18,15,-19,15,-19,15,-19,15,-18,14,-18,14,-18,15,-17,16,-15,15,-15,16,-15,16,-15,17,-15,18,-15,18,-16,19,-17,20,-18,20,
CSI_2,82,32,5,0,-20,17,-20,18,-18,18,-17,17,-17,17,-16,16,-15,16,-14,17,-14,17,-14,17,-13,18,-12,19,-13,19,-13,19,-14,19,-15,19,-14,18,-14,17,-13,16,-14,15,-14,15,-14,14,-14,13,-14,13,-14,12,-4,3,0,0,0,0,0,0,0,0,0,0,0,0,0,0,0,0,0,0,-4,2,-16,10,-16,10,-18,10,-19,10,-19,9,-20,9,-20,8,-20,7,-21,7,-21,8,-22,8,-23,8,-23,8,-22,8,-22,8,-22,9,-21,10,-19,10,-19,11,-19,11,-20,12,-19,12,-19,12,-20,14,-22,15,-23,14,
CSI_2,82,32,5,0,-14,24,-13,23,-12,23,-12,23,-11,23,-12,23,-11,22,-11,23,-12,23,-12,23,-11,23,-10,21,-11,21,-11,21,-11,21,-12,20,-12,19,-12,17,-12,16,-12,15,-12,14,-11,13,-11,12,-11,11,-11,10,-3,2,0,0,0,0,0,0,0,0,0,0,0,0,0,0,0,0,0,0,-2,3,-5,13,-6,13,-6,14,-7,14,-7,15,-8,16,-9,16,-10,17,-10,18,-11,18,-11,19,-11,19,-11,19,-12,18,-12,19,-11,20,-11,21,-12,22,-12,22,-12,21,-11,21,-12,23,-14,23,-15,23,-14,26,-13,29,
CSI_2,28,-64,1,0,0,-27,-1,-27,-2,-26,-2,-25,-2,-24,-2,-23,-2,-22,-3,-22,-4,-23,-4,-23,-6,-22,-6,-22,-6,-22,-6,-23,-5,-24,-5,-24,-4,-23,-4,-22,-3,-21,-3,-21,-2,-21,-1,-21,-1,-20,0,-19,0,-19,0,-5,0,0,0,0,0,0,0,0,0,0,0,0,0,0,0,0,0,0,0,-5,2,-19,2,-19,3,-20,4,-21,4,-21,5,-20,6,-20,7,-20,7,-21,8,-21,8,-22,9,-23,9,-22,8,-22,7,-21,7,-22,6,-22,4,-21,4,-22,4,-22,4,-22,3,-23,3,-23,3,-25,3,-26,5,-27,
CSI_2,28,-64,1,0,26,-4,26,-5,24,-6,23,-6,23,-6,22,-6,21,-6,20,-7,21,-7,21,-8,20,-9,20,-9,21,-9,21,-9,23,-8,23,-8,22,-7,21,-7,20,-6,20,-5,19,-5,19,-4,19,-3,18,-3,18,-2,4,-1,0,0,0,0,0,0,0,0,0,0,0,0,0,0,0,0,0,0,4,-1,18,-3,19,-3,20,-2,21,-2,20,-1,21,0,21,1,21,2,21,2,22,2,23,2,24,3,23,3,22,3,22,2,23,2,22,1,21,0,21,-1,22,-1,22,-1,22,-2,22,-2,24,-2,26,-2,26,-1,
CSI_2,82,32,5,0,-27,4,-26,4,-25,4,-25,4,-25,5,-25,5,-24,5,-25,5,-26,4,-26,4,-25,4,-24,4,-23,4,-24,4,-24,3,-23,2,-22,2,-21,1,-20,1,-19,0,-19,0,-18,-1,-17,-1,-16,-2,-16,-3,-4,-1,0,0,0,0,0,0,0,0,0,0,0,0,0,0,0,0,0,0,-4,0,-13,2,-14,2,-14,2,-14,2,-15,3,-16,3,-17,3,-18,2,-19,2,-20,2,-20,2,-21,2,-21,2,-20,2,-21,2,-21,3,-22,4,-23,4,-23,4,-23,4,-23,5,-24,5,-26,3,-27,3,-29,5,-30,8,
CSI_2,91,-80,5,0,-13,-7,-12,-7,-11,-6,-12,-7,-11,-7,-12,-6,-15,-7,-15,-9,-11,-8,-9,-5,-10,-3,-11,-3,-13,-4,-14,-3,-14,-3,-14,-4,-13,-4,-13,-2,-15,0,-13,-1,-10,-1,-10,-1,-9,-2,-6,-1,-7,1,-3,0,0,0,0,0,0,0,0,0,0,0,0,0,0,0,0,0,0,0,-2,0,-6,-2,-5,-5,-3,-6,-1,-5,-3,-6,-8,-6,-9,-5,-6,-6,-5,-6,-4,-6,-5,-6,-6,-8,-6,-8,-5,-8,-6,-9,-7,-10,-9,-10,-11,-9,-10,-10,-9,-11,-10,-10,-11,-10,-11,-10,-10,-9,-9,-7,-8,-7,
CSI_2,83,48,5,0,-21,-4,-20,-1,-16,0,-17,-2,-18,0,-18,2,-17,1,-15,3,-13,5,-13,2,-13,0,-10,4,-9,8,-11,7,-12,5,-12,6,-12,8,-11,7,-10,6,-8,6,-8,5,-7,6,-6,6,-7,7,-7,7,-2,1,0,0,0,0,0,0,0,0,0,0,0,0,0,0,0,0,0,0,0,-1,1,-2,-3,-4,-2,-6,2,-6,3,-7,3,-10,4,-8,0,-7,-6,-8,-3,-9,5,-10,2,-7,-5,-7,-4,-10,-3,-11,-6,-11,-7,-12,-6,-14,-4,-15,-4,-13,-6,-8,-9,-4,-12,-4,-12,-8,-13,-12,-17,-12,
CSI_2,28,-64,1,0,-14,-23,-14,-23,-15,-21,-15,-20,-14,-20,-14,-19,-14,-18,-15,-17,-15,-17,-16,-17,-17,-16,-17,-16,-17,-16,-17,-17,-17,-18,-17,-18,-16,-18,-15,-17,-14,-17,-13,-17,-13,-17,-12,-17,-11,-17,-10,-16,-10,-16,-3,-4,0,0,0,0,0,0,0,0,0,0,0,0,0,0,0,0,0,0,-3,-5,-9,-17,-8,-18,-8,-19,-8,-20,-7,-20,-7,-20,-6,-21,-5,-21,-5,-21,-5,-22,-5,-24,-5,-24,-5,-24,-5,-23,-5,-22,-6,-23,-7,-22,-8,-21,-8,-20,-8,-21,-9,-21,-10,-21,-10,-21,-11,-23,-11,-24,-11,-25,
CSI_2,28,-64,1,0,19,-18,19,-18,17,-18,16,-18,16,-17,15,-17,14,-17,13,-17,14,-18,13,-19,12,-19,11,-19,12,-19,13,-19,14,-20,14,-20,14,-19,13,-17,13,-17,13,-16,13,-15,13,-14,14,-14,13,-13,13,-12,3,-3,0,0,0,0,0,0,0,0,0,0,0,0,0,0,0,0,0,0,3,-3,14,-12,15,-12,16,-12,17,-12,18,-11,18,-10,19,-9,19,-9,19,-9,20,-9,21,-10,22,-10,21,-9,21,-9,20,-9,20,-10,20,-11,18,-11,18,-12,18,-12,18,-12,18,-13,18,-13,20,-15,21,-16,22,-15,
CSI_2,83,48,5,0,7,-7,7,-8,7,-9,8,-9,11,-9,11,-10,10,-13,9,-12,9,-10,10,-9,11,-9,8,-8,7,-9,7,-7,8,-6,10,-9,9,-11,7,-9,7,-5,7,-3,6,-4,6,-5,7,-5,8,-5,8,-5,1,-2,0,0,0,0,0,0,0,0,0,0,0,0,0,0,0,0,0,0,-1,-1,-2,-3,-2,-4,-2,-4,-1,-5,-1,-6,0,-7,0,-7,1,-6,3,-7,4,-7,3,-7,4,-10,4,-11,3,-9,5,-9,5,-9,4,-9,4,-8,4,-9,5,-10,8,-11,8,-12,6,-13,6,-11,5,-8,2,-8,
CSI_2,82,32,5,0,-25,3,-24,3,-24,4,-24,4,-24,4,-24,4,-23,4,-23,4,-24,3,-24,3,-23,3,-22,4,-22,4,-23,3,-22,3,-21,2,-21,1,-20,1,-19,0,-19,0,-18,-1,-17,-1,-17,-1,-16,-2,-16,-2,-4,-1,0,0,0,0,0,0,0,0,0,0,0,0,0,0,0,0,0,0,-4,1,-16,4,-16,3,-17,3,-17,3,-18,3,-19,3,-20,3,-21,2,-21,2,-21,2,-22,2,-22,2,-21,1,-21,1,-22,1,-22,2,-22,3,-23,3,-23,4,-23,3,-23,3,-24,4,-25,3,-26,2,-28,5,-29,7,
CSI_2,82,32,5,0,-18,4,-18,3,-17,3,-17,4,-17,4,-17,4,-17,3,-17,4,-18,3,-18,3,-17,4,-16,3,-16,3,-17,3,-17,3,-17,2,-16,1,-16,1,-15,0,-14,0,-14,-1,-13,-1,-13,-1,-12,-2,-12,-2,-3,-1,0,0,0,0,0,0,0,0,0,0,0,0,0,0,0,0,0,0,-2,0,-8,0,-8,0,-9,0,-9,0,-9,0,-10,0,-10,0,-11,0,-11,1,-11,1,-12,1,-12,1,-12,1,-12,1,-12,1,-13,2,-13,2,-14,3,-14,3,-14,3,-14,3,-15,4,-16,3,-17,3,-18,5,-18,7,
CSI_2,28,-64,1,0,13,-23,13,-24,11,-23,10,-22,10,-22,9,-21,8,-21,7,-21,8,-21,7,-22,6,-22,5,-22,6,-23,7,-23,8,-23,8,-23,8,-22,7,-21,7,-20,8,-20,8,-19,9,-18,9,-17,9,-17,9,-16,2,-4,0,0,0,0,0,0,0,0,0,0,0,0,0,0,0,0,0,0,2,-4,10,-16,10,-16,12,-17,13,-17,13,-16,14,-16,14,-16,15,-15,15,-15,16,-16,17,-16,18,-16,18,-16,17,-16,16,-16,16,-16,16,-17,14,-17,13,-17,13,-18,13,-18,13,-19,13,-19,14,-20,16,-22,16,-21,
CSI_2,82,32,5,0,25,-5,24,-5,24,-5,24,-6,24,-6,24,-6,23,-6,24,-6,24,-5,24,-5,24,-5,22,-5,22,-5,23,-4,23,-4,22,-3,21,-2,20,-2,20,-1,19,-1,18,0,17,0,17,1,16,1,15,2,3,0,0,0,0,0,0,0,0,0,0,0,0,0,0,0,0,0,0,0,3,-2,12,-5,12,-5,12,-5,13,-5,14,-5,15,-5,16,-5,17,-5,17,-5,18,-5,19,-5,19,-4,19,-4,19,-3,20,-4,20,-5,21,-5,22,-6,22,-6,22,-5,22,-6,23,-6,24,-5,26,-4,27,-6,28,-9,
CSI_2,82,32,5,0,-6,25,-6,26,-4,25,-3,24,-3,23,-2,22,-2,22,-1,21,-2,22,-2,22,0,22,1,22,0,23,0,23,-1,24,-1,24,-1,23,-1,22,-1,21,-2,20,-2,20,-3,19,-4,19,-5,18,-5,18,-2,4,0,0,0,0,0,0,0,0,0,0,0,0,0,0,0,0,0,0,-2,4,-6,17,-6,18,-7,19,-8,19,-9,19,-9,19,-10,19,-10,18,-11,19,-11,19,-13,20,-13,20,-13,20,-13,19,-12,19,-12,20,-10,20,-9,19,-8,20,-8,20,-7,21,-7,21,-7,21,-8,23,-9,25,-11,25,
CSI_2,-122,97,24,0,-27,-4,-27,-4,-26,-3,-25,-2,-24,-2,-23,-2,-23,-1,-22,0,-23,0,-23,1,-23,2,-23,3,-23,3,-24,2,-25,1,-25,1,-24,1,-23,0,-22,0,-21,-1,-21,-1,-20,-2,-20,-2,-19,-3,-19,-3,-5,-1,0,0,0,0,0,0,0,0,0,0,0,0,0,0,0,0,0,0,-5,-2,-19,-5,-19,-5,-20,-6,-21,-7,-20,-8,-20,-9,-20,-9,-19,-10,-20,-10,-21,-11,-22,-11,-22,-12,-22,-12,-21,-11,-21,-11,-22,-11,-22,-10,-21,-8,-21,-7,-22,-7,-22,-7,-22,-6,-23,-6,-24,-6,-26,-7,-27,-8,
CSI_2,83,48,5,0,-6,-13,-7,-15,-8,-13,-6,-13,-5,-14,-7,-14,-8,-11,-7,-10,-4,-10,-4,-13,-4,-14,-4,-14,-6,-13,-10,-12,-8,-9,-5,-8,-4,-11,-6,-12,-6,-11,-5,-9,-5,-6,-3,-8,-1,-10,0,-11,2,-11,1,-3,0,0,0,0,0,0,0,0,0,0,0,0,0,0,0,0,0,0,-1,-1,-2,-5,-4,-7,-6,-7,-4,-7,-3,-8,-3,-8,-3,-8,-2,-10,-2,-12,-3,-10,-4,-8,-3,-7,-1,-7,-1,-9,-2,-10,-4,-7,-6,-5,-6,-8,-5,-12,-3,-12,-2,-10,-2,-9,-4,-11,-4,-14,-3,-15,-3,-15,
CSI_2,82,32,5,0,0,26,0,26,2,25,2,24,2,23,2,22,3,21,3,21,3,21,4,22,5,21,6,21,5,22,5,22,4,23,4,23,4,22,3,21,3,20,2,20,1,20,1,19,0,19,-1,18,-1,18,-1,4,0,0,0,0,0,0,0,0,0,0,0,0,0,0,0,0,0,0,0,4,0,18,-1,19,-2,20,-3,21,-3,20,-4,20,-5,20,-6,20,-6,21,-6,21,-7,22,-7,23,-7,22,-7,22,-6,21,-6,22,-5,22,-4,21,-3,21,-3,21,-3,22,-2,22,-2,22,-2,24,-3,26,-4,27,
CSI_2,91,-80,5,0,12,5,12,4,10,5,9,5,11,4,12,4,12,2,12,0,12,0,12,1,12,3,12,5,11,4,9,3,9,2,10,3,11,4,12,4,12,4,9,5,8,5,10,4,10,2,10,3,9,4,2,1,0,0,0,0,0,0,0,0,0,0,0,0,0,0,0,0,0,0,1,0,6,2,7,2,5,2,4,2,6,1,8,1,9,1,8,0,9,-2,10,-1,10,2,9,3,9,3,10,4,9,4,9,3,11,3,11,4,10,4,11,4,12,5,10,6,11,6,13,6,14,5,16,3,
CSI_2,83,48,5,0,-1,-14,-4,-14,-5,-14,-2,-14,-2,-15,-3,-13,-3,-9,-3,-9,-3,-12,-1,-14,-1,-13,-1,-12,0,-13,0,-12,0,-11,1,-12,-1,-14,-1,-13,2,-11,3,-11,1,-11,1,-8,3,-5,2,-6,1,-9,0,-3,0,0,0,0,0,0,0,0,0,0,0,0,0,0,0,0,0,0,-2,-1,-5,-3,-6,-4,-6,-5,-7,-6,-6,-6,-6,-7,-6,-8,-7,-5,-6,-3,-5,-6,-7,-9,-8,-9,-8,-9,-7,-10,-8,-11,-10,-10,-9,-11,-5,-11,-3,-10,-4,-9,-4,-11,-5,-15,-8,-16,-6,-13,-4,-9,-6,-8,
CSI_2,28,-64,1,0,20,16,20,16,20,14,20,13,19,13,19,12,18,11,19,10,19,11,19,10,20,9,20,8,20,9,21,10,21,11,21,11,20,11,19,10,18,10,17,10,16,11,16,11,15,12,14,11,13,12,3,3,0,0,0,0,0,0,0,0,0,0,0,0,0,0,0,0,0,0,3,3,13,12,13,13,14,14,14,15,13,16,12,16,12,17,11,17,11,18,12,18,12,20,12,20,12,20,12,19,12,18,13,19,13,18,14,16,14,16,14,16,15,16,16,16,16,16,17,17,18,19,18,20,
CSI_2,-117,-80,8,0,-11,17,-11,19,-9,21,-6,18,-7,18,-8,22,-6,22,-7,20,-8,17,-4,20,-2,26,-4,26,-6,23,-8,21,-6,19,-1,16,0,15,-2,15,-4,13,-7,12,-8,12,-8,14,-9,15,-10,13,-9,13,-3,3,0,0,0,0,0,0,0,0,0,0,0,0,0,0,0,0,0,0,-3,6,-9,24,-11,23,-13,22,-13,21,-16,18,-16,20,-14,23,-15,19,-17,16,-19,18,-20,20,-18,20,-15,16,-16,13,-16,12,-13,14,-13,16,-17,15,-18,12,-14,13,-10,15,-10,18,-10,21,-7,21,-7,21,-10,21,
CSI_2,82,32,5,0,-7,-29,-7,-28,-7,-28,-8,-27,-8,-28,-8,-28,-8,-27,-8,-27,-8,-28,-8,-28,-8,-27,-8,-26,-7,-25,-7,-26,-6,-26,-5,-25,-4,-24,-4,-24,-3,-23,-2,-22,-2,-21,-1,-20,-1,-19,0,-18,1,-18,0,-5,0,0,0,0,0,0,0,0,0,0,0,0,0,0,0,0,0,0,-2,-4,-5,-13,-5,-14,-6,-14,-6,-15,-6,-16,-6,-17,-6,-18,-6,-19,-6,-20,-6,-21,-6,-22,-6,-22,-6,-22,-5,-22,-6,-23,-7,-23,-8,-24,-8,-25,-8,-26,-7,-25,-8,-25,-8,-27,-7,-28,-6,-30,-9,-32,-12,-33,
CSI_2,82,32,5,0,-26,-12,-25,-11,-25,-11,-25,-11,-25,-10,-25,-10,-24,-10,-25,-10,-25,-11,-25,-12,-24,-11,-23,-10,-23,-9,-23,-10,-23,-10,-22,-11,-20,-11,-20,-11,-19,-11,-17,-11,-16,-11,-16,-11,-15,-11,-13,-11,-13,-11,-3,-3,0,0,0,0,0,0,0,0,0,0,0,0,0,0,0,0,0,0,-4,-2,-13,-5,-13,-5,-14,-5,-14,-6,-15,-6,-16,-6,-17,-7,-18,-8,-18,-8,-19,-9,-20,-9,-20,-10,-19,-10,-19,-10,-20,-10,-21,-9,-22,-9,-24,-9,-24,-10,-23,-10,-23,-9,-25,-10,-26,-12,-26,-13,-29,-12,-31,-10,
CSI_2,91,-80,5,0,-1,-7,1,-7,2,-8,0,-7,0,-7,1,-9,0,-10,1,-9,2,-8,2,-7,1,-7,2,-7,2,-6,3,-5,2,-6,2,-4,5,-3,6,-3,6,-4,6,-4,3,-5,1,-5,3,-5,5,-4,4,-2,1,-1,0,0,0,0,0,0,0,0,0,0,0,0,0,0,0,0,0,0,-1,-2,-2,-6,0,-6,-1,-6,-2,-7,-1,-7,0,-8,1,-9,2,-9,1,-11,1,-11,2,-8,3,-7,4,-6,4,-8,4,-10,5,-11,4,-9,4,-7,4,-8,4,-9,2,-8,1,-9,3,-12,4,-12,4,-11,3,-9,
CSI_2,-8,-123,95,0,8,15,8,13,6,11,4,8,4,5,6,6,7,6,9,8,8,13,7,14,7,12,8,10,7,9,5,7,3,6,2,8,3,10,3,9,2,10,2,10,2,7,0,8,0,11,0,11,0,8,0,1,0,0,0,0,0,0,0,0,0,0,0,0,0,0,0,0,0,0,2,2,9,7,6,4,6,3,7,4,7,6,9,8,8,9,7,10,7,9,6,9,7,11,8,11,10,10,12,12,10,12,5,8,3,6,7,6,9,6,8,9,7,10,7,10,11,11,13,10,11,11,14,11,
CSI_2,28,-64,1,0,-6,25,-6,25,-4,25,-3,24,-3,23,-3,22,-2,21,-1,21,-2,22,-1,22,0,22,1,22,1,22,0,23,-1,24,-1,24,-1,23,-1,21,-1,20,-2,20,-2,19,-3,19,-4,19,-5,18,-5,17,-2,4,0,0,0,0,0,0,0,0,0,0,0,0,0,0,0,0,0,0,-2,4,-6,17,-6,18,-7,19,-8,19,-9,19,-9,19,-10,18,-11,18,-11,18,-12,19,-13,20,-13,20,-13,20,-13,19,-12,19,-12,20,-11,20,-9,19,-8,20,-8,20,-8,21,-8,21,-8,21,-9,23,-9,25,-10,25,
CSI_2,58,-96,3,0,-5,17,-1,16,0,17,-1,15,0,15,-1,14,-2,11,0,12,2,13,2,13,0,14,-2,12,-4,9,-3,10,-2,11,0,9,-2,8,-3,9,-3,7,-1,6,1,8,1,8,-2,6,-3,5,-2,3,-1,0,0,0,0,0,0,0,0,0,0,0,0,0,0,0,0,0,0,0,-1,2,-2,7,-3,6,-1,6,-1,7,-4,6,-6,3,-6,2,-3,7,-2,8,-3,5,-4,8,-2,12,0,13,2,13,0,13,-4,12,-7,10,-6,10,-7,12,-10,15,-10,18,-6,20,-4,19,-6,17,-6,16,-6,15,
CSI_2,69,80,4,0,21,3,22,5,24,6,22,3,18,1,17,3,15,5,15,4,14,1,12,2,12,3,13,0,14,1,14,1,16,-1,16,0,14,4,12,3,11,2,10,3,11,3,12,4,12,4,10,6,10,8,2,2,0,0,0,0,0,0,0,0,0,0,0,0,0,0,0,0,0,0,3,-1,13,-4,11,-6,12,-5,12,-4,12,-5,15,-5,16,-3,17,-2,18,-1,18,0,15,1,12,-1,12,-2,13,-1,15,2,15,1,15,2,16,4,16,3,17,3,19,4,19,1,17,2,18,6,23,7,27,6,
CSI_2,69,80,4,0,8,-23,7,-20,7,-19,9,-19,8,-18,5,-17,5,-16,5,-18,4,-19,4,-17,4,-16,5,-18,5,-18,4,-19,4,-21,4,-21,5,-17,5,-13,4,-13,3,-17,6,-17,8,-13,10,-12,10,-14,7,-16,1,-5,0,0,0,0,0,0,0,0,0,0,0,0,0,0,0,0,0,0,0,-3,3,-10,4,-10,5,-13,5,-14,6,-13,6,-12,8,-12,10,-13,10,-12,9,-13,10,-15,9,-17,6,-18,2,-17,2,-15,4,-13,5,-14,6,-16,7,-17,9,-18,9,-16,7,-16,6,-18,7,-18,8,-18,9,-16,
CSI_2,28,-64,1,0,-27,2,-27,2,-25,3,-24,4,-24,4,-23,4,-22,4,-22,5,-22,5,-22,5,-22,6,-21,7,-22,7,-22,6,-24,6,-24,6,-23,5,-21,5,-21,4,-20,4,-20,3,-20,2,-20,1,-19,1,-19,0,-5,0,0,0,0,0,0,0,0,0,0,0,0,0,0,0,0,0,0,0,-5,0,-19,0,-19,0,-21,-1,-22,-1,-21,-2,-21,-3,-21,-3,-21,-4,-21,-4,-22,-5,-23,-6,-24,-6,-23,-6,-23,-6,-22,-5,-23,-5,-23,-4,-22,-2,-22,-2,-22,-2,-23,-1,-23,-1,-23,-1,-25,-1,-27,-1,-27,-2,
CSI_2,83,48,5,0,6,4,7,5,8,5,7,5,8,7,9,7,9,5,9,4,8,5,7,8,6,7,5,5,4,4,4,3,5,2,5,3,6,4,4,5,3,5,3,5,2,4,1,5,0,5,0,5,1,5,0,1,0,0,0,0,0,0,0,0,0,0,0,0,0,0,0,0,0,0,1,0,5,2,5,1,4,2,4,1,6,1,8,1,9,2,9,4,8,3,6,3,7,4,8,5,7,4,7,5,5,5,5,4,5,4,4,4,6,4,9,3,8,5,9,7,9,6,6,5,6,5,8,3,
CSI_2,82,32,5,0,-24,-11,-24,-11,-24,-10,-23,-10,-24,-9,-24,-10,-23,-9,-24,-9,-24,-11,-24,-11,-24,-10,-23,-9,-22,-9,-23,-9,-22,-10,-21,-11,-20,-11,-19,-10,-18,-11,-17,-11,-16,-10,-15,-10,-14,-10,-13,-10,-12,-10,-3,-3,0,0,0,0,0,0,0,0,0,0,0,0,0,0,0,0,0,0,-3,-2,-12,-5,-13,-5,-13,-5,-14,-5,-15,-6,-16,-6,-16,-7,-17,-8,-18,-8,-18,-9,-19,-9,-19,-10,-19,-10,-18,-10,-19,-10,-20,-9,-21,-9,-22,-10,-22,-10,-21,-10,-22,-9,-23,-10,-23,-12,-24,-13,-26,-12,-29,-10,
CSI_2,28,-64,1,0,-18,-19,-18,-19,-18,-18,-18,-17,-18,-16,-17,-15,-17,-15,-17,-14,-18,-14,-18,-14,-19,-13,-19,-12,-19,-13,-19,-14,-20,-15,-19,-15,-18,-15,-17,-14,-16,-14,-16,-14,-15,-14,-14,-14,-13,-15,-13,-15,-12,-15,-3,-4,0,0,0,0,0,0,0,0,0,0,0,0,0,0,0,0,0,0,-4,-4,-13,-14,-13,-15,-13,-16,-13,-17,-12,-17,-11,-18,-11,-18,-10,-19,-10,-19,-10,-20,-11,-21,-11,-22,-10,-22,-10,-21,-10,-20,-11,-21,-12,-20,-12,-18,-12,-18,-13,-18,-13,-18,-14,-18,-14,-19,-15,-20,-16,-21,-16,-22,
CSI_2,82,32,5,0,18,-19,18,-20,16,-20,15,-19,14,-19,14,-19,13,-18,12,-19,12,-19,12,-20,11,-20,10,-20,10,-21,11,-21,12,-21,12,-21,12,-20,11,-19,11,-18,11,-18,11,-17,12,-16,12,-15,12,-14,12,-14,3,-4,0,0,0,0,0,0,0,0,0,0,0,0,0,0,0,0,0,0,3,-3,14,-12,15,-12,16,-12,17,-12,17,-11,18,-11,18,-10,19,-10,19,-10,20,-10,21,-10,22,-10,22,-10,20,-10,20,-10,20,-11,19,-12,17,-13,17,-13,17,-13,18,-14,17,-15,18,-15,19,-16,20,-17,21,-16,
CSI_2,91,-80,5,0,-11,0,-9,-3,-11,-3,-12,-2,-10,-2,-8,0,-6,2,-6,2,-9,0,-10,0,-8,0,-7,-2,-10,-3,-10,-1,-8,1,-8,1,-9,1,-8,-1,-6,-3,-5,-4,-5,-2,-4,0,-4,1,-4,1,-4,1,-1,0,0,0,0,0,0,0,0,0,0,0,0,0,0,0,0,0,0,0,-1,0,-1,3,-1,3,-2,3,-5,3,-6,2,-2,3,-1,3,-2,3,-4,2,-6,2,-5,2,-3,1,-2,2,-4,3,-9,2,-10,3,-8,3,-9,3,-10,4,-9,1,-7,-1,-8,-1,-12,0,-12,1,-11,1,-11,2,
CSI_2,-114,-31,24,0,-2,-18,-2,-17,-2,-16,-2,-16,-3,-16,-3,-16,-3,-15,-3,-15,-3,-16,-3,-16,-3,-15,-3,-14,-2,-14,-2,-14,-2,-14,-2,-14,-1,-13,-1,-13,-1,-12,0,-12,0,-11,0,-11,0,-10,1,-10,1,-9,0,-3,0,0,0,0,0,0,0,0,0,0,0,0,0,0,0,0,0,0,-1,-3,-4,-10,-3,-10,-3,-11,-3,-11,-3,-12,-3,-12,-3,-13,-3,-14,-2,-14,-2,-14,-2,-15,-2,-16,-2,-16,-2,-15,-2,-15,-2,-16,-2,-16,-2,-16,-2,-16,-2,-16,-2,-16,-2,-17,-1,-17,-1,-18,-3,-19,-5,-19,
CSI_2,28,-64,1,0,-16,-22,-16,-21,-17,-20,-16,-19,-16,-19,-15,-18,-15,-17,-16,-16,-16,-17,-17,-17,-18,-15,-18,-14,-18,-15,-18,-16,-19,-17,-18,-17,-17,-17,-16,-16,-15,-16,-15,-16,-14,-16,-13,-16,-12,-16,-11,-16,-11,-16,-3,-4,0,0,0,0,0,0,0,0,0,0,0,0,0,0,0,0,0,0,-3,-4,-10,-16,-10,-17,-10,-18,-10,-19,-9,-20,-9,-20,-8,-21,-7,-21,-7,-21,-7,-22,-7,-24,-7,-24,-6,-24,-6,-22,-7,-22,-8,-22,-9,-22,-10,-20,-10,-20,-10,-20,-11,-21,-11,-21,-12,-21,-12,-22,-13,-24,-13,-25,
CSI_2,82,32,5,0,-16,-11,-15,-10,-15,-10,-15,-10,-15,-9,-15,-9,-15,-9,-15,-9,-15,-9,-15,-9,-14,-9,-14,-8,-14,-8,-14,-9,-13,-9,-13,-9,-12,-9,-12,-9,-11,-9,-10,-8,-10,-8,-9,-8,-8,-8,-8,-8,-8,-8,-2,-2,0,0,0,0,0,0,0,0,0,0,0,0,0,0,0,0,0,0,-3,-2,-10,-5,-10,-5,-10,-5,-11,-6,-11,-6,-11,-6,-12,-7,-12,-8,-12,-8,-13,-9,-13,-9,-13,-9,-13,-10,-13,-9,-13,-9,-14,-9,-14,-9,-14,-10,-14,-10,-14,-10,-14,-9,-15,-10,-15,-11,-15,-11,-17,-11,-19,-9,
CSI_2,82,32,5,0,12,-11,11,-10,11,-10,11,-10,10,-11,11,-11,10,-11,10,-11,11,-11,11,-11,10,-11,9,-10,9,-10,9,-10,9,-10,10,-9,10,-9,9,-8,9,-8,8,-7,8,-7,8,-6,8,-6,8,-5,7,-4,1,-1,0,0,0,0,0,0,0,0,0,0,0,0,0,0,0,0,0,0,1,-2,6,-8,6,-8,6,-8,7,-8,7,-9,8,-9,9,-9,9,-9,10,-9,10,-9,11,-9,11,-9,11,-9,11,-9,11,-9,11,-9,11,-9,11,-10,11,-10,11,-10,11,-10,11,-11,12,-10,13,-10,13,-12,13,-14,
CSI_2,28,-64,1,0,-4,-29,-5,-29,-6,-28,-6,-27,-6,-26,-6,-25,-7,-24,-8,-24,-8,-24,-9,-25,-10,-24,-11,-23,-11,-24,-10,-24,-10,-26,-9,-26,-9,-25,-8,-23,-8,-23,-7,-22,-6,-22,-5,-22,-5,-22,-4,-21,-3,-21,-1,-6,0,0,0,0,0,0,0,0,0,0,0,0,0,0,0,0,0,0,-1,-6,-1,-21,-1,-22,0,-23,1,-24,2,-23,2,-23,3,-24,4,-23,5,-24,5,-25,5,-26,6,-26,6,-26,5,-25,4,-25,4,-26,3,-26,1,-24,1,-24,1,-25,0,-25,0,-26,-1,-26,-1,-28,0,-30,1,-31,
CSI_2,91,-80,5,0,3,-6,3,-6,1,-5,3,-7,5,-10,5,-9,5,-7,4,-5,6,-4,5,-7,4,-8,3,-8,3,-7,4,-7,2,-6,-1,-6,1,-7,2,-6,0,-5,2,-6,3,-6,3,-4,1,-3,1,-4,4,-5,1,-2,0,0,0,0,0,0,0,0,0,0,0,0,0,0,0,0,0,0,1,1,3,1,1,-2,1,-2,3,-2,5,-3,6,-3,5,-1,5,1,4,-1,4,-2,5,-2,5,-2,5,-1,8,1,7,1,5,0,7,1,6,1,4,-1,5,-4,7,-4,8,-2,6,-1,7,-2,9,-2,9,-3,
CSI_2,28,-64,1,0,22,-12,23,-12,21,-13,20,-13,19,-13,19,-12,18,-12,17,-13,17,-13,18,-14,16,-15,16,-15,16,-15,17,-15,18,-15,19,-15,18,-14,17,-13,16,-13,16,-12,16,-11,16,-10,16,-10,16,-9,16,-8,4,-2,0,0,0,0,0,0,0,0,0,0,0,0,0,0,0,0,0,0,4,-2,17,-7,17,-7,18,-7,19,-6,19,-5,20,-5,20,-4,20,-3,20,-3,21,-3,23,-3,23,-3,23,-3,22,-3,21,-3,22,-4,21,-5,20,-6,20,-6,20,-7,20,-7,20,-8,21,-8,22,-8,24,-8,25,-8,
CSI_2,-8,-123,95,0,-4,-15,-4,-17,-4,-16,-3,-19,-3,-19,-5,-17,-5,-17,-4,-17,-4,-16,-5,-16,-6,-17,-4,-16,0,-15,-1,-13,-2,-14,-5,-15,-9,-16,-6,-18,-2,-16,-3,-14,-4,-15,-2,-16,-1,-13,-1,-13,1,-16,0,-5,0,0,0,0,0,0,0,0,0,0,0,0,0,0,0,0,0,0,1,-4,3,-13,-1,-13,-3,-12,-2,-13,-1,-14,-2,-14,-1,-15,0,-15,0,-12,-2,-11,-1,-13,-1,-14,0,-17,-1,-19,-4,-20,-5,-17,-4,-13,-3,-13,-3,-16,-6,-17,-8,-18,-6,-20,-6,-19,-3,-15,-3,-18,-6,-21,
CSI_2,28,-64,1,0,-26,2,-26,3,-25,4,-24,4,-24,4,-22,4,-21,5,-21,5,-21,5,-22,6,-21,7,-21,8,-22,8,-22,7,-23,7,-23,7,-22,6,-21,6,-20,5,-20,4,-20,4,-19,3,-20,2,-19,1,-19,1,-5,0,0,0,0,0,0,0,0,0,0,0,0,0,0,0,0,0,0,0,-5,0,-19,1,-20,0,-21,0,-21,-1,-21,-2,-21,-3,-21,-3,-21,-4,-21,-4,-22,-4,-23,-5,-24,-6,-24,-6,-23,-5,-22,-5,-23,-4,-23,-3,-22,-2,-22,-1,-23,-1,-23,-1,-23,0,-23,0,-25,0,-27,-1,-28,-1,
CSI_2,91,-80,5,0,-11,-8,-10,-8,-9,-7,-9,-8,-8,-10,-9,-10,-10,-9,-10,-9,-10,-9,-9,-7,-10,-4,-11,-4,-11,-5,-8,-5,-5,-5,-5,-5,-8,-6,-8,-7,-6,-8,-5,-6,-6,-5,-9,-6,-9,-5,-8,-2,-9,0,-3,0,0,0,0,0,0,0,0,0,0,0,0,0,0,0,0,0,0,0,-1,-1,-3,-1,-5,-3,-8,-4,-7,-4,-6,-2,-7,-1,-8,-2,-7,-3,-5,-3,-7,-4,-9,-4,-8,-4,-7,-4,-6,-6,-6,-6,-8,-5,-7,-6,-6,-5,-7,-4,-9,-7,-8,-10,-7,-8,-8,-6,-11,-6,-11,-8,-10,-7,
CSI_2,83,48,5,0,2,13,1,12,0,11,0,11,1,12,0,11,2,7,5,8,6,13,6,13,4,9,2,5,0,6,0,9,2,10,3,8,3,6,0,5,-1,6,3,6,3,7,2,5,0,3,0,3,0,6,0,1,0,0,0,0,0,0,0,0,0,0,0,0,0,0,0,0,0,0,0,1,3,3,2,2,1,3,-1,4,-2,4,-3,3,-3,3,-1,5,1,6,1,6,2,6,3,7,0,9,-2,10,0,10,0,10,0,9,2,8,2,10,-2,10,-3,10,0,9,3,9,2,8,0,9,2,15,
CSI_2,28,-64,1,0,25,6,25,5,24,4,23,3,23,3,22,3,21,2,21,1,21,1,22,1,22,-1,21,-1,22,-1,22,0,23,1,23,1,22,1,21,1,20,2,19,2,19,3,19,3,18,4,17,4,17,4,4,1,0,0,0,0,0,0,0,0,0,0,0,0,0,0,0,0,0,0,4,1,17,4,17,5,18,6,19,7,18,7,18,8,18,9,18,10,18,10,19,10,20,11,20,12,19,12,19,11,19,10,19,11,19,10,19,8,19,7,20,8,20,7,21,7,21,7,22,7,24,8,24,9,
CSI_2,82,32,5,0,-25,-8,-24,-7,-24,-6,-23,-6,-23,-5,-23,-5,-22,-5,-22,-5,-23,-5,-23,-5,-22,-5,-21,-4,-20,-3,-20,-4,-20,-4,-19,-4,-18,-4,-17,-4,-16,-5,-15,-5,-14,-4,-14,-4,-13,-4,-12,-4,-12,-5,-3,-2,0,0,0,0,0,0,0,0,0,0,0,0,0,0,0,0,0,0,-6,0,-21,1,-21,0,-21,0,-22,-1,-23,-1,-24,-2,-25,-3,-26,-4,-26,-5,-27,-6,-28,-6,-27,-7,-26,-8,-26,-8,-26,-8,-26,-7,-27,-7,-28,-7,-27,-7,-26,-8,-26,-7,-27,-7,-27,-9,-28,-10,-30,-8,-31,-6,
CSI_2,69,80,4,0,3,-26,3,-23,3,-23,3,-22,2,-18,0,-17,0,-18,-1,-18,-1,-19,-3,-20,-6,-19,-5,-21,-3,-23,-3,-20,-5,-16,-8,-14,-10,-17,-9,-18,-7,-14,-7,-11,-9,-11,-8,-12,-7,-13,-7,-12,-6,-12,-2,-3,0,0,0,0,0,0,0,0,0,0,0,0,0,0,0,0,0,0,1,-5,9,-17,12,-15,12,-11,14,-11,13,-12,10,-13,9,-14,9,-15,12,-16,14,-16,12,-16,12,-18,14,-21,15,-20,14,-18,12,-17,12,-17,10,-18,8,-20,9,-22,10,-21,9,-20,7,-22,7,-23,7,-23,7,-22,
CSI_2,69,80,4,0,-16,15,-13,17,-13,17,-14,14,-14,13,-14,14,-12,12,-10,12,-9,15,-7,15,-5,15,-6,13,-7,13,-7,13,-10,13,-11,14,-9,13,-7,10,-7,11,-8,11,-7,9,-6,8,-8,9,-10,10,-11,8,-3,1,0,0,0,0,0,0,0,0,0,0,0,0,0,0,0,0,0,0,-3,2,-11,10,-10,11,-10,13,-9,13,-8,14,-10,15,-12,13,-12,13,-13,15,-15,15,-16,16,-16,15,-16,11,-18,10,-21,10,-21,8,-18,8,-17,11,-19,12,-20,12,-22,13,-21,14,-15,12,-14,10,-18,12,-19,17,
CSI_2,82,32,5,0,4,-27,3,-27,2,-27,2,-25,2,-25,2,-24,1,-23,0,-23,0,-24,-1,-24,-2,-23,-3,-23,-3,-23,-2,-24,-2,-25,-1,-25,-1,-24,0,-23,0,-22,1,-22,1,-21,2,-21,2,-20,3,-19,3,-19,0,-5,0,0,0,0,0,0,0,0,0,0,0,0,0,0,0,0,0,0,1,-5,4,-19,4,-19,5,-20,6,-21,7,-20,8,-20,9,-20,10,-19,10,-20,11,-21,12,-22,12,-22,12,-22,11,-21,10,-20,10,-22,8,-22,7,-21,7,-21,7,-22,7,-22,6,-23,6,-24,7,-25,7,-26,8,-26,
CSI_2,28,-64,1,0,-27,3,-27,4,-26,5,-24,5,-24,5,-23,5,-22,5,-22,6,-22,6,-23,7,-22,9,-21,9,-22,9,-23,8,-24,8,-24,8,-23,7,-22,6,-21,6,-21,5,-20,4,-20,4,-20,3,-19,3,-19,2,-5,0,0,0,0,0,0,0,0,0,0,0,0,0,0,0,0,0,0,0,-5,0,-20,1,-20,0,-21,-1,-22,-1,-22,-2,-22,-3,-22,-4,-22,-5,-22,-5,-23,-5,-24,-5,-25,-5,-24,-5,-23,-5,-23,-5,-24,-4,-24,-3,-23,-2,-22,-1,-23,-1,-23,-1,-24,0,-24,0,-26,1,-28,0,-28,-1,
CSI_2,91,-80,5,0,9,-6,8,-5,10,-5,11,-5,9,-5,8,-5,7,-6,7,-6,10,-6,9,-5,7,-6,7,-5,6,-4,7,-4,7,-4,6,-3,6,-2,6,-4,7,-6,4,-5,2,-3,4,-3,6,-4,5,-5,5,-5,1,-2,0,0,0,0,0,0,0,0,0,0,0,0,0,0,0,0,0,0,0,-1,0,-4,-2,-5,-2,-6,0,-7,1,-7,2,-5,4,-5,4,-6,3,-6,3,-6,4,-7,5,-7,7,-5,7,-4,5,-6,3,-6,3,-5,5,-5,7,-5,7,-4,5,-5,5,-8,7,-9,8,-9,9,-9,6,-8,
CSI_2,83,48,5,0,-12,2,-14,1,-13,2,-11,3,-10,4,-10,4,-7,6,-4,7,-4,7,-7,6,-8,7,-9,7,-6,5,-2,6,-3,7,-2,7,-1,7,-1,6,-2,5,-3,4,-2,6,-1,6,-1,5,-2,5,-2,4,-1,0,0,0,0,0,0,0,0,0,0,0,0,0,0,0,0,0,0,0,-2,0,-5,2,-5,2,-5,1,-5,0,-6,1,-7,2,-7,2,-6,2,-8,1,-10,0,-9,1,-8,1,-7,0,-7,-1,-8,0,-10,0,-12,1,-14,4,-11,3,-9,1,-11,3,-14,4,-11,3,-9,4,-7,4,-5,3,
CSI_2,28,-64,1,0,-25,-10,-24,-10,-24,-9,-23,-9,-24,-8,-24,-8,-24,-8,-25,-8,-26,-9,-26,-9,-25,-8,-24,-8,-24,-8,-25,-8,-24,-9,-24,-10,-23,-11,-21,-11,-20,-11,-19,-12,-18,-12,-17,-12,-16,-12,-15,-12,-14,-12,-4,-3,0,0,0,0,0,0,0,0,0,0,0,0,0,0,0,0,0,0,-4,-2,-15,-6,-15,-6,-16,-6,-16,-7,-17,-8,-18,-8,-18,-9,-18,-10,-19,-10,-19,-11,-20,-11,-20,-11,-19,-11,-19,-11,-19,-11,-20,-10,-21,-10,-22,-11,-22,-11,-21,-11,-21,-10,-22,-10,-22,-12,-23,-12,-26,-11,-29,-9,
CSI_2,28,-64,1,0,10,24,11,24,11,22,11,21,11,21,11,20,11,19,12,18,12,19,12,19,13,18,14,17,14,18,14,19,14,20,13,20,13,19,12,18,11,18,10,17,9,17,8,17,8,18,7,17,6,17,1,4,0,0,0,0,0,0,0,0,0,0,0,0,0,0,0,0,0,0,1,4,6,17,6,18,6,19,5,20,5,20,4,20,3,21,2,21,2,21,2,22,2,23,2,24,1,24,2,23,2,22,3,23,4,23,5,21,5,21,6,21,6,22,7,22,7,22,7,24,8,26,7,27,
CSI_2,28,-64,1,0,-4,-28,-4,-27,-5,-27,-5,-26,-5,-27,-5,-27,-5,-26,-5,-26,-5,-27,-4,-27,-5,-26,-5,-25,-5,-25,-5,-25,-4,-25,-3,-25,-2,-24,-2,-23,-1,-22,0,-21,0,-20,0,-19,1,-18,1,-17,2,-16,0,-4,0,0,0,0,0,0,0,0,0,0,0,0,0,0,0,0,0,0,-1,-4,-4,-15,-4,-15,-4,-15,-5,-16,-5,-17,-4,-18,-4,-20,-3,-21,-3,-21,-3,-22,-3,-23,-3,-23,-2,-23,-2,-23,-2,-23,-3,-23,-4,-24,-4,-25,-4,-26,-4,-25,-4,-25,-4,-26,-3,-27,-2,-29,-5,-30,-7,-32,
CSI_2,-82,-27,90,0,22,7,21,7,19,7,18,6,17,5,16,5,15,5,14,5,14,5,14,5,12,5,11,5,11,5,11,5,10,6,10,6,9,6,8,7,8,7,7,7,7,7,6,7,5,8,5,8,5,8,1,2,0,0,0,0,0,0,0,0,0,0,0,0,0,0,0,0,0,0,6,3,26,13,26,13,26,14,27,14,27,15,27,15,27,15,28,16,27,16,27,16,27,17,27,18,26,17,25,16,25,15,26,15,25,14,25,13,25,12,26,12,26,11,26,10,26,10,25,10,25,9,25,8,10,2,44,9,41,8,38,7,36,7,34,7,33,6,30,6,28,5,28,6,28,6,26,6,24,6,22,6,22,7,21,7,21,8,20,9,19,10,18,10,17,11,16,12,15,12,13,12,12,12,12,13,11,13,12,13,11,14,1,1,-1,-1,-1,-1,-1,-1,-1,-1,0,0,6,1,51,9,50,11,50,17,51,19,51,19,52,20,54,21,55,22,55,23,54,24,54,24,54,24,55,25,54,25,53,25,52,24,53,23,53,21,52,19,51,17,51,16,50,16,49,14,48,13,48,12,48,12,46,12,44,11,
CSI_2,58,-96,3,0,19,14,18,12,18,12,16,14,15,15,16,15,17,13,16,11,14,11,14,13,14,12,13,11,11,12,13,13,15,13,15,12,13,11,11,11,9,11,6,12,6,11,10,11,10,10,6,9,4,9,1,2,0,0,0,0,0,0,0,0,0,0,0,0,0,0,0,0,0,0,2,1,8,5,7,4,8,4,8,4,8,6,9,7,9,6,9,5,9,6,9,7,11,7,9,5,9,7,10,11,9,12,9,11,13,10,17,10,16,12,15,14,16,12,17,11,18,10,20,12,20,13,18,12,
CSI_2,58,-96,3,0,5,-30,5,-25,3,-25,1,-26,2,-24,3,-23,2,-24,-1,-23,-2,-20,-1,-17,1,-18,1,-19,0,-19,0,-20,-1,-21,-1,-20,0,-18,0,-18,0,-18,0,-17,2,-15,4,-14,3,-13,4,-11,7,-9,2,-3,0,0,0,0,0,0,0,0,0,0,0,0,0,0,0,0,0,0,1,-2,5,-8,5,-8,4,-10,3,-12,3,-13,3,-14,4,-14,6,-15,7,-16,8,-15,10,-15,11,-17,12,-16,7,-16,4,-18,6,-17,8,-17,6,-21,6,-22,6,-22,5,-22,9,-19,9,-19,6,-22,6,-23,8,-25,
CSI_2,82,32,5,0,19,10,19,10,18,9,18,9,19,9,19,9,18,8,19,8,19,9,19,9,18,8,17,8,17,8,18,8,17,8,17,9,16,9,15,9,14,9,13,9,12,9,11,9,11,9,10,9,9,9,2,2,0,0,0,0,0,0,0,0,0,0,0,0,0,0,0,0,0,0,3,1,13,5,13,5,13,5,13,6,14,6,14,7,15,8,16,8,16,9,16,10,16,11,16,11,16,11,16,11,16,10,16,10,17,10,17,10,17,10,17,10,18,10,19,10,18,11,19,12,21,12,23,10,
CSI_2,28,-64,1,0,13,-23,13,-23,11,-23,10,-22,10,-21,9,-21,8,-20,8,-20,8,-21,8,-21,7,-21,6,-22,6,-22,6,-22,7,-23,8,-23,8,-22,7,-21,7,-20,7,-19,8,-18,8,-18,9,-17,9,-16,9,-16,2,-4,0,0,0,0,0,0,0,0,0,0,0,0,0,0,0,0,0,0,2,-4,11,-15,11,-15,12,-16,13,-16,14,-15,14,-15,15,-14,15,-14,16,-14,17,-15,18,-15,19,-15,18,-15,17,-14,17,-14,17,-15,16,-16,14,-16,14,-17,14,-17,13,-18,13,-18,14,-18,15,-19,16,-20,17,-20,
CSI_2,91,-80,5,0,-4,-8,-4,-11,-4,-14,-2,-12,-1,-10,-3,-9,-5,-8,-5,-7,-3,-7,-2,-8,-3,-9,-4,-9,-5,-9,-3,-10,-2,-8,-2,-7,-2,-8,-2,-7,-4,-6,-5,-6,-4,-4,-3,-3,-3,-3,-4,-6,-4,-10,-1,-3,0,0,0,0,0,0,0,0,0,0,0,0,0,0,0,0,0,0,-1,-1,-3,-2,-2,-3,-1,-4,-1,-5,-2,-5,-1,-5,0,-6,-3,-5,-6,-4,-6,-4,-4,-7,-4,-10,-3,-10,-2,-10,-2,-11,-2,-11,-3,-9,-5,-9,-6,-10,-5,-9,-2,-10,-2,-11,-5,-11,-6,-12,-4,-12,-4,-12,
CSI_2,28,-64,1,0,26,-1,26,-2,25,-3,23,-3,23,-3,22,-3,21,-4,21,-5,21,-5,22,-5,21,-6,21,-7,21,-7,22,-6,23,-6,23,-5,22,-5,21,-5,20,-4,20,-4,19,-3,19,-2,19,-1,18,-1,18,0,4,0,0,0,0,0,0,0,0,0,0,0,0,0,0,0,0,0,0,0,4,0,18,0,18,0,19,1,20,2,20,3,20,3,20,4,20,5,20,5,21,5,22,6,22,7,22,7,21,6,21,6,22,5,22,4,21,3,21,2,21,2,22,2,22,1,22,1,24,1,26,2,26,3,
CSI_2,28,-64,1,0,-13,23,-12,23,-11,22,-10,22,-10,21,-9,20,-8,20,-7,20,-7,20,-6,21,-5,21,-4,22,-5,22,-6,22,-7,23,-7,23,-7,21,-7,20,-7,19,-8,19,-8,18,-8,17,-8,17,-8,16,-9,16,-3,4,0,0,0,0,0,0,0,0,0,0,0,0,0,0,0,0,0,0,-3,3,-10,15,-11,16,-12,16,-13,16,-14,15,-14,15,-15,15,-16,14,-16,14,-16,15,-17,16,-17,17,-17,16,-16,16,-16,15,-17,16,-16,16,-14,16,-13,17,-14,17,-14,18,-13,18,-13,18,-13,20,-14,22,-15,22,
CSI_2,91,-80,5,0,-17,2,-14,0,-12,0,-11,1,-10,2,-8,-1,-9,-1,-11,1,-11,0,-8,-2,-7,-3,-8,-1,-9,1,-11,1,-10,2,-8,1,-7,1,-8,2,-7,2,-7,1,-6,-1,-6,1,-6,1,-8,0,-7,-1,-2,-1,0,0,0,0,0,0,0,0,0,0,0,0,0,0,0,0,0,0,-1,0,-3,1,-2,1,-4,1,-4,1,-2,4,-2,4,-5,2,-6,1,-5,3,-6,5,-7,2,-7,-2,-7,-1,-8,2,-9,3,-11,3,-12,3,-11,3,-10,2,-10,2,-12,3,-12,2,-13,1,-14,4,-14,7,-15,8,
CSI_2,83,48,5,0,6,5,7,8,8,9,8,6,8,5,8,7,6,7,7,4,10,5,10,6,7,6,6,7,7,5,9,1,9,-1,7,0,6,1,6,0,6,0,6,0,6,0,4,0,2,2,4,3,7,5,2,1,0,0,0,0,0,0,0,0,0,0,0,0,0,0,0,0,0,0,0,0,2,0,1,0,2,1,3,2,2,5,1,4,3,1,3,2,1,2,0,2,2,3,4,4,5,5,5,5,6,7,6,6,6,5,5,7,5,8,7,8,9,8,8,7,7,6,8,6,9,3,7,2,
CSI_2,69,80,4,0,15,17,15,18,18,19,18,19,18,17,19,15,18,14,17,14,16,16,17,15,17,13,17,12,17,11,16,12,16,14,15,16,14,15,13,13,12,14,12,15,12,15,11,14,9,12,7,12,8,14,2,3,0,0,0,0,0,0,0,0,0,0,0,0,0,0,0,0,0,0,3,2,12,11,14,12,13,12,12,12,13,13,14,14,14,16,13,16,10,15,9,16,10,17,11,16,12,14,11,16,11,19,14,20,13,20,11,23,11,21,12,18,14,19,15,22,14,22,15,21,18,20,19,22,
CSI_2,82,32,5,0,-26,8,-26,8,-24,9,-23,9,-22,9,-21,9,-20,9,-20,10,-20,10,-21,10,-20,11,-19,12,-20,12,-20,12,-21,12,-22,12,-21,11,-20,10,-19,10,-19,9,-19,8,-19,7,-19,6,-19,5,-18,5,-5,1,0,0,0,0,0,0,0,0,0,0,0,0,0,0,0,0,0,0,-5,1,-19,4,-19,4,-21,3,-22,3,-21,2,-21,1,-22,1,-22,0,-22,0,-23,0,-24,-1,-25,-2,-24,-2,-23,-2,-23,-1,-24,0,-23,1,-22,2,-22,3,-22,3,-22,4,-23,4,-23,4,-25,4,-27,4,-27,3,
CSI_2,28,-64,1,0,11,23,12,23,12,21,12,20,12,20,11,19,12,18,12,17,12,17,13,17,14,16,14,16,14,16,14,17,15,18,14,19,13,18,12,17,11,17,11,17,10,16,9,17,9,17,8,16,7,16,1,4,0,0,0,0,0,0,0,0,0,0,0,0,0,0,0,0,0,0,1,4,7,16,7,17,7,18,6,19,6,19,5,20,4,20,3,20,3,21,3,21,3,23,3,23,3,23,3,22,3,21,4,22,5,22,6,20,6,20,6,21,7,21,7,20,8,21,9,22,9,24,8,25,
CSI_2,91,-80,5,0,11,-4,13,-6,14,-8,12,-7,11,-3,10,-1,9,-3,9,-4,9,-4,10,-5,10,-5,9,-2,8,0,10,-2,11,-3,11,-2,11,-1,11,-2,12,-3,10,-3,9,-2,10,-1,8,-2,7,-3,6,-4,1,-2,0,0,0,0,0,0,0,0,0,0,0,0,0,0,0,0,0,0,0,-2,1,-5,1,-3,2,-4,4,-6,5,-6,3,-5,2,-6,3,-6,5,-9,6,-11,6,-12,6,-9,8,-6,8,-6,5,-10,5,-11,7,-9,7,-7,8,-6,10,-5,10,-4,10,-5,13,-6,13,-8,10,-8,10,-7,
CSI_2,28,-64,1,0,-27,2,-27,2,-26,3,-24,4,-24,4,-23,4,-22,4,-22,5,-22,5,-23,6,-22,7,-22,8,-22,7,-23,7,-24,6,-24,6,-23,6,-22,5,-21,5,-21,4,-20,3,-20,3,-20,2,-19,1,-19,1,-5,0,0,0,0,0,0,0,0,0,0,0,0,0,0,0,0,0,0,0,-5,0,-19,0,-19,-1,-21,-2,-22,-3,-21,-3,-21,-4,-21,-5,-21,-5,-21,-6,-22,-6,-23,-6,-24,-7,-23,-7,-22,-6,-22,-6,-23,-6,-23,-4,-22,-3,-22,-2,-23,-2,-23,-2,-23,-1,-23,-1,-25,-1,-27,-1,-27,-2,
CSI_2,91,-80,5,0,5,-13,7,-14,8,-15,6,-14,4,-12,2,-11,1,-10,0,-12,-1,-13,1,-11,2,-7,1,-8,1,-11,2,-11,4,-10,5,-10,5,-9,2,-9,0,-10,0,-9,1,-8,2,-8,2,-9,0,-7,-1,-5,-1,-1,0,0,0,0,0,0,0,0,0,0,0,0,0,0,0,0,0,0,0,-1,2,-3,2,-5,2,-5,2,-3,2,-4,2,-5,2,-6,3,-7,5,-7,4,-7,4,-7,5,-6,6,-7,5,-8,3,-7,5,-7,7,-8,6,-6,7,-7,7,-10,6,-10,6,-11,5,-12,6,-12,7,-11,5,-8,
CSI_2,83,48,5,0,10,5,10,4,9,3,10,5,13,4,13,3,13,3,14,2,14,3,11,4,8,7,7,7,7,4,9,-2,10,-4,9,-3,11,-5,13,-5,9,-1,5,1,6,-1,8,-3,7,-3,6,-4,5,-6,1,-2,0,0,0,0,0,0,0,0,0,0,0,0,0,0,0,0,0,0,1,0,4,2,0,1,-1,2,1,4,3,4,4,5,4,6,3,6,4,8,7,9,8,10,1,10,-2,7,4,6,7,7,7,7,6,6,6,6,6,6,9,7,8,9,6,10,10,9,13,9,14,5,20,2,
CSI_2,28,-64,1,0,24,8,24,7,24,6,23,5,22,5,21,4,21,3,21,3,21,3,22,2,21,1,21,0,21,1,22,1,23,2,23,2,22,2,21,2,20,2,19,3,19,3,18,4,18,5,17,5,16,5,4,1,0,0,0,0,0,0,0,0,0,0,0,0,0,0,0,0,0,0,4,1,16,7,16,7,17,9,17,10,17,10,16,11,16,11,16,12,16,12,17,13,18,14,18,14,17,14,17,13,17,13,18,13,18,12,18,10,18,9,19,10,19,9,20,9,20,9,21,10,23,11,23,12,
CSI_2,28,-64,1,0,24,0,24,0,23,-1,22,-2,22,-2,21,-2,20,-3,20,-4,20,-4,20,-4,20,-5,20,-6,20,-6,21,-5,22,-5,22,-4,21,-4,20,-4,19,-4,19,-3,18,-2,18,-2,18,-1,17,0,17,0,4,0,0,0,0,0,0,0,0,0,0,0,0,0,0,0,0,0,0,0,4,0,17,1,17,2,18,3,19,3,18,4,18,5,18,5,18,6,18,6,19,7,20,7,21,8,20,8,19,7,19,6,20,6,20,5,19,4,19,3,20,3,20,3,20,3,21,3,22,3,24,3,24,4,
CSI_2,82,32,5,0,1,-26,0,-25,0,-24,0,-24,-1,-24,-1,-24,-1,-23,-1,-23,-1,-24,-1,-24,-1,-23,-2,-21,-2,-21,-1,-22,-1,-21,0,-21,0,-20,1,-19,1,-18,1,-17,1,-16,1,-15,2,-14,2,-13,3,-13,0,-4,0,0,0,0,0,0,0,0,0,0,0,0,0,0,0,0,0,0,-1,-4,-2,-16,-2,-16,-3,-17,-3,-17,-2,-19,-2,-20,-1,-21,-1,-21,0,-22,0,-23,1,-24,1,-24,1,-24,2,-23,2,-23,1,-24,0,-24,0,-25,0,-26,1,-25,0,-25,0,-26,2,-26,3,-27,1,-29,-1,-31,
CSI_2,82,32,5,0,17,17,18,17,18,16,17,15,17,15,16,14,16,13,16,12,17,12,18,12,18,10,18,10,18,11,18,12,19,13,19,13,18,13,16,13,15,12,14,12,14,12,13,12,13,13,12,12,11,13,2,3,0,0,0,0,0,0,0,0,0,0,0,0,0,0,0,0,0,0,3,3,12,12,12,13,12,14,12,15,11,16,11,16,10,17,9,17,9,18,10,18,11,19,11,20,10,19,10,19,10,18,10,19,11,18,11,16,12,16,12,17,12,17,13,16,13,16,15,17,16,19,16,20,
CSI_2,91,-80,5,0,9,0,9,2,11,-3,11,-10,9,-6,8,0,7,-4,10,-7,12,-5,10,-9,9,-12,7,-10,8,-8,12,-4,13,-2,11,-1,7,-1,3,-3,3,-6,6,-4,7,-2,6,-3,4,-7,5,-9,4,-10,1,-3,0,0,0,0,0,0,0,0,0,0,0,0,0,0,0,0,0,0,1,-1,5,-2,5,-3,5,-4,5,-5,6,-4,6,-1,6,-1,9,-5,10,-8,11,-5,11,-2,8,-2,6,-1,7,0,7,-2,9,-3,11,-3,10,-5,9,-6,9,-3,10,-2,11,-3,11,-6,12,-9,12,-7,8,-8,
CSI_2,28,-64,1,0,22,12,22,11,22,10,21,9,21,9,20,8,19,7,20,7,20,7,21,6,21,5,20,4,21,4,21,5,22,6,22,7,21,7,20,6,19,6,18,7,18,7,17,8,17,8,16,8,15,8,3,2,0,0,0,0,0,0,0,0,0,0,0,0,0,0,0,0,0,0,3,2,15,9,15,10,16,11,16,12,15,13,15,13,14,14,14,15,14,15,15,16,15,17,15,17,15,17,14,16,15,15,15,16,16,15,16,13,16,12,17,13,17,13,18,12,18,13,19,14,21,15,21,16,
CSI_2,82,32,5,0,-12,13,-11,12,-11,12,-10,12,-10,12,-10,12,-10,12,-10,12,-10,12,-10,12,-9,12,-9,11,-9,11,-9,11,-9,11,-10,11,-10,10,-10,9,-9,9,-9,8,-9,7,-9,7,-9,6,-9,6,-9,5,-3,1,0,0,0,0,0,0,0,0,0,0,0,0,0,0,0,0,0,0,-2,2,-5,8,-6,8,-6,8,-6,9,-7,9,-7,10,-8,10,-9,10,-9,10,-10,10,-10,11,-10,11,-10,11,-10,10,-10,10,-10,11,-11,11,-11,12,-11,12,-10,11,-10,12,-11,12,-12,12,-12,13,-12,14,-10,16,
CSI_2,82,32,5,0,12,-2,12,-2,11,-2,11,-2,11,-3,11,-3,11,-3,11,-3,11,-3,11,-3,10,-3,10,-3,10,-3,10,-3,10,-2,10,-2,10,-2,10,-1,9,-1,9,-1,8,-1,8,0,7,0,7,0,7,1,1,0,0,0,0,0,0,0,0,0,0,0,0,0,0,0,0,0,0,0,1,-1,7,-3,7,-4,7,-4,8,-4,8,-3,9,-3,9,-3,9,-3,10,-3,10,-3,11,-2,11,-2,11,-2,11,-2,11,-2,11,-3,11,-3,11,-3,11,-3,11,-2,11,-3,12,-3,13,-2,13,-2,14,-3,14,-5,
CSI_2,82,32,5,0,12,10,12,9,12,9,12,8,12,8,12,8,11,8,12,8,12,8,12,8,11,8,11,7,10,7,11,8,10,8,10,8,9,8,8,8,8,8,7,7,6,7,6,7,5,7,5,7,4,7,1,1,0,0,0,0,0,0,0,0,0,0,0,0,0,0,0,0,0,0,2,0,7,3,8,3,8,4,8,4,8,5,9,5,9,6,10,6,10,7,10,7,10,8,10,8,10,8,10,8,10,8,11,8,11,8,12,8,12,8,11,8,12,8,12,8,12,10,13,10,14,9,16,8,
CSI_2,28,-64,1,0,-23,-14,-23,-13,-23,-12,-22,-11,-21,-10,-21,-10,-20,-9,-20,-8,-21,-8,-21,-8,-22,-6,-22,-6,-22,-6,-22,-7,-23,-8,-23,-8,-22,-8,-21,-8,-20,-7,-19,-8,-18,-8,-18,-8,-17,-9,-17,-9,-16,-9,-4,-3,0,0,0,0,0,0,0,0,0,0,0,0,0,0,0,0,0,0,-4,-3,-15,-11,-15,-12,-16,-13,-16,-14,-15,-15,-15,-15,-14,-16,-14,-16,-14,-17,-14,-17,-15,-18,-15,-19,-15,-19,-14,-18,-15,-17,-16,-18,-16,-16,-16,-15,-16,-14,-17,-14,-17,-14,-18,-14,-18,-14,-20,-15,-21,-16,-20,-16,
CSI_2,82,32,5,0,-16,8,-15,7,-15,7,-14,7,-14,8,-14,8,-13,8,-13,8,-14,8,-14,8,-13,8,-12,7,-12,7,-13,8,-13,7,-13,7,-12,6,-12,5,-12,5,-11,5,-11,4,-10,4,-10,3,-10,2,-10,2,-3,0,0,0,0,0,0,0,0,0,0,0,0,0,0,0,0,0,0,0,-2,1,-8,6,-9,6,-9,6,-10,6,-10,7,-11,7,-12,7,-13,7,-13,7,-14,6,-15,6,-15,6,-15,6,-15,6,-15,6,-15,7,-15,7,-16,7,-15,7,-15,7,-15,7,-16,7,-17,7,-17,7,-18,9,-17,11,
CSI_2,82,32,5,0,4,-28,3,-27,3,-26,3,-26,2,-26,2,-26,2,-25,2,-25,3,-27,3,-26,2,-25,1,-24,2,-23,2,-24,3,-24,3,-23,4,-22,4,-21,4,-20,5,-19,5,-17,5,-17,5,-15,6,-14,6,-14,1,-4,0,0,0,0,0,0,0,0,0,0,0,0,0,0,0,0,0,0,0,-4,0,-16,0,-16,0,-17,0,-18,0,-19,1,-20,2,-20,2,-21,3,-22,3,-23,4,-23,4,-24,4,-24,4,-23,4,-23,3,-24,3,-25,3,-26,4,-26,4,-25,3,-25,3,-27,5,-27,6,-28,4,-30,2,-33,
CSI_2,69,80,4,0,3,20,3,19,3,16,3,17,5,17,5,14,5,12,7,13,8,14,8,13,9,10,9,9,10,11,10,11,9,10,10,11,11,12,10,10,9,9,10,9,10,10,10,10,9,10,8,9,6,9,1,2,0,0,0,0,0,0,0,0,0,0,0,0,0,0,0,0,0,0,1,4,5,20,4,21,3,21,3,23,3,24,3,23,2,23,1,25,1,26,-1,28,-3,30,-4,29,-5,27,-6,26,-7,26,-6,26,-3,25,-2,23,-3,23,-5,23,-7,23,-5,23,-3,24,-2,25,-2,26,0,25,
CSI_2,69,80,4,0,20,13,19,12,16,12,16,11,17,11,17,8,17,6,18,8,18,8,18,6,19,6,19,6,19,6,17,5,16,4,18,4,20,5,19,5,19,4,19,5,18,6,17,6,16,6,15,8,16,8,4,2,0,0,0,0,0,0,0,0,0,0,0,0,0,0,0,0,0,0,5,1,23,6,23,5,23,6,23,7,22,8,22,10,23,11,21,14,21,16,23,16,23,19,21,20,21,19,22,18,20,19,18,20,17,18,15,16,15,18,17,20,16,19,16,19,17,18,19,16,20,15,22,13,
CSI_2,91,-80,5,0,-9,17,-8,12,-11,9,-12,7,-11,4,-8,2,-7,4,-10,6,-14,8,-16,13,-14,12,-13,8,-13,9,-9,12,-6,11,-8,11,-8,12,-7,9,-8,6,-11,5,-10,5,-6,5,-4,5,-7,2,-11,1,-4,0,0,0,0,0,0,0,0,0,0,0,0,0,0,0,0,0,0,0,0,2,1,8,1,5,0,6,1,8,3,9,3,9,1,12,-4,14,-8,11,-10,9,-8,12,-5,10,-6,9,-7,10,-3,8,-2,8,-4,6,-5,5,-7,7,-7,9,-4,11,-5,11,-7,8,-9,9,-8,12,-4,10,
CSI_2,28,-64,1,0,-7,24,-7,24,-5,24,-5,23,-5,22,-4,21,-4,20,-3,20,-3,21,-2,21,-1,21,-1,21,-1,21,-2,22,-2,23,-3,23,-3,22,-3,21,-3,20,-4,19,-4,19,-5,18,-5,18,-6,17,-6,16,-2,4,0,0,0,0,0,0,0,0,0,0,0,0,0,0,0,0,0,0,-2,4,-6,17,-6,17,-7,18,-9,18,-9,18,-10,18,-10,17,-11,17,-11,17,-12,18,-13,19,-14,19,-13,19,-13,18,-12,18,-12,19,-11,19,-9,18,-9,19,-9,19,-9,19,-9,20,-9,20,-9,22,-10,24,-11,24,
CSI_2,28,-64,1,0,23,-11,23,-11,21,-12,20,-12,20,-12,19,-12,18,-12,17,-13,17,-13,18,-13,17,-14,16,-15,17,-15,17,-14,19,-14,19,-14,18,-14,17,-13,16,-12,16,-12,16,-11,16,-10,17,-9,16,-8,16,-8,4,-2,0,0,0,0,0,0,0,0,0,0,0,0,0,0,0,0,0,0,4,-2,17,-7,17,-7,19,-6,20,-6,20,-5,20,-4,20,-4,20,-3,20,-3,21,-3,22,-3,23,-2,23,-2,22,-2,21,-3,22,-3,21,-4,20,-5,20,-6,20,-6,21,-7,20,-7,20,-7,22,-8,25,-8,26,-8,
CSI_2,-8,-123,95,0,-20,9,-17,11,-14,8,-15,5,-16,4,-15,4,-12,3,-13,4,-15,6,-15,6,-19,4,-20,4,-16,7,-16,9,-18,7,-17,4,-16,5,-17,6,-16,6,-15,2,-14,-3,-11,-2,-9,1,-10,-1,-14,-5,-4,-2,0,0,0,0,0,0,0,0,0,0,0,0,0,0,0,0,0,0,-4,2,-12,6,-9,4,-7,1,-5,1,-6,3,-7,3,-7,7,-8,10,-10,6,-13,3,-14,0,-13,-2,-14,0,-13,3,-13,7,-16,7,-16,7,-13,13,-13,14,-16,8,-17,7,-17,9,-18,12,-19,14,-22,14,-21,13,
CSI_2,117,86,103,0,8,-10,11,-11,12,-9,11,-9,8,-10,7,-10,7,-9,8,-10,8,-10,6,-11,6,-11,4,-11,2,-12,5,-11,6,-9,3,-9,1,-9,2,-8,7,-7,8,-8,4,-9,2,-11,4,-10,4,-7,3,-7,0,-2,0,0,0,0,0,0,0,0,0,0,0,0,0,0,0,0,0,0,2,1,7,5,3,5,3,4,4,2,6,3,6,5,5,4,5,3,9,3,11,2,8,5,5,4,7,-1,11,-1,10,1,7,0,6,-2,8,-4,10,-4,12,-2,13,-2,13,-5,9,-9,7,-10,9,-10,11,-9,8,-8,36,-30,41,-33,43,-33,38,-29,35,-32,36,-40,31,-38,30,-35,34,-38,35,-37,33,-36,34,-37,33,-36,33,-32,34,-28,27,-29,23,-34,22,-32,20,-22,28,-19,34,-22,28,-27,25,-33,24,-27,20,-13,18,-8,35,6,43,-6,5,-2,-1,-1,-1,-1,-1,-1,0,0,0,0,0,-1,14,-10,35,-13,32,2,17,-4,5,-7,14,-3,25,3,23,4,17,2,14,-1,21,-7,31,-9,27,-2,23,0,33,-8,40,-15,32,-12,17,-10,16,-17,27,-20,35,-26,30,-29,28,-21,37,-23,37,-34,31,-36,27,-31,19,-34,
CSI_2,91,-80,5,0,16,-2,16,-2,17,-6,16,-6,14,0,14,0,12,-5,11,-7,13,-6,13,-6,12,-5,11,-3,12,-2,15,-3,16,-4,16,-1,15,1,10,1,11,1,14,0,13,1,11,2,11,3,10,4,11,5,3,1,0,0,0,0,0,0,0,0,0,0,0,0,0,0,0,0,0,0,1,-1,6,-5,7,-6,7,-8,7,-8,8,-9,8,-9,7,-5,7,-5,10,-6,13,-4,12,-4,12,-6,13,-6,13,-4,11,-4,9,-5,9,-5,12,-2,14,-1,14,-4,15,-5,19,-5,19,-8,15,-8,16,-3,19,-1,
CSI_2,28,-64,1,0,25,0,25,0,25,-1,23,-2,23,-2,22,-2,21,-3,21,-4,21,-4,22,-4,21,-5,20,-6,21,-6,22,-5,23,-5,23,-4,22,-4,21,-4,20,-4,19,-3,19,-2,19,-1,19,0,18,0,17,0,4,0,0,0,0,0,0,0,0,0,0,0,0,0,0,0,0,0,0,0,4,0,18,1,18,1,19,2,20,3,19,4,19,4,19,5,19,6,20,6,20,7,21,7,22,8,21,8,20,7,20,7,21,6,21,5,20,4,20,3,21,3,21,3,22,2,22,2,24,3,25,3,25,4,
CSI_2,82,32,5,0,-12,-24,-12,-24,-13,-22,-13,-21,-13,-20,-12,-20,-12,-19,-13,-18,-13,-19,-14,-19,-14,-17,-15,-17,-15,-18,-15,-18,-15,-20,-14,-20,-13,-19,-13,-18,-12,-18,-11,-18,-10,-18,-9,-18,-9,-18,-8,-17,-7,-17,-2,-5,0,0,0,0,0,0,0,0,0,0,0,0,0,0,0,0,0,0,-2,-5,-8,-17,-8,-18,-8,-19,-7,-20,-6,-20,-6,-20,-5,-21,-4,-21,-4,-21,-4,-22,-4,-23,-4,-24,-4,-24,-4,-23,-4,-22,-5,-23,-6,-22,-6,-21,-7,-21,-7,-21,-8,-21,-8,-21,-8,-21,-9,-23,-9,-25,-9,-25,
CSI_2,28,-64,1,0,-23,13,-23,13,-22,14,-20,13,-20,13,-19,13,-18,13,-17,13,-18,14,-18,14,-17,15,-16,15,-17,15,-17,16,-19,16,-19,16,-18,15,-17,14,-17,13,-17,12,-17,11,-17,10,-18,10,-17,9,-17,8,-5,2,0,0,0,0,0,0,0,0,0,0,0,0,0,0,0,0,0,0,-5,2,-17,8,-18,7,-19,7,-20,7,-20,6,-21,5,-21,5,-21,4,-22,4,-23,4,-24,4,-25,3,-24,3,-23,3,-22,4,-23,5,-23,6,-21,6,-21,7,-21,7,-21,8,-21,9,-22,9,-23,9,-25,10,-26,9,
CSI_2,91,-80,5,0,7,12,7,14,9,16,10,15,8,12,5,11,3,12,4,14,3,15,1,12,1,10,1,12,2,13,3,11,3,12,5,12,4,9,3,6,3,6,1,9,1,12,1,10,-1,8,-2,10,-1,10,0,2,0,0,0,0,0,0,0,0,0,0,0,0,0,0,0,0,0,0,0,0,0,1,3,1,6,3,6,4,5,5,6,6,7,5,8,3,5,2,2,4,3,7,6,8,9,8,12,9,7,6,5,2,13,4,13,9,5,11,4,13,10,13,11,10,7,12,8,15,11,15,11,14,
CSI_2,83,48,5,0,-7,-13,-7,-11,-8,-10,-8,-14,-6,-17,-5,-18,-9,-15,-12,-9,-11,-8,-11,-11,-11,-12,-11,-10,-12,-11,-10,-12,-5,-11,-3,-12,-5,-11,-5,-9,-6,-8,-7,-10,-5,-12,-5,-13,-6,-12,-5,-11,-5,-10,-1,-3,0,0,0,0,0,0,0,0,0,0,0,0,0,0,0,0,0,0,-3,0,-9,1,-8,-2,-8,-2,-7,-2,-6,-3,-11,-3,-10,-3,-6,-4,-6,-6,-10,-7,-11,-8,-10,-9,-10,-9,-9,-8,-9,-9,-12,-9,-14,-9,-12,-9,-10,-8,-10,-8,-11,-8,-11,-10,-13,-11,-15,-11,-13,-11,-13,-12,
CSI_2,82,32,5,0,-28,1,-27,1,-26,1,-26,1,-25,2,-25,2,-25,2,-25,3,-26,2,-26,2,-25,2,-23,2,-23,2,-24,2,-24,2,-23,1,-23,1,-22,0,-21,-1,-20,-1,-19,-2,-18,-2,-17,-3,-16,-3,-16,-4,-4,-1,0,0,0,0,0,0,0,0,0,0,0,0,0,0,0,0,0,0,-4,1,-15,4,-16,3,-16,3,-17,3,-18,3,-19,2,-20,2,-21,2,-22,1,-23,1,-24,0,-24,0,-24,0,-23,0,-23,0,-24,1,-25,1,-26,1,-26,1,-25,1,-25,1,-26,1,-27,0,-28,-1,-30,1,-31,5,
CSI_2,82,32,5,0,6,11,6,11,6,10,6,10,6,10,6,10,6,10,6,10,6,10,6,10,6,9,6,9,6,9,6,9,5,9,5,9,4,9,4,9,3,9,3,8,3,8,2,8,2,7,2,7,2,7,0,1,0,0,0,0,0,0,0,0,0,0,0,0,0,0,0,0,0,0,1,1,5,5,5,5,5,5,5,6,5,7,5,7,5,8,5,8,5,9,5,9,5,9,6,10,5,10,5,9,5,9,5,10,6,10,6,10,6,10,6,10,6,10,6,11,6,11,6,12,7,12,9,11,
CSI_2,28,-64,1,0,-25,-8,-25,-7,-25,-6,-24,-5,-23,-5,-22,-5,-22,-4,-22,-3,-22,-3,-23,-3,-22,-1,-22,0,-23,-1,-23,-1,-24,-2,-24,-2,-23,-3,-22,-3,-21,-3,-20,-4,-20,-4,-19,-5,-19,-5,-18,-6,-17,-6,-5,-2,0,0,0,0,0,0,0,0,0,0,0,0,0,0,0,0,0,0,-5,-2,-18,-6,-18,-7,-19,-8,-20,-9,-19,-9,-19,-10,-18,-11,-18,-11,-18,-12,-19,-12,-20,-13,-20,-14,-20,-14,-19,-13,-19,-12,-20,-12,-20,-11,-19,-10,-20,-9,-20,-9,-21,-9,-21,-9,-21,-9,-23,-9,-25,-10,-25,-11,
CSI_2,28,-64,1,0,-27,-4,-27,-3,-26,-2,-25,-2,-24,-1,-23,-1,-22,0,-22,0,-23,0,-24,1,-23,2,-22,3,-23,2,-23,2,-25,1,-25,1,-23,1,-22,1,-21,0,-21,0,-21,-1,-21,-2,-20,-3,-19,-3,-18,-3,-5,-1,0,0,0,0,0,0,0,0,0,0,0,0,0,0,0,0,0,0,-5,-1,-19,-4,-19,-5,-20,-6,-21,-7,-20,-7,-20,-8,-20,-8,-20,-9,-20,-10,-21,-10,-22,-11,-22,-12,-21,-12,-21,-11,-21,-10,-22,-10,-22,-9,-21,-7,-21,-7,-21,-6,-22,-6,-23,-6,-23,-6,-25,-7,-26,-7,-27,-8,
CSI_2,91,-80,5,0,-14,-3,-14,-6,-15,-8,-14,-6,-12,-8,-11,-11,-11,-9,-11,-5,-12,-3,-12,-5,-11,-6,-7,-9,-6,-11,-7,-11,-9,-9,-10,-7,-11,-5,-8,-6,-5,-8,-6,-7,-7,-6,-5,-4,-5,-3,-6,-2,-4,-2,-1,-1,0,0,0,0,0,0,0,0,0,0,0,0,0,0,0,0,0,0,-2,0,-5,0,-4,0,-3,-1,-5,0,-6,2,-6,3,-8,1,-10,-1,-9,-2,-9,-2,-9,-1,-10,-1,-11,-3,-10,-4,-8,-4,-9,-4,-10,-4,-10,-5,-10,-4,-10,-2,-10,-1,-10,-3,-10,-6,-13,-9,-15,-7,-14,-4,
CSI_2,28,-64,1,0,-24,-11,-25,-11,-24,-9,-23,-8,-23,-8,-22,-8,-21,-7,-21,-6,-22,-7,-22,-6,-22,-5,-22,-4,-23,-5,-23,-5,-24,-6,-24,-7,-23,-7,-21,-7,-20,-6,-20,-7,-19,-7,-19,-8,-18,-9,-17,-9,-17,-9,-5,-3,0,0,0,0,0,0,0,0,0,0,0,0,0,0,0,0,0,0,-5,-2,-17,-8,-18,-9,-19,-10,-19,-11,-18,-11,-18,-12,-18,-13,-17,-13,-17,-14,-18,-14,-18,-16,-19,-16,-18,-16,-18,-15,-18,-15,-19,-15,-19,-14,-18,-12,-19,-12,-19,-12,-20,-12,-20,-11,-20,-12,-22,-13,-24,-14,-24,-14,
CSI_2,82,32,5,0,-15,-24,-15,-23,-15,-23,-15,-23,-15,-22,-15,-22,-15,-22,-15,-22,-15,-23,-15,-23,-15,-22,-14,-21,-14,-20,-14,-21,-13,-21,-12,-21,-11,-20,-10,-20,-10,-19,-9,-19,-8,-18,-7,-17,-6,-17,-5,-16,-5,-16,-1,-4,0,0,0,0,0,0,0,0,0,0,0,0,0,0,0,0,0,0,-3,-3,-10,-13,-10,-13,-10,-13,-10,-14,-11,-15,-11,-16,-11,-17,-11,-17,-11,-18,-12,-19,-12,-20,-12,-20,-11,-20,-11,-20,-11,-20,-13,-20,-13,-21,-14,-21,-14,-22,-14,-21,-14,-21,-15,-22,-14,-24,-14,-26,-17,-26,-20,-26,
CSI_2,28,-64,1,0,25,1,25,0,24,-1,23,-1,23,-1,22,-2,21,-2,21,-3,21,-3,22,-4,21,-5,21,-6,21,-5,22,-5,23,-5,23,-4,22,-4,21,-3,20,-3,20,-3,19,-2,19,-1,19,0,18,0,18,1,4,0,0,0,0,0,0,0,0,0,0,0,0,0,0,0,0,0,0,0,4,0,18,2,18,3,19,4,20,4,19,5,19,6,19,6,19,7,19,7,20,8,21,9,21,9,21,9,20,8,20,8,21,7,21,6,20,5,20,4,21,4,21,4,22,3,22,4,23,4,25,4,26,5,
CSI_2,-8,-123,95,0,-5,-11,-6,-10,-7,-10,-9,-9,-8,-9,-4,-10,-3,-11,-3,-10,-2,-9,-2,-10,-3,-11,-2,-10,-1,-8,-1,-7,-1,-7,1,-8,3,-9,2,-10,0,-10,3,-10,5,-10,3,-11,1,-9,3,-7,4,-4,1,-1,0,0,0,0,0,0,0,0,0,0,0,0,0,0,0,0,0,0,-4,-3,-14,-12,-13,-11,-17,-10,-19,-10,-15,-10,-13,-11,-15,-12,-19,-11,-20,-10,-18,-12,-16,-15,-16,-15,-15,-14,-11,-16,-12,-15,-16,-11,-14,-11,-12,-13,-12,-14,-14,-14,-15,-15,-14,-16,-14,-16,-15,-15,-15,-14,-14,-13,
CSI_2,117,86,103,0,9,-7,7,-7,5,-6,5,-5,5,-6,5,-7,5,-8,5,-7,7,-7,9,-7,8,-6,5,-5,4,-3,5,-4,5,-2,4,-1,4,-3,7,-3,6,-3,4,-2,7,0,7,2,3,2,2,2,3,-1,1,-1,0,0,0,0,0,0,0,0,0,0,0,0,0,0,0,0,0,0,2,-2,9,-9,7,-8,4,-6,5,-6,11,-11,11,-11,7,-7,6,-7,7,-8,8,-10,8,-13,6,-13,6,-13,6,-14,7,-14,9,-12,11,-12,9,-12,8,-11,10,-8,10,-7,9,-9,10,-10,12,-11,11,-12,9,-14,3,-8,22,-27,34,-26,34,-29,26,-24,23,-15,24,-15,28,-17,30,-11,26,-8,22,-13,22,-14,21,-12,20,-10,19,-9,21,-12,19,-7,19,5,24,2,26,-6,18,-5,12,0,17,3,18,6,16,9,21,10,19,4,8,0,1,8,0,1,-1,-1,-1,-1,0,0,0,0,0,0,-2,-7,-7,-47,-2,-37,17,-32,13,-32,7,-30,9,-32,19,-44,21,-47,17,-40,15,-38,15,-43,13,-48,10,-50,10,-51,9,-55,12,-59,22,-55,21,-45,19,-41,29,-43,35,-40,30,-33,24,-32,28,-37,38,-47,40,-50,33,-47,26,-49,
CSI_2,91,-80,5,0,-3,16,-4,15,-4,14,-4,12,-5,13,-5,13,-4,13,-3,14,-4,14,-6,14,-6,12,-5,11,-5,14,-5,15,-3,14,-2,11,-2,11,-1,13,-1,12,-3,10,-3,9,-3,9,-3,9,-4,7,-5,5,-2,0,0,0,0,0,0,0,0,0,0,0,0,0,0,0,0,0,0,0,-2,2,-6,8,-5,8,-5,7,-5,6,-4,8,-5,9,-6,10,-6,10,-6,8,-6,6,-7,8,-8,10,-8,10,-7,11,-5,12,-5,13,-5,14,-6,13,-6,13,-7,15,-6,17,-4,17,-5,17,-6,16,-5,16,-4,15,
CSI_2,83,48,5,0,-14,-7,-15,-10,-15,-10,-11,-12,-9,-14,-12,-13,-15,-10,-16,-7,-15,-7,-14,-10,-12,-11,-11,-9,-12,-8,-12,-8,-12,-8,-13,-6,-12,-4,-10,-3,-9,-5,-9,-8,-10,-7,-10,-6,-8,-7,-9,-7,-10,-7,-3,-2,0,0,0,0,0,0,0,0,0,0,0,0,0,0,0,0,0,0,-2,0,-6,0,-8,-1,-8,-2,-7,-3,-5,-4,-5,-4,-7,-3,-9,-4,-11,-4,-11,-2,-11,0,-13,-1,-13,-3,-12,-6,-10,-6,-8,-5,-8,-6,-11,-8,-15,-9,-15,-9,-15,-7,-15,-7,-15,-8,-15,-6,-16,-6,-19,-7,
CSI_2,82,32,5,0,-13,-24,-14,-24,-14,-22,-14,-21,-14,-20,-14,-19,-14,-18,-14,-18,-14,-19,-14,-19,-15,-18,-16,-17,-16,-18,-16,-18,-16,-20,-16,-20,-15,-19,-14,-18,-14,-17,-13,-17,-12,-17,-10,-18,-9,-18,-8,-18,-8,-18,-2,-5,0,0,0,0,0,0,0,0,0,0,0,0,0,0,0,0,0,0,-3,-5,-9,-17,-9,-18,-9,-19,-8,-20,-7,-20,-7,-20,-7,-21,-6,-21,-6,-21,-5,-22,-5,-24,-4,-25,-4,-24,-4,-23,-5,-23,-6,-23,-7,-23,-7,-21,-8,-21,-9,-21,-10,-21,-10,-21,-9,-22,-9,-24,-10,-26,-10,-26,
CSI_2,91,-80,5,0,9,10,10,12,12,10,11,8,8,9,6,10,9,10,12,8,12,6,9,8,7,7,8,7,10,8,10,10,9,11,7,12,6,8,6,4,5,4,5,3,6,6,5,8,4,6,5,5,4,4,0,0,0,0,0,0,0,0,0,0,0,0,0,0,0,0,0,0,0,0,1,0,4,2,4,5,2,6,0,6,2,6,4,8,2,9,0,8,2,9,4,10,4,9,3,8,2,9,1,9,2,8,4,6,6,5,7,7,6,8,6,9,5,11,6,10,8,10,9,10,9,7,11,5,
CSI_2,83,48,5,0,14,-3,15,-2,12,-5,13,-9,12,-12,9,-10,11,-7,10,-5,5,-3,3,-5,5,-5,7,-5,6,-6,4,-4,5,-5,7,-8,8,-7,9,-3,12,-4,10,-5,5,-5,2,-4,3,-3,6,-3,7,-3,1,-1,0,0,0,0,0,0,0,0,0,0,0,0,0,0,0,0,0,0,1,0,4,1,3,-4,4,-5,6,-4,6,-6,5,-5,8,-3,11,-4,11,-4,10,-3,9,-4,10,-3,11,0,12,-1,13,-1,11,-1,9,-4,8,-6,9,-6,9,-8,9,-11,11,-8,14,-2,11,-5,7,-7,8,-3,
CSI_2,28,-64,1,0,-14,-23,-15,-23,-15,-21,-15,-20,-15,-19,-14,-19,-14,-17,-15,-17,-15,-18,-16,-18,-16,-17,-17,-16,-17,-16,-17,-17,-17,-18,-17,-18,-16,-18,-15,-17,-14,-16,-14,-16,-13,-16,-12,-17,-11,-17,-10,-17,-10,-17,-3,-5,0,0,0,0,0,0,0,0,0,0,0,0,0,0,0,0,0,0,-3,-5,-9,-17,-9,-18,-9,-19,-8,-20,-7,-20,-7,-20,-7,-21,-6,-21,-6,-21,-6,-22,-5,-24,-5,-24,-5,-24,-5,-23,-6,-22,-6,-23,-7,-22,-8,-21,-9,-21,-9,-21,-10,-21,-10,-21,-10,-21,-11,-23,-11,-25,-11,-26,
CSI_2,91,-80,5,0,15,-4,17,-2,18,-4,17,-6,14,-6,13,-6,13,-5,13,-5,12,-7,13,-8,12,-6,9,-4,12,-4,14,-4,11,-5,10,-5,11,-4,12,-3,11,-2,10,0,9,0,10,1,10,1,7,0,6,0,1,0,0,0,0,0,0,0,0,0,0,0,0,0,0,0,0,0,0,0,1,-1,3,-4,2,-6,2,-7,3,-6,4,-7,6,-9,8,-10,8,-9,7,-8,8,-10,8,-12,8,-9,8,-6,8,-7,10,-9,10,-10,12,-7,14,-6,12,-8,11,-10,13,-10,15,-10,16,-10,15,-8,14,-8,12,-11,
CSI_2,91,-80,5,0,15,-12,11,-10,7,-14,8,-17,12,-16,11,-15,6,-15,2,-16,0,-18,3,-18,7,-12,6,-11,1,-15,-2,-16,-3,-14,-3,-12,-2,-12,-3,-13,-3,-12,-4,-11,-6,-11,-5,-13,-4,-12,-5,-9,-6,-7,-2,-2,0,0,0,0,0,0,0,0,0,0,0,0,0,0,0,0,0,0,1,2,7,5,6,1,4,3,3,7,4,7,7,2,9,1,8,3,7,2,9,0,8,0,9,1,11,1,11,0,12,0,12,2,10,3,9,1,10,-1,11,-2,9,-3,6,-5,11,-8,13,-7,14,-6,17,-6,
CSI_2,82,32,5,0,-15,6,-14,6,-14,6,-14,6,-13,7,-13,7,-13,7,-13,7,-14,7,-14,7,-13,7,-13,6,-13,6,-13,6,-13,6,-13,6,-13,5,-13,4,-12,4,-12,3,-12,3,-11,2,-11,2,-11,1,-10,1,-3,0,0,0,0,0,0,0,0,0,0,0,0,0,0,0,0,0,0,0,-3,1,-9,5,-9,4,-9,4,-9,4,-10,4,-10,4,-11,4,-11,4,-12,4,-12,4,-13,4,-13,4,-13,4,-13,4,-13,5,-13,5,-13,5,-14,5,-13,5,-13,5,-13,6,-14,6,-14,5,-15,6,-15,7,-15,9,
CSI_2,28,-64,1,0,-26,0,-26,1,-25,2,-24,2,-23,2,-23,2,-22,3,-22,3,-22,3,-22,4,-22,5,-21,6,-22,5,-23,5,-24,5,-24,4,-23,4,-22,3,-21,3,-20,2,-20,1,-20,1,-20,0,-19,-1,-18,-1,-5,-1,0,0,0,0,0,0,0,0,0,0,0,0,0,0,0,0,0,0,-5,0,-19,0,-19,-1,-20,-1,-21,-2,-21,-3,-21,-4,-21,-4,-21,-5,-21,-6,-22,-6,-23,-7,-23,-7,-23,-7,-22,-7,-22,-6,-23,-6,-22,-5,-21,-3,-21,-3,-22,-3,-22,-2,-23,-2,-23,-2,-25,-2,-27,-3,-27,-3,
CSI_2,28,-64,1,0,25,-6,25,-7,24,-7,22,-8,22,-7,21,-7,20,-8,20,-9,20,-9,20,-10,19,-11,18,-11,19,-11,20,-11,21,-11,21,-10,21,-10,20,-9,19,-8,18,-8,18,-7,18,-6,18,-6,17,-5,17,-4,4,-1,0,0,0,0,0,0,0,0,0,0,0,0,0,0,0,0,0,0,4,-1,18,-3,18,-2,19,-2,20,-1,20,0,20,0,20,1,20,2,21,2,21,2,23,3,23,3,23,3,22,3,21,2,22,2,22,1,21,-1,21,-1,21,-1,22,-2,22,-2,22,-2,24,-3,25,-3,26,-2,
CSI_2,82,32,5,0,-23,-43,-23,-42,-23,-41,-23,-41,-23,-40,-23,-40,-23,-39,-23,-38,-24,-38,-24,-38,-24,-37,-23,-36,-22,-35,-22,-35,-21,-35,-20,-35,-19,-34,-17,-33,-16,-32,-15,-31,-14,-31,-13,-30,-12,-29,-11,-28,-10,-28,-3,-7,0,0,0,0,0,0,0,0,0,0,0,0,0,0,0,0,0,0,-5,-6,-19,-22,-19,-23,-19,-25,-19,-26,-19,-27,-20,-29,-20,-30,-20,-32,-20,-33,-20,-35,-20,-36,-20,-37,-20,-37,-20,-37,-20,-38,-20,-38,-21,-39,-22,-40,-22,-40,-22,-40,-23,-40,-23,-41,-23,-43,-23,-44,-26,-45,-29,-44,
CSI_2,91,-80,5,0,0,14,-1,13,-1,14,1,14,2,13,2,16,1,17,2,14,4,13,5,15,4,13,3,10,4,9,4,11,3,12,0,12,-2,13,-1,13,-1,11,-2,9,-3,8,0,8,3,9,3,9,1,6,0,1,0,0,0,0,0,0,0,0,0,0,0,0,0,0,0,0,0,0,-1,0,-1,4,1,4,1,3,0,3,-2,5,-2,6,0,9,1,9,0,8,0,11,0,13,-1,10,-1,7,1,8,1,11,0,14,1,13,1,12,-1,13,-4,15,-5,17,-2,16,1,15,0,15,-1,14,0,15,
CSI_2,83,48,5,0,-4,16,-4,11,-3,11,0,14,2,15,2,13,0,14,-2,18,-2,17,-1,12,-2,8,0,9,4,12,2,13,-1,10,-2,11,-4,11,-3,9,-4,8,-7,9,-6,9,-5,10,-3,9,-2,6,-2,6,-1,1,0,0,0,0,0,0,0,0,0,0,0,0,0,0,0,0,0,0,0,1,1,6,1,7,-1,5,-3,3,-1,3,3,2,4,2,-1,4,-4,7,-2,11,0,9,-1,5,0,8,0,11,-1,13,1,15,1,13,0,10,-3,8,-6,8,-5,10,0,13,2,15,-1,15,-2,13,2,14,
CSI_2,28,-64,1,0,-4,25,-3,26,-2,25,-1,24,-1,23,-1,22,0,22,1,21,0,22,0,22,2,22,3,22,2,22,2,23,1,24,1,24,1,23,1,21,0,20,0,20,-1,20,-2,19,-3,19,-3,18,-4,18,-1,4,0,0,0,0,0,0,0,0,0,0,0,0,0,0,0,0,0,0,-1,4,-4,18,-4,18,-5,19,-6,20,-7,19,-8,19,-8,19,-9,19,-9,19,-10,20,-11,21,-12,21,-12,21,-11,20,-10,20,-10,21,-9,21,-7,20,-6,20,-6,21,-6,21,-6,22,-6,22,-7,23,-7,25,-8,26,
CSI_2,82,32,5,0,17,-18,16,-18,16,-18,16,-17,15,-18,15,-18,15,-18,14,-18,14,-18,14,-18,13,-18,13,-17,13,-17,13,-17,13,-17,14,-16,13,-15,13,-15,13,-14,13,-13,12,-13,12,-12,12,-11,12,-10,12,-10,3,-3,0,0,0,0,0,0,0,0,0,0,0,0,0,0,0,0,0,0,2,-4,8,-13,9,-13,9,-13,10,-13,11,-13,11,-14,12,-14,13,-15,14,-15,14,-14,15,-14,16,-14,16,-15,16,-15,16,-15,16,-15,16,-16,16,-16,16,-16,16,-16,16,-17,16,-17,17,-17,18,-17,18,-19,17,-21,
CSI_2,91,-80,5,0,-3,-5,0,-7,1,-13,-3,-16,-7,-15,-6,-12,-3,-11,-2,-12,0,-15,1,-16,0,-13,0,-14,-1,-14,-2,-11,2,-9,5,-10,6,-10,7,-10,5,-9,4,-8,5,-4,8,-4,10,-9,8,-7,6,-1,1,0,0,0,0,0,0,0,0,0,0,0,0,0,0,0,0,0,0,0,-2,0,-5,-1,-7,-4,-12,-5,-12,-7,-9,-8,-8,-6,-11,-3,-10,-4,-7,-8,-9,-7,-10,-5,-8,-7,-10,-11,-11,-11,-8,-8,-6,-8,-7,-10,-7,-9,-2,-7,0,-5,-6,-6,-9,-9,-5,-11,-5,-11,-7,-11,-9,-11,
CSI_2,83,48,5,0,10,-2,11,0,16,1,16,0,16,0,14,3,12,4,9,4,7,7,9,5,10,1,7,2,5,2,5,3,6,6,5,5,4,3,6,4,8,5,7,7,7,9,7,9,3,7,1,9,3,10,1,2,0,0,0,0,0,0,0,0,0,0,0,0,0,0,0,0,0,0,0,-3,0,-8,1,-6,2,-6,3,-8,3,-11,1,-12,0,-8,2,-6,4,-7,6,-7,6,-5,2,-7,0,-8,6,-7,12,-10,10,-12,7,-9,8,-9,10,-8,12,-6,9,-6,7,-9,9,-7,12,-4,13,-5,12,-6,
CSI_2,82,32,5,0,21,14,22,13,22,11,21,10,21,10,20,10,19,9,19,8,20,8,20,8,20,7,21,6,21,6,21,7,22,8,22,8,21,8,20,7,19,7,18,8,17,8,17,9,16,9,15,10,15,10,3,2,0,0,0,0,0,0,0,0,0,0,0,0,0,0,0,0,0,0,3,2,14,11,14,11,15,13,15,14,14,14,14,15,13,15,13,16,13,16,13,17,14,18,14,19,13,19,13,18,13,17,14,17,15,16,15,14,15,14,16,14,17,14,17,14,17,14,18,15,20,17,20,18,
CSI_2,-117,-80,8,0,16,-18,15,-17,15,-17,15,-16,15,-16,14,-18,15,-18,14,-17,13,-17,14,-17,13,-16,13,-16,12,-15,12,-15,13,-14,12,-13,11,-13,12,-13,11,-12,10,-11,11,-12,11,-11,11,-9,11,-7,10,-6,2,-2,0,0,0,0,0,0,0,0,0,0,0,0,0,0,0,0,0,0,4,-4,16,-15,16,-16,17,-16,17,-16,17,-16,18,-16,19,-15,19,-16,20,-16,20,-15,21,-15,22,-15,21,-16,21,-17,21,-16,21,-16,19,-16,17,-16,17,-16,19,-17,18,-17,17,-17,17,-16,19,-17,19,-18,19,-18,
CSI_2,28,-64,1,0,-17,20,-16,21,-15,20,-14,20,-13,19,-12,19,-11,18,-10,19,-11,19,-11,20,-9,20,-9,20,-9,20,-10,21,-11,21,-11,21,-11,20,-10,19,-10,18,-10,17,-10,17,-11,16,-11,16,-11,15,-11,14,-3,3,0,0,0,0,0,0,0,0,0,0,0,0,0,0,0,0,0,0,-4,3,-13,13,-14,13,-15,13,-16,13,-17,12,-17,12,-18,11,-18,11,-18,11,-19,11,-21,12,-21,12,-21,11,-20,11,-19,11,-20,12,-19,13,-17,13,-17,14,-17,14,-17,15,-16,15,-17,16,-18,17,-19,18,-20,18,
CSI_2,83,48,5,0,14,-2,15,2,12,4,11,0,11,-6,11,-2,15,2,15,-2,9,-1,9,2,12,2,10,2,7,-1,9,-4,11,-3,10,-2,8,-2,6,-2,10,-1,12,-1,10,-1,10,0,10,1,7,1,3,1,0,0,0,0,0,0,0,0,0,0,0,0,0,0,0,0,0,0,0,0,1,-1,6,-1,3,0,-2,1,1,0,10,-4,14,-8,11,-6,7,2,7,2,8,-4,10,-4,11,0,13,2,15,0,14,-3,9,2,6,4,10,0,14,-2,12,-5,11,-6,12,-8,13,-7,13,-2,17,-1,18,-3,
CSI_2,28,-64,1,0,21,14,22,13,22,11,21,10,21,10,20,10,19,8,20,8,20,8,20,8,21,6,21,5,21,6,21,7,22,7,22,8,21,7,20,7,19,7,18,7,17,8,17,8,16,9,15,9,15,9,3,2,0,0,0,0,0,0,0,0,0,0,0,0,0,0,0,0,0,0,3,2,14,11,14,11,15,13,15,14,14,14,14,15,13,15,13,16,13,16,13,17,14,18,14,19,13,18,13,18,14,17,14,17,15,16,15,14,15,14,16,14,17,14,17,14,17,14,18,15,20,17,20,17,
CSI_2,83,48,5,0,6,2,5,-2,5,-3,9,0,10,1,8,1,7,1,7,1,8,0,7,0,7,0,8,0,9,1,10,3,7,2,4,1,4,1,6,2,6,3,5,3,5,4,5,4,6,3,6,2,6,1,1,0,0,0,0,0,0,0,0,0,0,0,0,0,0,0,0,0,0,0,1,-1,6,-2,5,2,5,4,5,1,6,0,6,3,5,6,5,6,4,4,3,3,3,4,5,5,7,3,7,2,6,3,5,4,6,5,6,6,6,5,6,3,5,3,4,3,4,3,4,2,5,2,8,5,
CSI_2,82,32,5,0,-8,22,-8,21,-8,21,-8,21,-7,21,-7,21,-7,20,-6,20,-6,20,-6,20,-6,20,-6,20,-6,19,-6,19,-6,19,-7,19,-7,18,-7,17,-7,16,-7,16,-7,15,-7,14,-8,14,-8,13,-8,12,-2,3,0,0,0,0,0,0,0,0,0,0,0,0,0,0,0,0,0,0,-1,3,-2,14,-2,14,-3,15,-3,15,-4,16,-4,16,-5,17,-5,18,-6,18,-6,18,-7,19,-8,19,-8,19,-8,19,-8,19,-8,19,-8,20,-8,20,-8,20,-8,20,-7,21,-8,21,-8,21,-9,22,-8,23,-6,24,
CSI_2,28,-64,1,0,-1,26,0,26,1,24,2,23,2,23,2,22,2,21,3,21,3,21,3,21,5,21,5,21,5,21,5,22,4,23,4,23,4,22,3,21,3,20,2,19,2,19,1,19,0,19,0,18,-1,18,-1,4,0,0,0,0,0,0,0,0,0,0,0,0,0,0,0,0,0,0,-1,4,-2,18,-3,18,-4,19,-4,20,-5,19,-6,19,-7,20,-7,19,-8,20,-8,20,-8,21,-9,22,-9,21,-8,21,-8,20,-8,21,-6,21,-5,20,-4,20,-4,21,-4,21,-3,22,-3,22,-4,24,-4,26,-5,26,
CSI_2,91,-80,5,0,-7,-10,-6,-10,-5,-10,-4,-11,-2,-11,-2,-9,-1,-10,-1,-11,-2,-9,-1,-10,0,-11,-1,-9,-2,-10,-2,-10,0,-9,1,-9,-1,-9,-2,-9,-1,-9,0,-9,0,-7,-1,-6,0,-7,1,-7,-1,-4,-1,-1,0,0,0,0,0,0,0,0,0,0,0,0,0,0,0,0,0,0,0,-1,-1,-4,-5,-2,-5,-2,-7,-5,-8,-4,-7,-3,-7,-5,-8,-6,-7,-6,-7,-7,-8,-6,-7,-5,-7,-5,-8,-5,-6,-5,-5,-5,-6,-6,-6,-7,-7,-8,-8,-7,-8,-5,-7,-6,-8,-9,-9,-12,-10,-12,-10,-12,
CSI_2,83,48,5,0,-2,13,-2,9,-4,8,-5,9,-5,11,-4,12,-4,10,-5,8,-4,8,-3,8,-3,7,-4,8,-6,7,-6,7,-5,7,-6,3,-9,3,-7,5,-6,5,-6,4,-5,4,-6,4,-7,2,-6,2,-5,2,-1,0,0,0,0,0,0,0,0,0,0,0,0,0,0,0,0,0,0,0,0,0,3,1,4,2,6,3,7,4,6,5,2,3,0,3,0,6,2,6,1,4,1,4,2,5,2,7,0,8,1,8,1,8,0,6,-2,6,-2,8,-3,9,-2,8,0,7,-2,9,-5,11,-5,12,-1,13,
CSI_2,28,-64,1,0,23,-11,23,-12,21,-12,20,-13,19,-13,19,-12,18,-13,17,-13,17,-13,18,-13,17,-14,16,-15,17,-15,18,-15,19,-15,19,-15,18,-14,17,-13,16,-13,16,-12,16,-11,16,-10,17,-9,17,-8,16,-8,4,-2,0,0,0,0,0,0,0,0,0,0,0,0,0,0,0,0,0,0,4,-2,16,-7,17,-7,18,-7,19,-6,19,-5,19,-5,20,-5,20,-4,20,-4,21,-4,22,-3,23,-3,23,-3,22,-3,21,-3,22,-4,21,-5,20,-6,20,-6,20,-7,20,-8,20,-8,20,-8,22,-8,24,-8,25,-8,
CSI_2,91,-80,5,0,-12,2,-11,2,-15,2,-17,2,-15,2,-12,4,-12,4,-13,4,-13,4,-10,3,-8,0,-9,0,-10,1,-11,1,-13,2,-13,1,-11,0,-9,0,-8,0,-7,1,-7,0,-6,-4,-6,-4,-7,-4,-6,-3,-2,-1,0,0,0,0,0,0,0,0,0,0,0,0,0,0,0,0,0,0,0,0,-1,3,-4,3,-6,3,-5,4,-3,6,-2,7,-3,7,-7,6,-10,6,-11,8,-9,8,-6,7,-6,6,-7,5,-8,5,-11,5,-12,4,-10,5,-8,6,-9,5,-12,5,-13,8,-9,10,-8,11,-8,8,-7,3,
CSI_2,83,48,5,0,14,-4,16,-5,16,-6,13,-4,10,-2,11,-2,11,-3,10,-3,9,-4,10,-4,11,-3,9,-1,9,-2,8,-3,8,-4,10,-4,10,-2,8,-1,8,-2,8,-3,9,-3,9,-1,8,1,7,0,6,0,1,0,0,0,0,0,0,0,0,0,0,0,0,0,0,0,0,0,0,0,0,-2,2,-5,3,-3,5,-3,5,-3,5,-5,6,-6,5,-5,3,-3,4,-5,6,-4,6,-2,5,-1,6,-2,7,-4,6,-6,5,-7,6,-4,7,-4,7,-7,7,-8,8,-6,10,-8,13,-9,16,-9,16,-9,13,-10,
CSI_2,117,86,103,0,3,10,2,11,2,11,2,11,2,9,2,10,2,11,1,10,1,8,0,8,-2,8,-2,8,1,7,2,7,2,8,2,7,0,4,-3,3,-3,4,-3,7,-5,7,-5,5,-5,4,-4,5,-2,6,-1,1,0,0,0,0,0,0,0,0,0,0,0,0,0,0,0,0,0,0,-1,2,-4,11,-3,11,-3,10,-1,10,2,10,2,10,-2,12,-6,13,-6,13,-3,12,-2,13,1,15,4,15,3,13,-1,13,-4,14,-2,14,1,13,2,13,2,12,5,10,6,11,5,14,2,13,1,10,3,10,8,10,32,46,29,47,26,45,24,44,24,39,21,29,24,27,29,35,21,37,10,33,6,30,8,25,11,21,11,21,13,21,14,22,16,19,14,16,6,17,3,17,2,21,-3,28,-6,28,-10,23,-16,20,-14,22,-9,25,-6,24,-1,2,-1,-1,-1,-1,-1,-1,-1,-1,0,0,0,6,2,43,3,28,-4,32,-2,37,2,37,3,36,7,35,9,39,4,45,0,46,2,47,8,50,12,47,14,44,16,52,20,54,17,54,13,58,16,56,17,52,17,49,20,41,21,34,24,42,26,52,19,53,13,49,14,45,
CSI_2,82,32,5,0,-5,-26,-5,-26,-6,-25,-7,-24,-7,-23,-7,-22,-7,-21,-8,-21,-8,-22,-8,-22,-9,-21,-10,-21,-10,-21,-9,-22,-9,-23,-9,-23,-8,-22,-8,-21,-7,-20,-7,-20,-6,-20,-5,-20,-4,-20,-3,-19,-3,-18,-1,-5,0,0,0,0,0,0,0,0,0,0,0,0,0,0,0,0,0,0,-1,-5,-3,-19,-2,-19,-2,-21,-1,-21,0,-21,0,-21,1,-21,2,-21,2,-22,2,-22,3,-24,4,-24,4,-24,3,-23,3,-23,2,-23,1,-23,0,-22,-1,-22,-1,-22,-2,-23,-2,-23,-2,-23,-2,-25,-2,-27,-1,-27,
CSI_2,91,-80,5,0,-9,-9,-10,-9,-12,-9,-13,-10,-13,-9,-10,-6,-10,-5,-11,-3,-11,-4,-9,-6,-7,-7,-8,-7,-9,-7,-10,-6,-11,-7,-9,-7,-7,-4,-6,-3,-7,-4,-8,-5,-9,-5,-10,-5,-8,-5,-6,-5,-6,-5,-2,-2,0,0,0,0,0,0,0,0,0,0,0,0,0,0,0,0,0,0,-2,-1,-6,-2,-6,0,-5,-1,-5,-3,-4,-5,-4,-3,-7,-2,-9,-3,-9,-4,-9,-5,-10,-4,-10,-4,-11,-5,-13,-6,-12,-6,-11,-6,-13,-8,-11,-9,-11,-9,-13,-8,-13,-7,-11,-6,-12,-6,-13,-8,-12,-8,-12,-6,
CSI_2,83,48,5,0,-13,0,-11,-2,-11,-3,-10,-4,-13,-3,-14,-1,-13,-1,-12,-1,-12,2,-11,2,-12,-1,-10,-3,-9,-3,-10,-2,-11,-3,-10,-4,-10,-5,-7,-4,-5,-3,-8,-3,-9,-4,-8,-4,-6,-4,-6,-2,-6,-1,-2,-1,0,0,0,0,0,0,0,0,0,0,0,0,0,0,0,0,0,0,-2,0,-5,4,-5,6,-5,6,-5,5,-4,5,-5,5,-5,5,-7,7,-8,8,-9,8,-9,9,-9,8,-9,7,-10,8,-9,9,-6,9,-5,8,-6,5,-9,3,-12,4,-12,3,-11,1,-10,3,-10,4,-13,5,-14,6,
CSI_2,82,32,5,0,22,-10,22,-10,22,-10,21,-10,21,-10,21,-10,20,-10,20,-10,20,-10,20,-11,19,-11,19,-10,19,-10,19,-10,19,-9,19,-9,19,-8,18,-7,18,-7,17,-6,16,-6,16,-5,15,-4,15,-4,15,-3,3,-1,0,0,0,0,0,0,0,0,0,0,0,0,0,0,0,0,0,0,3,-3,12,-9,13,-9,13,-9,14,-9,15,-9,16,-9,16,-9,17,-9,18,-8,19,-8,19,-8,20,-8,20,-8,20,-8,20,-8,20,-8,20,-8,21,-9,21,-9,21,-9,21,-9,22,-10,22,-9,23,-9,23,-11,24,-12,
CSI_2,28,-64,1,0,-21,16,-21,16,-19,16,-18,16,-18,16,-17,15,-16,15,-15,16,-15,16,-15,16,-14,17,-14,17,-14,17,-15,17,-16,18,-16,18,-16,17,-15,16,-14,15,-15,14,-15,13,-15,13,-15,12,-15,11,-15,11,-4,2,0,0,0,0,0,0,0,0,0,0,0,0,0,0,0,0,0,0,-4,2,-16,10,-16,10,-18,10,-19,9,-19,9,-19,8,-20,7,-20,7,-20,7,-21,7,-23,7,-23,7,-23,7,-22,7,-21,7,-22,8,-21,9,-19,9,-19,10,-20,10,-20,11,-19,11,-20,11,-21,12,-23,13,-24,13,
CSI_2,91,-80,5,0,-17,0,-14,-1,-15,-1,-17,1,-15,3,-14,3,-14,2,-12,1,-11,2,-13,4,-14,2,-14,-1,-13,-1,-12,0,-13,1,-12,1,-12,0,-13,0,-12,0,-11,0,-12,-1,-12,0,-10,0,-9,-3,-9,-5,-3,-2,0,0,0,0,0,0,0,0,0,0,0,0,0,0,0,0,0,0,-2,-1,-6,-1,-7,2,-7,3,-6,3,-6,1,-7,1,-9,1,-9,0,-10,-1,-11,-1,-12,1,-13,1,-14,0,-14,1,-14,0,-14,-2,-14,-1,-16,3,-16,6,-14,4,-13,3,-14,3,-16,2,-16,1,-16,3,-16,4,
CSI_2,83,48,5,0,-15,7,-15,4,-15,3,-14,1,-14,2,-12,2,-12,-1,-14,-2,-14,0,-13,1,-11,-2,-11,-7,-12,-5,-12,-3,-12,-5,-10,-5,-8,-6,-10,-7,-10,-7,-7,-6,-7,-6,-8,-6,-6,-5,-4,-6,-8,-9,-3,-3,0,0,0,0,0,0,0,0,0,0,0,0,0,0,0,0,0,0,-1,1,-1,7,-2,7,-3,6,-3,5,-2,6,-1,6,-1,5,-3,4,-5,5,-7,8,-8,10,-10,11,-11,10,-12,8,-11,8,-10,7,-9,7,-7,7,-9,6,-12,6,-11,7,-9,5,-12,3,-17,6,-15,8,-10,5,
CSI_2,28,-64,1,0,-14,21,-14,22,-12,21,-11,21,-11,21,-10,20,-9,19,-8,19,-9,19,-9,20,-8,20,-7,21,-7,21,-8,21,-9,22,-9,22,-9,21,-8,19,-8,18,-8,18,-9,17,-9,16,-10,16,-11,15,-11,14,-3,3,0,0,0,0,0,0,0,0,0,0,0,0,0,0,0,0,0,0,-3,3,-11,14,-12,14,-13,15,-14,15,-14,14,-15,14,-15,14,-16,13,-16,13,-17,14,-18,14,-19,14,-19,14,-18,14,-17,14,-18,14,-17,15,-15,15,-14,16,-14,16,-14,17,-14,17,-14,17,-15,18,-17,20,-18,20,
CSI_2,82,32,5,0,-39,30,-38,29,-37,29,-35,29,-34,30,-34,30,-33,30,-33,30,-33,30,-32,30,-31,29,-30,28,-30,28,-30,28,-30,27,-30,26,-29,25,-28,24,-28,23,-27,22,-26,21,-26,19,-26,18,-25,17,-25,16,-7,3,0,0,0,0,0,0,0,0,0,0,0,0,0,0,0,0,0,0,-5,5,-20,20,-21,20,-22,20,-24,20,-25,21,-26,21,-27,22,-28,23,-30,23,-31,23,-33,23,-34,23,-34,24,-34,24,-34,24,-35,25,-36,26,-36,26,-36,27,-35,27,-35,29,-36,29,-38,29,-39,29,-39,32,-38,35,
CSI_2,28,-64,1,0,-26,-2,-27,-2,-25,-1,-24,0,-24,0,-23,0,-22,1,-22,2,-22,2,-23,2,-22,4,-22,4,-22,4,-23,3,-24,3,-24,3,-23,2,-22,2,-21,2,-21,1,-20,0,-20,0,-20,-1,-19,-1,-18,-2,-5,-1,0,0,0,0,0,0,0,0,0,0,0,0,0,0,0,0,0,0,-5,-1,-18,-3,-19,-4,-20,-5,-21,-5,-20,-6,-20,-7,-20,-7,-20,-8,-20,-8,-21,-8,-22,-9,-22,-10,-22,-10,-21,-9,-21,-9,-22,-9,-22,-7,-21,-6,-21,-5,-22,-5,-22,-5,-22,-4,-23,-4,-24,-5,-26,-5,-26,-6,
CSI_2,91,-80,5,0,15,-9,15,-8,11,-7,8,-7,9,-7,9,-7,8,-7,10,-9,11,-10,10,-10,9,-9,10,-7,13,-6,13,-7,12,-6,10,-6,8,-6,7,-4,6,-2,6,-2,6,-1,7,-1,9,-2,7,-2,6,-1,1,-1,0,0,0,0,0,0,0,0,0,0,0,0,0,0,0,0,0,0,1,-1,5,-5,4,-7,5,-8,5,-7,5,-6,7,-6,9,-6,10,-7,7,-8,6,-7,5,-6,7,-7,10,-9,10,-7,8,-5,7,-7,7,-8,6,-9,7,-9,10,-8,10,-9,11,-10,13,-10,14,-8,13,-9,12,-15,
CSI_2,58,-96,3,0,1,-29,2,-28,2,-27,3,-24,4,-24,3,-26,2,-26,2,-24,3,-25,3,-27,2,-25,1,-26,4,-26,8,-23,8,-20,6,-19,6,-18,6,-17,8,-18,9,-18,9,-15,8,-12,10,-11,11,-11,10,-10,2,-3,0,0,0,0,0,0,0,0,0,0,0,0,0,0,0,0,0,0,-1,-3,-1,-10,1,-10,2,-11,3,-11,3,-11,2,-11,3,-12,5,-11,5,-11,5,-12,6,-14,6,-16,5,-18,6,-17,6,-18,5,-21,5,-20,5,-17,6,-18,7,-20,5,-23,1,-23,1,-23,5,-25,7,-27,4,-29,
CSI_2,58,-96,3,0,18,13,18,14,18,16,18,18,20,18,23,19,28,18,23,14,18,11,21,10,20,11,18,14,19,12,19,10,16,14,8,17,7,18,12,15,14,13,13,15,13,16,9,15,6,14,5,11,2,11,0,3,0,0,0,0,0,0,0,0,0,0,0,0,0,0,0,0,0,0,2,1,10,7,10,7,7,7,5,10,3,13,0,12,0,11,5,10,7,9,10,10,9,10,8,8,13,11,15,14,17,13,17,12,15,12,12,11,12,10,15,15,16,17,14,14,16,12,21,17,21,19,21,14,
CSI_2,28,-64,1,0,-20,-17,-21,-16,-21,-15,-20,-14,-20,-13,-19,-13,-19,-12,-19,-11,-19,-11,-20,-11,-20,-9,-21,-9,-21,-9,-21,-10,-21,-11,-21,-11,-20,-11,-19,-11,-18,-11,-17,-11,-17,-11,-16,-11,-16,-12,-15,-12,-14,-12,-4,-3,0,0,0,0,0,0,0,0,0,0,0,0,0,0,0,0,0,0,-4,-4,-14,-13,-14,-14,-14,-15,-14,-16,-13,-16,-13,-17,-12,-17,-11,-18,-12,-18,-12,-19,-13,-20,-13,-20,-13,-20,-12,-19,-12,-19,-13,-19,-14,-18,-14,-17,-14,-16,-15,-17,-15,-17,-16,-16,-16,-16,-17,-17,-19,-19,-19,-20,
CSI_2,91,-80,5,0,6,-13,6,-13,5,-12,5,-11,6,-12,7,-13,5,-13,6,-13,7,-14,6,-12,4,-8,4,-8,7,-10,9,-11,10,-11,9,-10,8,-8,8,-8,7,-9,6,-8,5,-6,5,-6,6,-6,8,-7,9,-8,2,-2,0,0,0,0,0,0,0,0,0,0,0,0,0,0,0,0,0,0,-2,-2,-5,-5,-3,-6,0,-7,0,-9,-1,-8,-1,-9,0,-10,1,-10,1,-11,1,-12,0,-11,2,-9,4,-10,3,-12,3,-12,3,-11,4,-13,5,-15,6,-17,3,-14,2,-12,5,-14,8,-16,9,-16,8,-15,5,-15,
CSI_2,83,48,5,0,-3,-16,-2,-17,-4,-16,-3,-14,-1,-14,-1,-15,-4,-15,-7,-13,-5,-11,-5,-12,-6,-16,-5,-15,-7,-12,-9,-11,-9,-12,-8,-13,-7,-11,-6,-10,-6,-10,-7,-11,-7,-13,-6,-14,-5,-11,-5,-10,-5,-9,-1,-2,0,0,0,0,0,0,0,0,0,0,0,0,0,0,0,0,0,0,0,-1,3,-5,2,-7,1,-7,0,-5,1,-5,1,-9,-1,-11,-2,-11,-1,-9,1,-12,0,-13,-2,-10,-3,-8,-3,-10,-3,-13,-3,-13,-2,-14,-3,-15,-3,-14,-1,-12,-1,-11,-3,-10,-3,-13,-2,-17,-2,-18,-2,-20,
CSI_2,82,32,5,0,4,-26,3,-26,2,-25,2,-24,2,-23,1,-23,1,-22,0,-22,0,-22,-1,-23,-2,-22,-3,-22,-2,-22,-2,-23,-1,-24,-1,-24,-1,-23,0,-22,0,-21,0,-21,1,-20,2,-20,2,-19,3,-19,3,-18,0,-5,0,0,0,0,0,0,0,0,0,0,0,0,0,0,0,0,0,0,1,-5,4,-18,5,-18,6,-19,7,-20,7,-19,8,-19,9,-19,9,-18,10,-19,10,-20,11,-20,12,-21,12,-20,11,-20,10,-20,10,-21,9,-21,7,-20,7,-20,7,-21,6,-21,6,-22,6,-22,6,-23,7,-25,8,-25,
CSI_2,82,32,5,0,24,10,24,9,24,9,23,9,23,8,23,8,23,8,23,7,24,7,23,7,23,7,22,7,22,7,22,7,22,7,21,7,20,8,20,8,19,8,18,8,17,8,16,8,15,8,15,8,14,9,3,2,0,0,0,0,0,0,0,0,0,0,0,0,0,0,0,0,0,0,3,0,15,3,16,3,16,4,17,4,17,5,18,5,19,6,19,6,20,7,20,8,20,9,21,9,21,10,21,10,21,10,21,9,22,9,22,9,22,9,22,9,23,9,24,9,24,10,24,11,26,10,28,9,
CSI_2,-8,-123,95,0,-3,-13,-1,-14,3,-15,2,-12,-1,-11,-1,-10,-3,-7,-2,-6,0,-7,0,-9,-1,-10,0,-11,1,-11,2,-10,2,-9,2,-9,3,-9,3,-10,2,-10,2,-10,3,-11,3,-11,3,-9,5,-10,5,-12,1,-3,0,0,0,0,0,0,0,0,0,0,0,0,0,0,0,0,0,0,2,-2,8,-7,8,-7,9,-7,10,-7,10,-8,11,-9,12,-8,7,-7,5,-5,8,-8,11,-11,10,-10,7,-11,4,-13,3,-12,2,-8,-1,-7,0,-9,1,-13,3,-16,4,-14,3,-12,2,-11,0,-11,1,-11,3,-10,
CSI_2,91,-80,5,0,-16,0,-13,0,-13,4,-14,9,-11,7,-10,4,-14,6,-13,3,-8,-2,-8,-3,-13,-4,-15,-9,-16,-10,-19,-4,-15,-3,-9,-6,-8,-8,-8,-7,-8,-11,-8,-14,-10,-11,-13,-9,-14,-10,-8,-10,-3,-6,-1,-1,0,0,0,0,0,0,0,0,0,0,0,0,0,0,0,0,0,0,1,3,8,11,8,5,0,3,-4,5,3,9,7,13,5,16,4,15,2,12,-3,13,-6,10,-2,12,1,14,0,8,-4,9,-3,13,-1,10,-6,10,-11,15,-13,11,-10,7,-8,7,-16,5,-21,9,-19,11,-13,6,
CSI_2,28,-64,1,0,-9,-25,-9,-25,-10,-24,-10,-22,-10,-22,-9,-21,-10,-20,-11,-20,-11,-20,-12,-20,-13,-19,-14,-19,-13,-19,-13,-20,-12,-21,-12,-21,-12,-20,-11,-20,-10,-19,-9,-19,-9,-19,-8,-18,-8,-18,-7,-18,-6,-18,-2,-5,0,0,0,0,0,0,0,0,0,0,0,0,0,0,0,0,0,0,-2,-5,-6,-18,-5,-19,-5,-20,-4,-21,-3,-21,-3,-21,-2,-21,-1,-21,-1,-22,-2,-22,-2,-24,-2,-24,-1,-24,-1,-23,-1,-23,-2,-23,-2,-23,-4,-21,-4,-21,-4,-22,-5,-22,-5,-22,-6,-22,-7,-24,-7,-26,-6,-26,
CSI_2,28,-64,1,0,5,25,6,25,6,24,7,22,6,22,6,21,7,20,8,20,8,20,8,20,9,19,10,19,10,19,10,20,9,21,9,21,8,21,8,20,7,19,6,19,6,18,5,18,4,18,4,18,3,17,0,4,0,0,0,0,0,0,0,0,0,0,0,0,0,0,0,0,0,0,0,4,2,18,2,18,1,19,0,20,0,20,-1,20,-2,20,-3,20,-3,21,-3,21,-3,22,-4,23,-4,23,-3,22,-3,21,-2,22,-1,22,0,21,0,21,1,21,1,21,2,22,2,22,2,24,2,26,2,27,
CSI_2,28,-64,1,0,-26,3,-26,3,-25,4,-24,4,-23,4,-22,4,-22,5,-21,6,-22,5,-22,6,-21,7,-21,8,-22,8,-22,7,-23,7,-23,7,-22,6,-21,6,-21,5,-20,4,-20,4,-20,3,-20,2,-19,2,-19,1,-5,0,0,0,0,0,0,0,0,0,0,0,0,0,0,0,0,0,0,0,-5,0,-19,1,-19,0,-21,0,-21,-1,-21,-2,-21,-3,-21,-3,-21,-4,-21,-4,-22,-4,-23,-5,-24,-5,-23,-6,-22,-5,-22,-5,-23,-4,-23,-3,-22,-2,-22,-1,-22,-1,-23,-1,-23,0,-23,0,-25,0,-26,0,-27,-1,
CSI_2,-8,-123,95,0,-9,-6,-8,-3,-8,-3,-8,-2,-9,-2,-9,-3,-8,-2,-7,-2,-8,-2,-8,-3,-8,-3,-8,-2,-8,0,-7,1,-8,1,-8,0,-8,-1,-7,2,-6,2,-5,0,-5,-2,-6,-2,-8,-1,-9,0,-8,1,-2,0,0,0,0,0,0,0,0,0,0,0,0,0,0,0,0,0,0,0,-2,0,-6,3,-6,4,-6,4,-8,5,-10,6,-10,5,-9,4,-9,3,-8,3,-9,2,-12,0,-13,-1,-14,-3,-12,-4,-11,-3,-12,-2,-12,-2,-11,-2,-10,-3,-11,-7,-13,-9,-13,-5,-10,-2,-10,-3,-10,-4,-9,-6,
CSI_2,82,32,5,0,-27,41,-26,40,-26,40,-25,39,-24,39,-24,39,-23,38,-23,38,-23,38,-22,38,-21,37,-21,36,-21,36,-21,36,-21,35,-21,34,-21,32,-21,30,-21,29,-21,28,-21,27,-21,25,-21,24,-21,22,-21,21,-6,5,0,0,0,0,0,0,0,0,0,0,0,0,0,0,0,0,0,0,-3,6,-10,26,-11,26,-12,27,-13,28,-15,29,-16,30,-17,31,-18,32,-19,33,-21,33,-22,34,-23,34,-23,35,-23,35,-24,35,-24,36,-24,36,-25,37,-24,38,-24,38,-24,39,-24,40,-26,40,-27,41,-27,43,-25,46,
CSI_2,-117,-80,8,0,10,-24,9,-22,10,-20,11,-19,10,-19,9,-18,8,-17,8,-16,8,-15,8,-15,8,-14,8,-12,6,-11,4,-12,4,-12,5,-11,6,-8,6,-6,4,-5,4,-6,4,-6,3,-4,2,-4,2,-4,2,-4,0,-1,0,0,0,0,0,0,0,0,0,0,0,0,0,0,0,0,0,0,3,-7,16,-25,17,-25,18,-27,18,-26,19,-25,20,-24,20,-25,20,-27,20,-26,21,-26,20,-27,19,-28,19,-27,19,-25,19,-24,20,-24,20,-24,18,-25,15,-27,15,-27,15,-26,15,-24,15,-23,15,-23,15,-23,13,-23,
CSI_2,91,-80,5,0,6,-15,6,-17,5,-18,7,-15,8,-13,7,-14,5,-15,4,-16,5,-17,7,-16,9,-16,9,-15,6,-15,3,-13,5,-11,7,-11,5,-12,4,-11,4,-10,5,-9,7,-9,6,-8,4,-9,4,-10,3,-9,0,-3,0,0,0,0,0,0,0,0,0,0,0,0,0,0,0,0,0,0,-1,-2,-4,-7,-4,-8,-2,-8,-3,-8,-2,-8,-2,-8,-1,-11,1,-14,2,-13,1,-11,-1,-12,-2,-14,-1,-15,0,-15,1,-13,3,-12,3,-14,1,-14,0,-15,2,-15,5,-15,5,-15,4,-15,3,-16,4,-17,3,-17,
CSI_2,83,48,5,0,10,11,10,13,12,16,13,15,12,10,10,8,9,9,9,10,9,12,8,13,8,11,9,9,10,8,11,9,9,9,8,7,8,6,8,7,8,9,8,7,7,7,7,7,6,5,6,4,6,5,1,1,0,0,0,0,0,0,0,0,0,0,0,0,0,0,0,0,0,0,1,0,6,1,5,3,4,4,5,5,7,4,6,4,4,6,4,9,5,11,4,9,5,8,8,11,9,14,7,14,6,11,5,10,8,12,7,9,5,6,6,9,9,13,10,13,10,13,9,13,8,12,7,10,
CSI_2,28,-64,1,0,8,-25,7,-25,6,-25,5,-24,5,-23,5,-22,4,-22,3,-22,3,-22,3,-23,2,-22,1,-22,1,-23,2,-23,2,-24,3,-24,3,-23,3,-22,3,-21,3,-20,4,-20,5,-19,5,-19,6,-18,6,-17,1,-5,0,0,0,0,0,0,0,0,0,0,0,0,0,0,0,0,0,0,1,-5,7,-17,8,-17,9,-18,10,-19,10,-18,11,-18,11,-17,12,-17,12,-17,13,-18,14,-18,15,-19,15,-18,14,-18,13,-18,13,-19,12,-19,10,-19,10,-19,10,-20,9,-20,9,-21,10,-21,10,-22,11,-24,12,-24,
CSI_2,82,32,5,0,-9,22,-8,21,-8,20,-7,20,-7,21,-7,21,-7,20,-7,21,-8,21,-8,21,-7,21,-7,20,-7,20,-7,20,-8,20,-8,19,-9,18,-9,17,-9,16,-9,15,-9,14,-9,13,-9,12,-9,11,-9,10,-3,2,0,0,0,0,0,0,0,0,0,0,0,0,0,0,0,0,0,0,-1,3,-4,12,-4,12,-4,13,-5,13,-5,14,-6,15,-7,15,-7,16,-8,16,-8,17,-9,17,-9,17,-9,17,-9,17,-9,17,-8,18,-8,18,-8,19,-8,19,-8,19,-8,19,-8,20,-10,20,-10,21,-9,23,-8,25,
CSI_2,28,-64,1,0,-2,29,-1,29,0,28,1,26,1,26,1,25,2,24,3,24,2,24,3,24,5,24,5,23,5,24,5,25,4,26,4,26,3,25,3,24,3,23,2,22,1,22,0,21,-1,21,-1,20,-1,20,-1,5,0,0,0,0,0,0,0,0,0,0,0,0,0,0,0,0,0,0,-1,5,-3,20,-4,20,-5,22,-6,22,-7,22,-7,22,-8,22,-9,21,-9,22,-10,23,-10,24,-11,24,-11,24,-10,23,-9,23,-9,24,-8,24,-6,23,-6,23,-5,23,-5,24,-4,24,-5,25,-5,26,-6,28,-7,29,
CSI_2,91,-80,5,0,-10,-16,-8,-14,-10,-12,-12,-12,-13,-12,-12,-10,-10,-7,-11,-7,-12,-8,-11,-6,-12,-5,-13,-4,-11,-4,-8,-4,-9,-3,-11,-3,-11,-3,-10,-5,-10,-5,-10,-5,-10,-2,-11,-2,-10,-1,-9,0,-10,-2,-3,-1,0,0,0,0,0,0,0,0,0,0,0,0,0,0,0,0,0,0,-1,-1,-5,-3,-4,-6,-3,-8,-1,-8,-1,-7,0,-10,0,-13,-1,-14,-4,-13,-5,-11,-7,-10,-6,-12,-5,-14,-4,-12,-3,-12,-5,-13,-7,-14,-6,-16,-6,-16,-6,-15,-6,-12,-9,-12,-9,-13,-7,-12,-6,-11,-8,-11,
CSI_2,82,32,5,0,25,4,25,3,25,2,24,1,23,1,22,1,21,0,21,-1,22,-1,22,-1,22,-3,22,-3,22,-3,22,-2,23,-1,24,-1,23,-1,21,-1,20,0,20,0,19,1,19,2,19,2,18,3,17,3,4,0,0,0,0,0,0,0,0,0,0,0,0,0,0,0,0,0,0,0,4,0,18,3,18,4,19,5,19,6,19,6,19,7,19,8,18,9,19,9,20,9,20,10,21,11,20,11,20,10,19,9,20,9,20,8,20,7,20,6,20,6,21,6,21,6,22,6,23,6,25,7,26,8,
CSI_2,91,-80,5,0,-3,-11,-3,-10,0,-10,1,-11,1,-11,-1,-12,-2,-13,-3,-13,-3,-12,-1,-12,0,-13,0,-11,1,-8,0,-7,-1,-8,-1,-9,-1,-9,0,-9,0,-8,-1,-6,0,-6,1,-5,3,-5,3,-6,2,-6,0,-2,0,0,0,0,0,0,0,0,0,0,0,0,0,0,0,0,0,0,-1,0,-2,0,-2,-1,-3,-1,-3,-3,-2,-3,-1,-2,-1,-4,-2,-5,-3,-5,-3,-3,-3,-3,-1,-3,1,-4,1,-4,-2,-5,-2,-8,-1,-7,-2,-6,-2,-10,-1,-9,-1,-6,-1,-6,-2,-7,-2,-8,-1,-10,-2,-12,
CSI_2,82,32,5,0,-27,3,-26,3,-25,3,-25,3,-25,4,-25,4,-24,4,-24,4,-25,4,-25,4,-24,4,-23,4,-22,4,-23,4,-23,4,-22,3,-22,2,-21,1,-20,1,-19,0,-18,0,-17,0,-16,-1,-15,-1,-15,-2,-4,-1,0,0,0,0,0,0,0,0,0,0,0,0,0,0,0,0,0,0,-4,1,-16,4,-16,4,-17,4,-17,4,-19,4,-20,4,-21,3,-21,3,-22,2,-23,2,-24,2,-24,2,-24,1,-23,1,-23,1,-24,2,-25,3,-25,3,-25,3,-25,2,-25,3,-26,3,-27,2,-28,1,-30,4,-31,6,
CSI_2,28,-64,1,0,-26,-6,-26,-5,-25,-4,-24,-3,-24,-3,-23,-3,-22,-2,-22,-1,-22,-1,-23,-1,-23,1,-23,2,-23,1,-23,1,-24,0,-24,0,-23,0,-22,-1,-21,-1,-21,-1,-20,-2,-20,-3,-20,-3,-19,-4,-18,-4,-5,-1,0,0,0,0,0,0,0,0,0,0,0,0,0,0,0,0,0,0,-5,-2,-18,-6,-18,-6,-19,-7,-20,-8,-19,-9,-19,-9,-19,-10,-19,-11,-19,-11,-20,-11,-21,-12,-21,-13,-21,-13,-20,-12,-20,-12,-21,-12,-21,-10,-20,-9,-20,-8,-21,-8,-21,-8,-22,-7,-22,-7,-24,-8,-25,-8,-26,-9,
CSI_2,91,-80,5,0,-14,7,-12,5,-9,4,-7,1,-7,1,-9,3,-10,5,-9,6,-7,6,-8,4,-9,3,-10,4,-10,4,-10,3,-10,3,-9,2,-8,1,-7,0,-7,0,-9,1,-8,2,-7,0,-8,-3,-8,-4,-7,-3,-2,-1,0,0,0,0,0,0,0,0,0,0,0,0,0,0,0,0,0,0,-1,1,-4,5,-4,3,-4,5,-3,7,-4,5,-5,4,-7,6,-9,8,-10,7,-9,8,-8,7,-9,5,-9,4,-9,4,-9,4,-9,4,-12,4,-13,5,-11,4,-10,2,-10,2,-10,2,-11,4,-11,6,-10,6,-10,7,
CSI_2,83,48,5,0,-11,7,-13,6,-12,3,-10,3,-9,5,-9,5,-9,6,-9,5,-8,4,-9,6,-10,7,-11,5,-11,5,-8,7,-6,8,-4,9,-4,9,-4,9,-2,8,-4,8,-5,7,-5,4,-6,4,-6,5,-4,5,-1,1,0,0,0,0,0,0,0,0,0,0,0,0,0,0,0,0,0,0,-1,1,-3,3,-6,0,-6,0,-6,2,-6,1,-7,-1,-8,-1,-10,0,-12,3,-14,5,-13,5,-11,3,-10,0,-9,0,-9,0,-11,0,-12,3,-13,2,-10,-1,-7,-1,-10,3,-14,6,-13,5,-10,3,-9,4,-9,4,
CSI_2,28,-64,1,0,14,-22,14,-22,12,-22,11,-21,11,-21,10,-20,9,-20,8,-20,8,-20,8,-21,7,-21,6,-22,7,-22,8,-22,9,-22,9,-22,9,-21,8,-20,8,-19,9,-19,9,-18,9,-17,10,-17,10,-16,10,-15,2,-4,0,0,0,0,0,0,0,0,0,0,0,0,0,0,0,0,0,0,2,-4,10,-15,11,-15,12,-16,13,-16,14,-15,14,-15,15,-14,15,-14,16,-14,16,-15,17,-15,18,-15,17,-15,17,-14,17,-14,17,-15,16,-15,14,-15,14,-16,14,-16,14,-17,14,-17,13,-18,14,-19,16,-21,17,-21,
CSI_2,82,32,5,0,15,-20,14,-20,14,-19,14,-19,13,-19,13,-19,13,-19,12,-19,12,-20,12,-20,12,-19,11,-19,11,-19,11,-19,11,-18,12,-18,12,-17,12,-16,12,-15,11,-15,11,-14,11,-13,11,-12,11,-11,11,-11,2,-3,0,0,0,0,0,0,0,0,0,0,0,0,0,0,0,0,0,0,1,-4,6,-14,7,-14,7,-14,8,-15,9,-15,10,-15,10,-16,11,-16,12,-16,13,-16,13,-17,14,-17,14,-17,14,-17,14,-17,14,-17,14,-18,14,-18,14,-18,14,-18,14,-19,14,-19,15,-19,16,-20,15,-21,14,-22,
CSI_2,28,-64,1,0,22,-18,22,-19,21,-19,19,-19,19,-19,18,-18,17,-18,16,-19,16,-19,16,-20,15,-20,14,-21,15,-21,16,-21,17,-21,17,-21,17,-20,16,-18,15,-18,16,-17,16,-16,16,-15,16,-14,16,-13,16,-12,4,-3,0,0,0,0,0,0,0,0,0,0,0,0,0,0,0,0,0,0,4,-4,16,-13,17,-12,18,-13,20,-12,20,-11,20,-11,21,-10,21,-9,22,-9,23,-10,24,-10,25,-9,24,-9,23,-9,23,-9,23,-10,22,-11,20,-12,20,-12,21,-13,21,-13,21,-14,21,-14,23,-15,25,-16,26,-15,
CSI_2,-8,-123,95,0,10,11,8,11,6,11,5,11,5,11,6,10,8,7,7,5,6,5,6,3,6,3,6,4,4,4,3,6,3,7,4,7,7,6,6,6,3,8,1,8,3,7,4,7,4,6,2,4,1,3,0,0,0,0,0,0,0,0,0,0,0,0,0,0,0,0,0,0,0,0,2,1,7,4,8,5,9,7,9,9,8,7,6,6,7,7,9,9,7,9,6,9,8,7,10,6,10,4,8,6,7,9,9,9,12,9,11,9,9,8,8,7,8,8,10,11,10,11,9,10,10,11,14,11,
CSI_2,28,-64,1,0,13,22,13,22,14,21,14,19,13,19,13,18,13,17,14,16,14,17,14,17,15,16,16,15,15,16,15,17,15,18,15,18,14,17,13,17,13,16,12,16,11,16,10,16,9,16,9,16,8,16,2,4,0,0,0,0,0,0,0,0,0,0,0,0,0,0,0,0,0,0,2,4,9,16,8,16,8,18,8,19,7,19,6,19,6,20,5,20,5,20,5,21,5,22,5,23,5,23,5,22,5,21,5,22,6,21,7,20,8,20,8,20,9,20,9,20,9,20,10,22,11,24,10,25,
CSI_2,28,-64,1,0,-26,14,-26,15,-24,15,-23,15,-22,15,-21,15,-20,15,-19,15,-20,15,-20,16,-19,17,-19,17,-19,17,-19,18,-20,18,-21,18,-20,17,-19,16,-18,15,-18,14,-18,13,-19,12,-19,11,-19,10,-19,9,-5,2,0,0,0,0,0,0,0,0,0,0,0,0,0,0,0,0,0,0,-5,2,-19,8,-20,8,-22,8,-23,8,-23,7,-23,6,-24,5,-24,5,-24,5,-25,4,-27,4,-28,3,-27,3,-26,3,-25,4,-26,5,-25,6,-23,7,-23,8,-24,9,-24,9,-24,10,-24,9,-26,10,-28,10,-30,10,
CSI_2,82,32,5,0,-18,-19,-18,-18,-18,-18,-18,-17,-18,-17,-18,-17,-18,-16,-18,-16,-18,-16,-18,-16,-18,-15,-18,-15,-17,-15,-17,-15,-17,-15,-16,-15,-16,-15,-15,-15,-14,-15,-13,-14,-12,-14,-12,-14,-11,-14,-10,-14,-10,-14,-3,-4,0,0,0,0,0,0,0,0,0,0,0,0,0,0,0,0,0,0,-4,-3,-13,-9,-13,-10,-14,-11,-14,-11,-14,-12,-14,-13,-15,-13,-15,-14,-15,-15,-15,-16,-15,-16,-15,-17,-16,-17,-15,-17,-15,-17,-16,-17,-16,-17,-17,-18,-17,-18,-17,-18,-17,-18,-18,-18,-18,-18,-18,-19,-19,-19,-21,-19,
CSI_2,-117,-80,8,0,-27,-17,-26,-17,-27,-19,-28,-20,-27,-18,-26,-18,-24,-17,-24,-15,-25,-15,-25,-16,-22,-16,-19,-16,-18,-13,-17,-13,-16,-17,-17,-17,-16,-16,-14,-16,-13,-15,-11,-15,-10,-12,-8,-9,-6,-9,-5,-12,-5,-14,-2,-4,0,0,0,0,0,0,0,0,0,0,0,0,0,0,0,0,0,0,-2,0,-6,1,-6,-1,-8,-4,-7,-4,-5,-4,-6,-6,-8,-8,-11,-9,-12,-8,-11,-9,-13,-11,-13,-12,-13,-11,-15,-13,-16,-14,-19,-12,-20,-11,-20,-15,-21,-17,-23,-13,-27,-13,-29,-14,-30,-14,-30,-16,-30,-18,-31,-19,
CSI_2,-117,-80,8,0,25,3,27,3,27,3,26,2,27,4,26,7,22,9,19,10,18,9,18,8,19,6,18,5,17,6,16,6,14,5,15,6,15,6,13,7,12,6,12,4,12,5,10,8,7,9,6,7,7,2,1,0,0,0,0,0,0,0,0,0,0,0,0,0,0,0,0,0,0,0,0,0,3,1,2,0,3,0,5,1,8,1,8,1,10,0,11,1,10,3,10,6,12,5,12,3,12,4,14,6,17,6,15,6,13,6,14,8,17,7,18,6,21,6,23,9,23,12,23,12,24,8,23,7,
CSI_2,82,32,5,0,17,24,17,23,17,21,17,20,17,20,16,19,16,18,17,17,17,17,18,16,19,15,20,15,20,16,19,17,19,18,19,18,18,18,17,17,16,17,15,17,14,17,13,16,13,16,12,16,11,17,2,4,0,0,0,0,0,0,0,0,0,0,0,0,0,0,0,0,0,0,2,4,11,17,11,18,11,19,11,20,10,20,9,21,8,22,7,22,7,23,8,23,9,24,9,25,8,25,8,24,8,24,8,24,9,23,10,21,11,21,11,22,11,22,12,22,12,21,14,23,15,25,14,27,
CSI_2,91,-80,5,0,8,10,1,12,2,7,5,6,5,8,7,5,10,4,11,8,10,10,7,9,4,7,4,6,4,7,3,9,6,9,11,7,13,4,12,0,10,-1,10,3,9,6,6,5,5,2,4,1,1,-1,-1,-1,0,0,0,0,0,0,0,0,0,0,0,0,0,0,0,0,0,0,-1,0,-3,0,-4,0,-5,1,-4,2,-3,4,-3,3,-4,0,-6,1,-5,4,-2,8,0,9,0,8,-4,8,-5,9,-2,12,-2,15,-2,12,-3,10,-5,10,-2,10,2,11,4,14,1,12,-1,8,4,9,8,11,
CSI_2,83,48,5,0,-10,-4,-12,-6,-13,-9,-11,-11,-10,-10,-9,-8,-9,-6,-8,-7,-9,-7,-9,-6,-8,-4,-9,-6,-12,-8,-12,-6,-9,-5,-6,-5,-5,-6,-6,-6,-7,-7,-7,-6,-6,-3,-3,-3,-3,-4,-5,-3,-5,-1,-2,-1,0,0,0,0,0,0,0,0,0,0,0,0,0,0,0,0,0,0,0,-1,-2,-2,-5,-5,-7,-6,-8,-4,-7,-2,-7,-3,-10,-4,-12,-3,-8,-5,-6,-6,-7,-6,-8,-6,-8,-6,-6,-6,-5,-7,-6,-8,-7,-9,-7,-6,-8,-4,-10,-5,-10,-9,-11,-10,-12,-8,-10,-7,-9,-6,-8,-7,
CSI_2,28,-64,1,0,25,-5,25,-5,24,-6,23,-7,22,-7,21,-7,20,-7,20,-8,20,-8,21,-9,20,-10,19,-10,20,-10,21,-10,22,-10,22,-9,21,-9,20,-8,19,-8,19,-7,19,-6,19,-5,19,-4,18,-4,18,-3,4,-1,0,0,0,0,0,0,0,0,0,0,0,0,0,0,0,0,0,0,4,-1,18,-2,18,-2,20,-1,20,0,20,0,20,1,20,2,20,3,21,3,22,3,23,4,23,4,23,4,22,4,21,3,22,3,22,1,21,0,21,-1,21,-1,22,-1,22,-2,22,-2,24,-2,26,-2,26,-1,
CSI_2,82,32,5,0,-13,-23,-13,-22,-13,-22,-13,-21,-13,-21,-13,-21,-13,-20,-14,-20,-14,-20,-14,-20,-14,-19,-13,-19,-13,-19,-13,-19,-13,-19,-12,-19,-12,-18,-11,-18,-10,-18,-10,-17,-9,-17,-8,-16,-7,-16,-7,-16,-6,-15,-2,-4,0,0,0,0,0,0,0,0,0,0,0,0,0,0,0,0,0,0,-3,-3,-10,-12,-10,-13,-10,-14,-10,-15,-10,-15,-10,-16,-10,-17,-10,-18,-10,-19,-10,-19,-10,-20,-10,-20,-10,-21,-10,-21,-10,-21,-10,-21,-11,-21,-11,-22,-11,-22,-11,-21,-12,-21,-12,-22,-12,-23,-12,-23,-13,-24,-15,-24,
CSI_2,91,-80,5,0,-2,-12,-4,-10,-1,-11,3,-13,4,-11,3,-11,4,-11,4,-13,2,-13,1,-13,2,-12,3,-9,4,-10,3,-9,1,-7,1,-7,3,-9,2,-9,0,-7,0,-5,3,-5,4,-5,3,-6,2,-7,2,-6,0,-2,0,0,0,0,0,0,0,0,0,0,0,0,0,0,0,0,0,0,-2,-1,-6,-4,-5,-5,-3,-5,-3,-5,-3,-5,-2,-6,1,-7,2,-7,1,-6,-1,-7,-3,-9,-4,-10,-2,-9,0,-9,-2,-9,-4,-8,-4,-8,-2,-10,-1,-9,0,-9,1,-10,-3,-10,-6,-9,-4,-9,-3,-11,-5,-13,
CSI_2,83,48,5,0,7,10,6,8,9,6,10,5,9,4,8,5,8,9,8,11,6,7,2,4,0,6,1,6,1,6,1,6,2,6,4,5,3,3,-1,3,0,7,1,9,-2,8,-6,6,-5,5,-1,6,0,5,0,1,0,0,0,0,0,0,0,0,0,0,0,0,0,0,0,0,0,0,1,-1,5,-2,3,-5,1,-6,0,-5,0,-1,0,0,3,-2,5,-7,3,-7,1,-3,4,-3,9,-5,14,-2,13,0,9,1,8,3,10,2,10,2,9,4,10,5,9,5,5,5,8,4,12,2,11,2,10,0,
CSI_2,28,-64,1,0,23,9,24,9,23,7,22,7,22,7,21,6,20,5,20,4,21,4,22,4,21,2,21,2,22,2,22,3,23,4,23,4,22,5,21,5,20,5,19,5,18,6,18,6,18,6,17,7,16,7,4,1,0,0,0,0,0,0,0,0,0,0,0,0,0,0,0,0,0,0,4,1,16,7,17,7,17,9,18,10,17,10,17,11,16,12,16,13,16,13,17,13,18,14,18,15,18,14,17,14,17,13,18,13,18,12,18,11,18,10,18,11,19,11,19,10,20,10,21,11,23,12,23,13,
CSI_2,91,-80,5,0,-14,9,-12,5,-9,6,-10,8,-11,9,-10,9,-8,10,-6,12,-6,13,-6,12,-6,11,-6,11,-5,12,-3,13,-2,13,-1,14,-1,14,0,11,1,9,0,9,-1,8,1,6,3,5,3,7,2,7,0,1,0,0,0,0,0,0,0,0,0,0,0,0,0,0,0,0,0,0,-2,-1,-7,-1,-7,-2,-7,-3,-6,-4,-5,-4,-7,-2,-10,-3,-12,-6,-11,-5,-9,-1,-9,-1,-9,-3,-9,-2,-9,-1,-10,-3,-13,-2,-15,1,-14,2,-14,4,-15,6,-14,3,-12,2,-14,6,-15,8,-13,5,-10,2,
CSI_2,28,-64,1,0,19,-17,19,-18,17,-18,16,-18,16,-17,15,-17,14,-17,13,-17,14,-17,13,-18,12,-19,11,-19,12,-19,13,-19,14,-19,14,-19,14,-18,13,-17,13,-16,13,-16,13,-15,13,-14,14,-14,13,-13,13,-12,3,-3,0,0,0,0,0,0,0,0,0,0,0,0,0,0,0,0,0,0,3,-3,14,-12,15,-11,16,-12,17,-12,17,-11,18,-10,18,-9,19,-9,19,-9,20,-9,21,-10,21,-10,21,-9,20,-9,20,-9,20,-10,19,-11,18,-11,18,-12,18,-12,18,-12,18,-13,18,-13,19,-15,21,-15,22,-15,
CSI_2,28,-64,1,0,-13,-23,-14,-23,-14,-22,-14,-20,-14,-20,-13,-19,-14,-18,-14,-17,-14,-18,-15,-18,-16,-17,-16,-16,-16,-17,-16,-18,-16,-19,-16,-19,-15,-18,-14,-17,-13,-17,-13,-17,-12,-17,-11,-17,-10,-17,-9,-17,-9,-17,-3,-5,0,0,0,0,0,0,0,0,0,0,0,0,0,0,0,0,0,0,-3,-5,-9,-17,-9,-18,-9,-19,-8,-20,-7,-20,-7,-20,-6,-21,-5,-21,-5,-21,-5,-22,-5,-23,-5,-24,-5,-24,-5,-23,-5,-22,-6,-23,-7,-22,-8,-21,-8,-21,-8,-21,-9,-21,-9,-21,-9,-21,-10,-23,-11,-25,-11,-25,
CSI_2,82,32,5,0,4,-18,4,-17,4,-17,3,-16,3,-16,3,-16,3,-16,2,-16,3,-17,2,-17,2,-16,2,-15,2,-15,2,-15,2,-15,3,-14,3,-14,3,-13,3,-12,3,-12,3,-11,4,-11,4,-10,4,-10,4,-9,1,-3,0,0,0,0,0,0,0,0,0,0,0,0,0,0,0,0,0,0,-1,-3,-1,-12,-1,-12,0,-13,0,-13,0,-14,1,-14,1,-15,2,-15,2,-16,3,-16,3,-16,3,-17,3,-16,3,-16,3,-16,3,-17,3,-17,3,-17,4,-17,4,-17,3,-17,3,-18,5,-18,5,-18,4,-20,2,-21,
CSI_2,28,-64,1,0,24,-10,24,-11,23,-12,21,-11,21,-11,20,-11,19,-11,18,-12,19,-13,19,-13,17,-14,17,-14,17,-14,18,-14,20,-14,20,-14,19,-13,18,-12,17,-11,17,-11,17,-10,18,-9,18,-9,17,-8,16,-7,4,-2,0,0,0,0,0,0,0,0,0,0,0,0,0,0,0,0,0,0,4,-2,17,-6,18,-5,19,-5,20,-5,20,-4,20,-3,21,-2,21,-1,21,-1,22,-2,23,-1,24,-1,23,-1,22,-1,22,-2,23,-2,22,-3,21,-4,21,-5,21,-5,21,-5,22,-6,22,-7,24,-7,25,-7,26,-6,
CSI_2,91,-80,5,0,-15,2,-15,3,-14,2,-14,0,-14,-1,-12,-1,-12,-3,-15,-6,-16,-4,-12,-3,-10,-4,-10,-4,-9,-4,-11,-4,-11,-4,-10,-6,-9,-6,-8,-5,-9,-6,-9,-5,-6,-5,-5,-4,-5,-3,-4,-4,-5,-5,-2,-2,0,0,0,0,0,0,0,0,0,0,0,0,0,0,0,0,0,0,1,1,3,5,0,5,-2,6,-2,5,-3,5,-4,7,-5,8,-5,9,-5,7,-7,5,-8,6,-7,8,-7,9,-8,7,-8,5,-9,6,-10,6,-9,4,-9,2,-12,2,-15,2,-15,4,-15,6,-14,4,-15,4,-14,4,
CSI_2,82,32,5,0,18,-19,17,-20,16,-20,15,-19,14,-19,14,-18,13,-18,12,-18,12,-19,11,-20,10,-20,9,-21,10,-20,11,-20,12,-21,12,-21,12,-20,12,-18,11,-18,12,-17,12,-16,12,-16,12,-15,12,-14,12,-14,3,-4,0,0,0,0,0,0,0,0,0,0,0,0,0,0,0,0,0,0,3,-4,13,-13,14,-13,15,-13,16,-13,17,-12,17,-11,18,-11,18,-10,19,-10,19,-11,20,-12,21,-12,20,-12,20,-11,19,-11,20,-12,19,-12,17,-13,17,-13,17,-13,17,-14,17,-15,17,-15,18,-17,19,-17,20,-17,
CSI_2,91,-80,5,0,-17,6,-17,7,-13,10,-14,11,-15,10,-13,7,-13,8,-14,11,-14,12,-14,10,-13,8,-11,6,-9,6,-9,5,-10,7,-10,8,-11,5,-10,2,-9,2,-8,2,-8,2,-9,1,-10,1,-10,0,-9,1,-2,0,0,0,0,0,0,0,0,0,0,0,0,0,0,0,0,0,0,0,-2,0,-4,5,-3,7,-5,7,-6,7,-6,7,-5,8,-6,8,-9,9,-13,9,-12,8,-10,9,-11,8,-12,7,-10,11,-10,12,-12,8,-12,7,-12,6,-14,7,-18,9,-16,10,-13,8,-13,8,-13,11,-13,12,-12,15,
CSI_2,82,32,5,0,13,-21,13,-20,12,-20,12,-20,11,-20,11,-20,11,-20,11,-20,11,-20,11,-20,10,-20,10,-19,10,-19,10,-19,10,-19,11,-18,11,-18,11,-17,10,-16,10,-15,10,-15,10,-14,10,-13,11,-12,11,-12,2,-3,0,0,0,0,0,0,0,0,0,0,0,0,0,0,0,0,0,0,1,-4,5,-14,6,-14,6,-14,7,-15,8,-15,8,-15,9,-16,9,-17,10,-17,11,-17,12,-17,12,-17,12,-17,12,-17,12,-17,12,-18,12,-18,13,-18,13,-19,12,-19,12,-20,12,-20,13,-20,14,-20,14,-22,14,-23,
CSI_2,28,-64,1,0,-14,21,-14,22,-12,22,-11,21,-11,21,-10,20,-9,20,-8,20,-9,20,-9,20,-8,21,-7,21,-7,21,-8,21,-9,22,-9,22,-9,21,-8,20,-8,19,-8,18,-9,17,-10,17,-10,16,-10,15,-10,15,-3,3,0,0,0,0,0,0,0,0,0,0,0,0,0,0,0,0,0,0,-3,3,-12,14,-12,14,-14,15,-15,15,-15,14,-15,14,-16,14,-16,13,-17,13,-18,13,-19,14,-20,14,-19,13,-19,13,-18,13,-18,14,-17,15,-15,15,-15,16,-15,16,-15,17,-14,17,-15,17,-16,18,-17,20,-18,20,
CSI_2,82,32,5,0,6,-24,5,-24,5,-23,4,-23,4,-24,4,-24,4,-23,3,-23,4,-24,4,-24,3,-24,2,-22,3,-22,3,-23,4,-22,4,-22,5,-21,5,-20,6,-19,6,-18,6,-17,6,-16,6,-15,6,-14,7,-13,1,-4,0,0,0,0,0,0,0,0,0,0,0,0,0,0,0,0,0,0,0,-4,2,-16,2,-16,2,-16,2,-17,3,-18,4,-19,5,-19,5,-20,6,-20,6,-21,7,-21,7,-21,7,-21,7,-20,6,-21,6,-21,6,-22,6,-23,6,-23,6,-22,6,-22,6,-23,7,-24,8,-24,7,-27,6,-29,
CSI_2,91,-80,5,0,10,4,10,4,14,4,13,4,11,5,10,5,9,4,10,5,11,4,11,2,11,3,11,4,9,6,6,7,5,7,7,5,7,4,5,4,4,4,5,4,5,3,4,2,3,2,3,3,5,6,1,1,0,0,0,0,0,0,0,0,0,0,0,0,0,0,0,0,0,0,1,0,4,3,3,3,2,3,4,4,5,5,4,3,4,3,6,4,6,8,7,9,6,5,7,3,8,4,7,7,6,8,6,5,7,4,9,5,9,6,9,7,8,6,10,6,11,6,11,7,11,6,11,5,
CSI_2,83,48,5,0,-15,0,-14,1,-13,2,-15,2,-15,1,-12,2,-11,0,-12,-1,-15,-2,-13,-2,-10,0,-8,-1,-6,-3,-7,-4,-10,-3,-10,-3,-8,-5,-6,-3,-6,0,-6,0,-5,-4,-4,-7,-2,-7,-4,-6,-7,-6,-2,-2,0,0,0,0,0,0,0,0,0,0,0,0,0,0,0,0,0,0,-1,1,-3,4,-3,4,-3,3,-5,3,-7,5,-5,7,-5,6,-4,5,-5,6,-8,7,-9,4,-8,4,-8,5,-8,3,-8,3,-9,3,-10,1,-12,2,-15,4,-16,5,-14,5,-14,5,-13,4,-14,5,-14,8,-12,10,
CSI_2,-8,-123,95,0,-6,-10,-6,-8,-4,-10,-4,-12,-4,-11,-3,-10,-3,-9,-4,-8,-7,-6,-8,-5,-5,-7,-3,-7,-3,-3,-4,-3,-3,-5,-4,-3,-3,-4,0,-5,2,-5,1,-4,1,-3,-1,-1,-3,-2,-1,-3,1,-1,0,-1,0,0,0,0,0,0,0,0,0,0,0,0,0,0,0,0,0,0,2,-4,7,-13,5,-12,5,-12,4,-12,4,-12,7,-15,9,-16,8,-15,8,-16,9,-15,5,-15,3,-15,3,-16,1,-19,-2,-19,-1,-18,1,-15,-3,-15,-6,-17,-5,-18,-6,-17,-6,-15,-7,-16,-7,-19,-5,-19,-4,-17,
CSI_2,28,-64,1,0,-20,-17,-21,-17,-20,-15,-20,-14,-19,-14,-19,-13,-19,-13,-19,-12,-19,-11,-20,-11,-21,-10,-21,-9,-21,-10,-21,-11,-21,-12,-21,-12,-20,-12,-19,-12,-18,-12,-17,-12,-16,-12,-16,-12,-15,-12,-15,-12,-14,-13,-4,-4,0,0,0,0,0,0,0,0,0,0,0,0,0,0,0,0,0,0,-4,-3,-14,-12,-14,-13,-15,-15,-15,-16,-14,-16,-13,-16,-13,-17,-12,-18,-12,-18,-13,-18,-14,-19,-14,-20,-14,-20,-13,-19,-13,-19,-14,-19,-14,-18,-14,-16,-14,-16,-15,-17,-15,-17,-16,-16,-16,-16,-18,-17,-19,-18,-19,-20,
CSI_2,91,-80,5,0,13,6,13,3,14,1,14,1,14,0,14,-2,13,-1,12,0,12,2,11,3,11,4,10,4,9,2,10,0,10,0,11,1,11,1,9,3,7,6,8,7,6,5,6,4,8,4,8,2,7,2,1,0,0,0,0,0,0,0,0,0,0,0,0,0,0,0,0,0,0,0,1,-1,5,-2,5,-1,6,-2,8,-2,8,-3,5,-4,6,-4,9,-4,9,-4,8,-4,9,-5,9,-5,9,-4,10,-3,11,-1,12,-3,13,-3,13,1,13,4,11,5,12,3,14,1,14,-1,13,-1,14,-1,15,-1,
CSI_2,83,48,5,0,-11,9,-10,7,-11,5,-13,6,-15,7,-15,8,-13,7,-12,6,-13,8,-14,6,-12,3,-9,2,-9,1,-11,2,-11,2,-9,1,-8,1,-11,2,-11,1,-8,0,-8,0,-10,0,-10,0,-8,0,-3,-1,0,-1,0,0,0,0,0,0,0,0,0,0,0,0,0,0,0,0,0,0,1,0,5,3,4,4,0,4,-2,8,1,11,3,8,2,4,-1,6,-2,7,-3,7,-4,8,-4,11,-2,11,-3,8,-5,7,-4,9,-2,12,-3,11,-6,10,-8,11,-8,9,-8,7,-10,9,-10,11,-8,11,-9,9,
CSI_2,28,-64,1,0,24,4,25,4,24,2,23,2,23,1,22,1,21,0,21,-1,21,0,22,0,21,-1,21,-2,21,-2,22,-1,23,-1,23,0,22,0,21,0,20,0,20,0,19,1,19,2,18,4,17,4,17,4,4,1,0,0,0,0,0,0,0,0,0,0,0,0,0,0,0,0,0,0,4,1,17,4,18,4,19,5,19,6,19,6,19,7,19,8,18,8,18,9,19,9,20,11,20,11,19,11,19,10,19,10,20,9,20,8,19,7,20,6,20,6,21,5,21,5,21,6,22,7,24,8,25,9,
CSI_2,91,-80,5,0,-12,4,-12,4,-10,5,-9,5,-8,4,-7,4,-8,4,-10,6,-10,8,-9,11,-9,8,-7,4,-3,3,-2,5,-4,6,-4,5,-3,5,-3,8,-4,8,-6,6,-7,5,-4,6,-4,6,-3,5,-2,4,-1,1,0,0,0,0,0,0,0,0,0,0,0,0,0,0,0,0,0,0,-1,-1,-3,-1,-3,0,-3,1,-2,0,-3,-1,-7,-1,-7,-1,-5,0,-5,-2,-6,-3,-7,-2,-8,-1,-11,-1,-13,-1,-11,0,-8,1,-8,1,-9,2,-9,2,-12,2,-15,1,-15,0,-12,0,-12,0,-13,1,-12,4,
CSI_2,28,-64,1,0,23,11,23,10,23,9,22,8,21,7,21,7,20,6,20,5,21,6,21,5,21,4,21,3,21,4,22,4,23,5,23,6,21,6,20,5,19,5,19,5,18,6,18,7,17,8,16,8,15,8,3,2,0,0,0,0,0,0,0,0,0,0,0,0,0,0,0,0,0,0,3,2,15,8,16,9,16,10,16,11,16,12,16,12,15,13,15,13,15,14,16,15,16,16,16,16,16,16,15,15,16,15,16,15,17,14,17,12,17,11,17,12,18,11,19,11,19,11,20,13,21,14,22,14,
CSI_2,82,32,5,0,31,-37,30,-36,30,-36,29,-36,28,-36,28,-36,27,-36,26,-36,26,-36,25,-36,24,-35,24,-35,24,-34,24,-34,24,-33,24,-32,24,-31,24,-29,23,-28,23,-26,23,-25,22,-24,22,-22,22,-21,22,-20,5,-5,0,0,0,0,0,0,0,0,0,0,0,0,0,0,0,0,0,0,3,-6,15,-24,16,-24,17,-24,18,-25,19,-26,20,-26,21,-27,23,-28,24,-29,25,-29,26,-29,27,-29,27,-30,28,-30,28,-31,28,-31,28,-32,29,-33,29,-33,29,-34,29,-35,29,-36,31,-35,32,-36,31,-39,30,-41,
CSI_2,-8,-123,95,0,8,0,9,4,8,5,8,3,5,1,2,1,4,1,5,0,5,0,6,1,8,-1,9,-1,9,1,7,0,5,-1,4,-1,2,1,2,2,5,2,7,2,4,1,1,0,3,-1,4,-2,1,-3,-1,-1,0,0,0,0,0,0,0,0,0,0,0,0,0,0,0,0,0,0,0,0,2,-1,5,-2,6,-1,5,-3,6,-3,8,-2,11,-3,13,-5,11,-4,9,-3,9,-2,10,-2,8,-1,8,-1,10,-1,13,0,11,-1,10,0,11,3,9,3,10,4,12,6,12,5,13,2,15,0,13,0,
CSI_2,83,48,5,0,7,4,9,7,7,7,4,10,5,10,3,6,0,7,2,9,3,10,1,8,-4,7,-6,9,-3,12,-2,9,-3,8,-5,9,-5,9,-4,7,-8,5,-10,4,-4,4,-3,1,-6,-5,-4,-7,-3,-7,-1,-2,0,0,0,0,0,0,0,0,0,0,0,0,0,0,0,0,0,0,-2,0,-7,0,-8,-1,-7,-2,-4,-6,-2,-7,-3,-6,-6,-5,-4,-4,-2,-6,-1,-9,2,-8,6,-8,7,-7,7,-4,7,-8,2,-11,0,-9,5,-4,10,-3,10,-7,7,-7,7,-4,11,-1,10,0,7,-1,7,-4,
CSI_2,28,-64,1,0,29,0,29,-1,28,-2,27,-2,26,-2,25,-2,24,-3,24,-4,24,-4,25,-4,24,-6,24,-7,24,-6,25,-6,26,-5,26,-5,25,-4,24,-4,23,-3,22,-3,22,-2,21,-1,21,0,20,0,20,1,5,0,0,0,0,0,0,0,0,0,0,0,0,0,0,0,0,0,0,0,5,0,20,1,21,1,22,2,22,3,22,4,22,5,22,6,22,7,22,7,23,7,24,8,25,9,24,9,23,8,23,7,24,7,24,6,23,4,23,3,24,4,24,3,25,3,25,3,27,3,28,4,29,5,
CSI_2,69,80,4,0,8,5,9,4,10,3,9,3,9,3,11,4,10,4,9,3,10,2,10,2,9,2,8,2,8,2,9,0,10,-2,9,-1,10,0,11,0,9,0,7,1,6,0,5,0,6,2,6,3,5,2,1,0,0,0,0,0,0,0,0,0,0,0,0,0,0,0,0,0,0,0,0,1,3,7,6,7,6,6,4,7,3,7,3,4,5,2,6,4,5,6,4,7,4,8,4,9,4,8,2,6,2,6,5,7,5,6,6,6,8,6,8,6,9,5,10,6,9,5,9,3,8,2,7,4,
CSI_2,69,80,4,0,-8,8,-9,10,-8,8,-8,6,-5,6,-4,7,-4,5,-6,5,-10,5,-10,5,-7,7,-5,9,-6,8,-6,6,-5,4,-5,6,-5,7,-5,5,-5,3,-5,2,-6,3,-6,3,-5,3,-4,3,-4,3,-2,0,0,0,0,0,0,0,0,0,0,0,0,0,0,0,0,0,0,0,-4,-1,-12,0,-10,2,-7,3,-5,1,-6,1,-6,2,-6,3,-8,2,-12,1,-12,-1,-9,-2,-9,-1,-10,-1,-8,1,-6,3,-7,4,-11,3,-11,3,-11,3,-11,1,-10,3,-9,2,-10,2,-8,4,-7,6,-7,10,
CSI_2,82,32,5,0,-26,-2,-26,-1,-25,0,-24,1,-24,1,-23,0,-22,1,-22,2,-22,2,-23,3,-22,4,-22,5,-22,4,-23,4,-24,3,-24,3,-23,2,-22,2,-21,1,-21,1,-20,0,-20,0,-19,-1,-19,-1,-18,-2,-5,-1,0,0,0,0,0,0,0,0,0,0,0,0,0,0,0,0,0,0,-5,-1,-19,-2,-19,-2,-20,-3,-21,-4,-20,-5,-20,-6,-20,-6,-20,-7,-20,-7,-21,-7,-22,-8,-23,-8,-23,-9,-22,-8,-21,-8,-22,-8,-22,-7,-21,-5,-21,-5,-22,-5,-22,-4,-22,-4,-22,-4,-24,-4,-27,-4,-28,-4,
CSI_2,28,-64,1,0,17,18,18,18,18,17,17,15,17,15,17,14,16,13,17,12,17,13,17,13,18,12,18,11,18,12,18,12,19,14,19,14,18,13,17,13,16,12,15,13,14,13,13,13,13,14,12,14,11,13,2,3,0,0,0,0,0,0,0,0,0,0,0,0,0,0,0,0,0,0,3,3,12,13,12,13,12,15,12,16,11,16,11,17,10,17,10,18,10,18,10,19,10,20,10,21,10,21,9,20,10,19,10,20,11,19,11,17,12,17,12,17,13,17,13,17,13,17,14,19,15,21,15,22,
CSI_2,91,-80,5,0,0,-13,-1,-12,1,-11,1,-11,1,-12,2,-13,2,-10,2,-10,3,-11,1,-10,-1,-10,1,-11,1,-12,-1,-10,0,-7,1,-7,0,-10,1,-10,2,-9,3,-7,3,-4,4,-3,3,-3,1,-3,-3,-6,-2,-2,0,0,0,0,0,0,0,0,0,0,0,0,0,0,0,0,0,0,-1,-2,-3,-5,-4,-4,-3,-4,-2,-4,-4,-5,-4,-6,-3,-8,-2,-8,0,-5,-1,-5,-4,-8,-5,-10,-5,-11,-5,-9,-4,-7,-3,-6,-3,-8,-2,-10,-1,-12,-2,-14,-3,-14,-3,-11,-4,-10,-3,-10,-2,-10,-2,-10,
CSI_2,83,48,5,0,4,-11,5,-11,5,-11,4,-12,2,-11,1,-9,1,-7,0,-8,-1,-10,1,-8,2,-6,0,-8,-1,-10,0,-12,1,-11,-1,-8,-1,-8,-1,-8,-1,-7,-1,-7,-1,-8,-3,-7,-4,-6,-4,-6,-3,-4,-1,-1,0,0,0,0,0,0,0,0,0,0,0,0,0,0,0,0,0,0,1,0,4,0,3,-2,1,-2,2,-1,7,-2,7,-2,4,-4,4,-7,5,-7,4,-5,6,-3,8,-3,6,-5,4,-5,5,-5,3,-6,3,-9,6,-11,10,-11,11,-9,8,-7,5,-9,4,-11,3,-10,4,-10,3,-11,
CSI_2,-8,-123,95,0,3,3,-1,4,0,4,3,5,3,7,0,6,-2,4,-3,5,-4,5,-5,3,-3,4,-2,4,-2,2,1,4,-1,6,-4,6,-6,5,-8,5,-7,6,-4,8,-3,8,-4,8,-8,8,-10,5,-9,5,-2,1,0,0,0,0,0,0,0,0,0,0,0,0,0,0,0,0,0,0,-2,3,-5,11,-6,13,-7,16,-5,16,-2,13,-3,13,-3,14,-3,15,-4,14,-4,12,-2,14,1,15,1,14,3,12,4,13,3,15,3,17,4,18,3,18,2,15,4,11,8,11,10,14,6,10,0,10,-3,16,
CSI_2,-117,-80,8,0,-17,7,-17,7,-16,7,-14,6,-14,7,-15,9,-14,8,-11,6,-10,5,-12,8,-12,9,-11,8,-10,6,-9,4,-7,3,-7,4,-8,3,-7,4,-5,5,-6,3,-6,2,-5,3,-4,3,-3,2,-4,0,-1,-1,0,0,0,0,0,0,0,0,0,0,0,0,0,0,0,0,0,0,-2,0,-9,2,-11,4,-11,4,-11,4,-11,4,-12,6,-14,6,-14,5,-15,4,-16,5,-18,4,-19,4,-18,5,-18,7,-19,7,-21,7,-22,6,-23,6,-25,7,-24,8,-21,7,-20,6,-22,5,-22,6,-21,5,-20,5,
CSI_2,28,-64,1,0,-7,-26,-8,-26,-9,-24,-9,-23,-9,-22,-9,-22,-9,-21,-10,-20,-10,-21,-11,-21,-12,-20,-13,-19,-12,-20,-12,-21,-11,-22,-11,-22,-11,-21,-10,-20,-10,-19,-9,-19,-8,-19,-7,-19,-7,-19,-6,-18,-5,-18,-2,-5,0,0,0,0,0,0,0,0,0,0,0,0,0,0,0,0,0,0,-1,-5,-4,-19,-4,-19,-3,-21,-3,-22,-2,-21,-1,-21,-1,-21,0,-21,0,-22,0,-23,0,-24,1,-25,1,-24,1,-23,0,-23,0,-24,-1,-23,-2,-22,-3,-22,-3,-22,-4,-23,-4,-23,-5,-23,-5,-25,-5,-26,-4,-27,
CSI_2,28,-64,1,0,-6,-26,-6,-26,-7,-25,-8,-23,-8,-23,-8,-22,-8,-21,-9,-21,-9,-21,-9,-21,-10,-20,-11,-20,-11,-20,-10,-21,-10,-22,-10,-23,-9,-22,-9,-21,-8,-20,-8,-19,-7,-19,-6,-19,-5,-19,-4,-19,-4,-18,-1,-5,0,0,0,0,0,0,0,0,0,0,0,0,0,0,0,0,0,0,-1,-5,-3,-19,-3,-19,-2,-21,-1,-21,-1,-21,0,-21,0,-21,1,-21,2,-22,2,-22,2,-24,2,-24,3,-24,2,-23,2,-22,1,-23,0,-23,-1,-22,-2,-22,-2,-22,-2,-22,-3,-23,-3,-23,-3,-25,-3,-27,-3,-27,
CSI_2,91,-80,5,0,-10,-6,-10,-6,-11,-5,-11,-6,-10,-8,-10,-6,-10,-2,-10,-3,-11,-4,-11,-4,-9,-4,-8,-3,-9,-3,-9,-4,-8,-5,-7,-4,-7,-3,-7,-3,-7,-2,-8,-2,-8,-1,-9,-1,-9,-2,-8,-1,-8,0,-2,0,0,0,0,0,0,0,0,0,0,0,0,0,0,0,0,0,0,0,-1,-1,-4,-3,-4,-4,-3,-5,-3,-4,-2,-4,-3,-4,-5,-4,-6,-5,-5,-4,-6,-5,-9,-6,-11,-7,-10,-7,-9,-8,-9,-8,-10,-7,-10,-6,-9,-7,-7,-10,-7,-8,-10,-4,-10,-4,-9,-5,-10,-4,-12,-3,-12,-2,
CSI_2,83,48,5,0,-10,-11,-9,-12,-9,-14,-6,-12,-6,-9,-8,-8,-7,-9,-7,-10,-7,-12,-5,-14,-4,-13,-5,-13,-6,-11,-6,-8,-6,-10,-5,-12,-2,-12,-1,-11,-2,-7,1,-5,2,-7,-1,-8,-3,-7,-3,-5,-1,-2,0,-1,0,0,0,0,0,0,0,0,0,0,0,0,0,0,0,0,0,0,-2,-1,-5,-4,-5,-3,-4,-3,-3,-3,-4,-5,-5,-5,-5,-2,-3,-1,-5,-2,-9,-4,-8,-6,-7,-10,-7,-10,-5,-7,-5,-6,-8,-6,-9,-5,-7,-7,-7,-9,-7,-11,-8,-11,-12,-8,-12,-8,-9,-9,-7,-7,-6,-6,
CSI_2,-117,-80,8,0,-25,-16,-26,-15,-24,-14,-22,-14,-20,-13,-19,-12,-19,-11,-18,-11,-17,-10,-15,-9,-16,-8,-15,-7,-14,-6,-14,-6,-14,-7,-12,-7,-11,-7,-10,-8,-9,-8,-8,-7,-8,-6,-8,-5,-7,-5,-7,-5,-7,-3,-2,-1,0,0,0,0,0,0,0,0,0,0,0,0,0,0,0,0,0,0,-3,-1,-11,-3,-14,-3,-14,-4,-13,-5,-13,-7,-14,-8,-14,-8,-15,-9,-17,-11,-18,-11,-17,-11,-17,-12,-18,-12,-18,-12,-20,-12,-21,-12,-22,-13,-22,-14,-23,-13,-24,-13,-25,-15,-25,-15,-26,-15,-28,-16,-27,-16,-28,-17,
CSI_2,-8,-123,95,0,16,0,15,0,16,-2,17,-3,16,-2,15,0,15,2,14,1,11,0,9,1,10,1,11,0,10,1,12,3,12,3,10,2,7,2,8,2,9,2,7,2,5,2,5,4,4,4,2,3,2,3,0,0,0,0,0,0,0,0,0,0,0,0,0,0,0,0,0,0,0,0,2,-2,9,-4,9,-1,8,0,9,0,11,0,13,0,13,0,12,0,13,-1,15,-1,16,-2,14,-3,10,-1,11,-1,13,-3,15,-1,18,0,18,-2,16,-2,16,-2,18,-1,18,-1,18,-2,18,-1,17,-2,15,-1,
CSI_2,28,-64,1,0,-7,25,-6,25,-5,24,-4,23,-3,23,-3,22,-2,21,-2,21,-2,21,-2,22,0,22,0,22,0,22,0,22,-1,23,-1,23,-1,22,-1,21,-1,20,-2,20,-3,19,-3,19,-4,18,-5,18,-5,17,-2,4,0,0,0,0,0,0,0,0,0,0,0,0,0,0,0,0,0,0,-2,4,-6,17,-7,17,-8,18,-9,19,-9,18,-10,18,-10,18,-11,17,-11,18,-12,18,-13,19,-14,20,-14,19,-13,19,-12,19,-12,19,-11,19,-9,19,-9,19,-9,20,-8,20,-8,21,-8,21,-9,22,-10,24,-10,25,
CSI_2,91,-80,5,0,12,-4,9,-2,8,-4,8,-6,6,-7,5,-9,8,-10,9,-8,6,-5,5,-4,5,-6,5,-7,5,-6,5,-5,5,-6,5,-6,6,-5,8,-6,6,-8,3,-7,2,-5,1,-5,2,-6,4,-6,5,-5,1,-1,0,0,0,0,0,0,0,0,0,0,0,0,0,0,0,0,0,0,1,-1,6,-3,6,-3,4,-3,3,-3,5,-3,6,-2,6,-3,6,-5,5,-7,6,-6,9,-5,12,-5,13,-3,11,-1,11,-1,10,-3,7,-4,7,-2,9,-3,9,-3,8,0,10,-1,13,-4,12,-4,9,-4,9,-7,
CSI_2,83,48,5,0,0,10,-1,8,-7,6,-10,6,-8,5,-7,2,-7,2,-6,3,-6,-2,-7,-3,-7,-1,-7,-1,-10,-2,-9,-1,-7,3,-8,5,-7,3,-6,0,-6,-3,-7,-6,-8,-6,-6,-4,-6,-2,-6,-3,-6,-2,-2,-1,0,0,0,0,0,0,0,0,0,0,0,0,0,0,0,0,0,0,2,0,9,2,8,4,8,2,6,3,6,5,9,3,8,-1,3,2,1,4,1,5,2,7,5,9,4,8,2,8,4,11,1,13,-3,11,-3,8,-1,7,-1,7,-2,5,-1,4,-1,5,-5,6,-8,8,-7,9,
CSI_2,82,32,5,0,-23,13,-23,13,-22,14,-20,14,-20,13,-19,13,-18,13,-17,14,-18,14,-18,14,-16,15,-16,16,-17,16,-17,16,-18,16,-19,16,-18,15,-17,14,-17,13,-17,12,-17,11,-17,10,-17,10,-17,9,-17,8,-5,2,0,0,0,0,0,0,0,0,0,0,0,0,0,0,0,0,0,0,-5,2,-17,8,-18,8,-19,8,-20,7,-20,7,-20,6,-21,5,-21,5,-21,5,-22,5,-23,5,-24,5,-24,4,-23,4,-22,5,-23,5,-22,6,-21,7,-20,8,-21,8,-21,8,-21,9,-21,9,-23,10,-25,10,-26,10,
CSI_2,28,-64,1,0,-25,9,-25,9,-24,10,-22,10,-22,10,-21,9,-20,10,-19,10,-20,10,-20,11,-19,12,-19,13,-19,13,-20,12,-21,12,-21,12,-21,11,-20,10,-19,9,-19,9,-19,8,-18,7,-19,6,-18,6,-18,5,-5,1,0,0,0,0,0,0,0,0,0,0,0,0,0,0,0,0,0,0,-5,1,-18,5,-19,5,-20,5,-21,4,-21,3,-21,2,-22,2,-22,1,-22,1,-22,1,-24,1,-25,0,-24,0,-23,0,-23,1,-24,1,-23,2,-22,3,-22,4,-22,4,-22,4,-22,5,-22,5,-24,6,-26,6,-27,5,
CSI_2,91,-80,5,0,-10,-9,-11,-7,-13,-7,-12,-8,-10,-9,-11,-7,-13,-8,-11,-10,-9,-10,-10,-8,-8,-6,-7,-6,-9,-4,-11,0,-10,-3,-9,-7,-10,-5,-11,-2,-11,-1,-8,-2,-5,-3,-7,-1,-9,0,-10,-2,-10,-4,-3,-2,0,0,0,0,0,0,0,0,0,0,0,0,0,0,0,0,0,0,-2,-1,-5,-2,-4,-3,-6,-4,-8,-5,-9,-5,-10,-7,-10,-11,-7,-9,-5,-8,-8,-11,-10,-11,-8,-6,-5,-4,-6,-10,-9,-11,-12,-8,-14,-10,-14,-11,-12,-9,-12,-9,-11,-7,-12,-7,-15,-8,-12,-9,-11,-9,-16,-9,
CSI_2,83,48,5,0,13,6,12,7,12,6,12,7,13,8,13,8,11,7,10,3,12,-1,13,-2,12,1,10,2,10,2,10,1,9,2,9,3,9,1,10,-1,9,1,8,0,7,-2,6,-1,2,0,2,1,4,2,1,0,0,0,0,0,0,0,0,0,0,0,0,0,0,0,0,0,0,0,0,0,3,3,3,4,1,6,1,7,2,6,4,7,5,8,7,9,6,9,5,9,5,10,5,11,3,11,2,11,5,9,10,7,11,8,10,8,9,9,6,11,4,12,6,10,10,10,11,10,10,8,11,4,
CSI_2,82,32,5,0,24,-6,23,-6,23,-7,22,-7,22,-7,22,-7,22,-8,22,-8,22,-8,21,-8,21,-8,20,-8,20,-7,20,-8,20,-7,20,-7,19,-6,19,-6,18,-5,18,-5,17,-4,17,-4,16,-3,16,-2,15,-2,3,-1,0,0,0,0,0,0,0,0,0,0,0,0,0,0,0,0,0,0,3,-2,13,-6,14,-6,14,-5,15,-5,16,-5,17,-5,17,-5,18,-5,19,-5,20,-4,20,-4,21,-4,21,-4,21,-4,21,-4,21,-4,22,-5,22,-5,22,-5,22,-5,22,-6,23,-6,23,-6,24,-5,25,-7,25,-9,
CSI_2,82,32,5,0,-24,8,-23,8,-23,8,-22,8,-22,9,-22,9,-22,9,-22,9,-23,9,-24,8,-23,9,-21,9,-21,9,-22,9,-22,8,-22,7,-21,6,-21,5,-20,5,-19,4,-18,3,-18,3,-17,2,-16,1,-16,0,-4,0,0,0,0,0,0,0,0,0,0,0,0,0,0,0,0,0,0,0,-4,1,-13,4,-13,5,-13,5,-14,5,-15,5,-16,5,-17,5,-18,5,-18,5,-19,5,-20,5,-20,5,-20,5,-20,4,-20,5,-20,6,-21,6,-22,7,-22,7,-21,6,-21,7,-22,8,-24,7,-25,7,-26,9,-27,12,
CSI_2,28,-64,1,0,-25,-8,-26,-8,-25,-6,-24,-5,-23,-5,-22,-5,-22,-5,-22,-4,-22,-4,-23,-3,-23,-1,-23,-1,-23,-1,-23,-2,-24,-3,-24,-3,-23,-3,-22,-4,-21,-4,-20,-5,-20,-5,-19,-5,-19,-6,-18,-6,-18,-6,-5,-2,0,0,0,0,0,0,0,0,0,0,0,0,0,0,0,0,0,0,-5,-2,-18,-6,-18,-7,-19,-8,-19,-9,-19,-9,-19,-10,-18,-11,-18,-12,-18,-12,-19,-12,-20,-13,-21,-13,-20,-13,-20,-13,-19,-12,-20,-13,-20,-12,-19,-10,-20,-9,-20,-10,-21,-10,-21,-9,-21,-9,-23,-9,-25,-10,-26,-11,
CSI_2,-8,-123,95,0,-15,8,-15,9,-13,14,-12,16,-13,13,-12,13,-9,15,-7,13,-8,12,-12,13,-15,15,-16,15,-16,12,-16,10,-15,10,-15,11,-16,11,-17,10,-13,11,-10,10,-8,10,-8,8,-9,6,-7,7,-3,10,-1,2,0,0,0,0,0,0,0,0,0,0,0,0,0,0,0,0,0,0,-3,2,-10,11,-11,10,-11,9,-10,9,-9,10,-10,9,-11,10,-12,13,-12,15,-11,13,-10,12,-11,13,-15,11,-17,11,-16,11,-16,13,-16,17,-16,19,-14,18,-14,19,-14,19,-14,17,-15,17,-17,19,-20,20,-21,19,
CSI_2,91,-80,5,0,6,-14,6,-13,4,-9,4,-10,3,-12,3,-10,4,-10,4,-12,4,-10,5,-8,3,-8,1,-7,4,-8,4,-11,2,-12,1,-11,1,-10,2,-8,2,-6,3,-6,5,-6,2,-7,0,-6,0,-3,0,-2,0,-1,0,0,0,0,0,0,0,0,0,0,0,0,0,0,0,0,0,0,0,-1,1,-2,0,-4,-1,-6,0,-7,2,-7,0,-7,-2,-8,-1,-9,0,-8,1,-8,3,-9,3,-11,0,-9,0,-6,1,-9,3,-12,3,-11,5,-10,7,-9,4,-10,1,-13,2,-14,3,-12,3,-13,4,-15,4,-14,
CSI_2,28,-64,1,0,-12,-24,-12,-24,-13,-23,-13,-21,-13,-21,-12,-20,-13,-19,-13,-18,-13,-19,-14,-19,-15,-18,-15,-17,-15,-18,-15,-19,-15,-20,-15,-20,-14,-19,-13,-18,-13,-18,-12,-18,-11,-18,-10,-18,-9,-18,-9,-17,-8,-17,-2,-5,0,0,0,0,0,0,0,0,0,0,0,0,0,0,0,0,0,0,-2,-5,-7,-18,-7,-18,-7,-20,-6,-21,-5,-21,-5,-21,-4,-21,-4,-21,-3,-21,-4,-22,-3,-24,-3,-24,-3,-24,-3,-23,-3,-22,-4,-23,-5,-23,-6,-21,-6,-21,-7,-21,-7,-22,-8,-22,-8,-22,-9,-24,-9,-25,-8,-26,
CSI_2,91,-80,5,0,-14,-12,-15,-7,-13,-4,-7,-6,-8,-8,-9,-8,-5,-4,-5,-1,-8,-1,-12,-4,-12,-6,-9,-4,-7,-5,-7,-8,-8,-9,-9,-10,-7,-9,-3,-8,-2,-7,-4,-7,-3,-6,-2,-5,-2,-4,-2,-3,-4,-3,-2,-1,0,0,0,0,0,0,0,0,0,0,0,0,0,0,0,0,0,0,0,1,-1,5,-4,5,-6,4,-7,2,-6,1,-7,4,-7,8,-6,8,-7,2,-9,1,-11,3,-12,2,-10,5,-6,7,-6,0,-8,-6,-12,-4,-12,-1,-10,0,-9,-2,-8,-5,-8,-5,-13,-4,-16,-6,-13,-5,-9,0,
CSI_2,28,-64,1,0,15,-21,15,-22,13,-21,12,-21,12,-20,11,-20,10,-19,9,-20,10,-20,9,-21,8,-21,7,-21,8,-21,8,-22,9,-22,10,-22,9,-21,9,-20,9,-19,9,-18,9,-18,10,-17,10,-17,10,-16,10,-15,2,-4,0,0,0,0,0,0,0,0,0,0,0,0,0,0,0,0,0,0,3,-4,12,-14,13,-14,14,-14,15,-14,15,-14,16,-13,17,-13,17,-12,17,-12,18,-13,19,-13,20,-13,19,-13,19,-13,18,-13,18,-14,17,-14,16,-14,15,-15,15,-16,15,-16,15,-17,15,-17,16,-18,18,-19,19,-19,
CSI_2,69,80,4,0,-8,-12,-5,-11,-1,-11,0,-12,-1,-10,-2,-9,-3,-11,-2,-12,-3,-10,-6,-8,-5,-7,-3,-8,-4,-7,-3,-7,-3,-9,-4,-9,-3,-10,-1,-9,0,-9,-1,-11,0,-11,1,-9,1,-7,1,-7,1,-8,0,-2,0,0,0,0,0,0,0,0,0,0,0,0,0,0,0,0,0,0,-1,-2,-1,-7,0,-6,0,-5,0,-4,2,-5,3,-5,3,-5,3,-5,2,-7,-1,-6,-1,-5,1,-5,0,-6,1,-7,0,-7,0,-7,-2,-7,-4,-7,-5,-6,-5,-6,-6,-7,-5,-6,-3,-4,-4,-4,-4,-5,-5,-5,
CSI_2,69,80,4,0,6,10,9,10,9,9,9,9,9,8,7,9,5,9,6,7,7,6,6,6,5,7,5,8,7,9,7,9,5,10,4,10,3,10,3,7,3,7,3,10,2,10,2,8,2,9,1,10,1,9,0,2,0,0,0,0,0,0,0,0,0,0,0,0,0,0,0,0,0,0,0,0,1,3,2,5,1,4,1,3,0,4,-2,4,-3,4,-1,1,-1,1,-1,2,1,2,2,4,0,5,-1,4,1,3,2,4,1,5,-1,6,0,7,3,5,3,6,1,9,0,10,0,9,3,9,6,9,
CSI_2,28,-64,1,0,-21,-17,-21,-16,-21,-15,-21,-14,-20,-13,-20,-13,-19,-11,-19,-11,-19,-11,-20,-12,-21,-10,-21,-9,-21,-10,-21,-11,-22,-12,-22,-12,-21,-12,-20,-11,-19,-10,-18,-11,-17,-11,-16,-12,-16,-12,-15,-13,-14,-13,-4,-4,0,0,0,0,0,0,0,0,0,0,0,0,0,0,0,0,0,0,-4,-4,-14,-13,-14,-14,-15,-15,-15,-16,-14,-16,-14,-17,-14,-17,-13,-17,-13,-18,-13,-19,-13,-20,-13,-21,-13,-21,-13,-20,-13,-19,-14,-19,-14,-19,-14,-17,-15,-17,-16,-17,-16,-16,-16,-16,-16,-16,-18,-18,-19,-20,-19,-21,
CSI_2,91,-80,5,0,-13,-5,-12,-6,-12,-8,-8,-9,-7,-10,-8,-7,-8,-4,-8,-5,-6,-5,-6,-2,-6,-1,-7,-3,-9,-4,-9,-3,-6,-2,-3,-3,-1,-3,0,-1,-4,-1,-8,-1,-7,-1,-6,-2,-5,-3,-5,-2,-4,-2,-1,-1,0,0,0,0,0,0,0,0,0,0,0,0,0,0,0,0,0,0,-2,-2,-5,-4,-5,-4,-5,-4,-4,-5,-3,-6,-3,-5,-5,-5,-7,-7,-8,-5,-5,-4,-3,-4,-4,-3,-7,-4,-5,-5,-3,-7,-4,-8,-6,-5,-7,-5,-5,-4,-7,-4,-10,-7,-11,-9,-11,-9,-11,-7,-11,-6,-11,-6,
CSI_2,83,48,5,0,-1,-9,1,-10,1,-10,2,-8,6,-8,4,-10,-1,-9,-2,-8,0,-7,2,-6,2,-6,2,-7,4,-7,4,-7,5,-7,5,-7,5,-5,7,-4,6,-5,4,-3,3,0,4,-2,3,-6,3,-4,3,-2,1,-1,0,0,0,0,0,0,0,0,0,0,0,0,0,0,0,0,0,0,-1,0,-4,0,-6,-1,-7,-2,-8,-4,-8,-4,-6,-2,-9,1,-12,2,-10,-1,-7,-4,-7,-5,-8,-6,-10,-6,-10,-6,-10,-5,-11,-4,-10,-6,-10,-7,-11,-7,-9,-7,-4,-8,-2,-10,-4,-10,-4,-10,-5,-13,-7,-18,
CSI_2,82,32,5,0,15,9,14,8,14,8,14,8,14,7,14,7,14,7,14,7,14,7,14,7,13,7,13,7,12,7,13,7,13,7,12,8,12,8,11,8,10,8,9,7,9,7,8,7,7,7,7,7,6,7,1,1,0,0,0,0,0,0,0,0,0,0,0,0,0,0,0,0,0,0,2,0,9,3,9,3,9,3,10,4,10,4,11,5,11,5,11,6,12,6,12,7,12,7,12,8,12,8,12,8,12,7,13,7,13,8,13,8,13,8,13,8,13,7,14,8,14,9,15,10,16,9,18,7,
CSI_2,82,32,5,0,5,-29,4,-30,3,-29,2,-27,2,-27,2,-26,1,-25,0,-25,0,-26,-1,-26,-2,-26,-3,-26,-3,-26,-2,-27,-1,-28,-1,-28,-1,-26,0,-25,0,-24,0,-23,1,-23,2,-22,3,-22,3,-21,3,-21,1,-6,0,0,0,0,0,0,0,0,0,0,0,0,0,0,0,0,0,0,1,-6,5,-21,6,-21,7,-22,8,-23,9,-22,9,-22,10,-22,11,-21,11,-22,12,-22,13,-23,13,-24,13,-23,13,-23,12,-23,12,-23,10,-23,8,-23,8,-23,8,-24,8,-24,7,-25,7,-25,8,-27,9,-29,10,-29,
CSI_2,28,-64,1,0,-17,-21,-18,-20,-18,-19,-17,-17,-17,-17,-16,-16,-16,-15,-17,-15,-17,-15,-18,-15,-18,-14,-19,-13,-19,-13,-19,-14,-19,-15,-19,-16,-18,-15,-17,-14,-16,-14,-16,-14,-15,-14,-14,-15,-13,-15,-12,-15,-12,-14,-3,-4,0,0,0,0,0,0,0,0,0,0,0,0,0,0,0,0,0,0,-3,-4,-11,-16,-11,-16,-11,-18,-11,-19,-10,-19,-10,-19,-9,-19,-8,-20,-8,-21,-9,-21,-9,-23,-8,-23,-8,-23,-8,-22,-9,-21,-9,-22,-10,-21,-11,-19,-11,-19,-11,-19,-12,-19,-13,-20,-13,-20,-14,-21,-15,-23,-14,-24,
CSI_2,82,32,5,0,-21,-15,-20,-15,-20,-14,-20,-14,-20,-14,-20,-13,-20,-13,-20,-13,-20,-13,-20,-13,-20,-12,-19,-12,-19,-12,-19,-12,-18,-12,-18,-12,-17,-13,-16,-13,-16,-12,-15,-12,-14,-12,-13,-12,-12,-12,-12,-12,-11,-12,-3,-3,0,0,0,0,0,0,0,0,0,0,0,0,0,0,0,0,0,0,-4,-2,-14,-7,-14,-7,-14,-8,-15,-9,-15,-9,-16,-10,-16,-10,-17,-11,-17,-12,-17,-13,-17,-13,-18,-14,-18,-14,-17,-14,-17,-14,-18,-14,-18,-14,-19,-14,-19,-14,-19,-14,-19,-14,-20,-14,-20,-15,-20,-16,-22,-15,-23,-14,
CSI_2,28,-64,1,0,-18,-20,-18,-20,-19,-18,-18,-17,-18,-17,-17,-16,-17,-15,-17,-14,-18,-14,-19,-14,-19,-13,-19,-12,-20,-13,-20,-14,-20,-15,-20,-15,-19,-15,-18,-14,-17,-14,-16,-14,-15,-14,-14,-14,-14,-15,-13,-14,-12,-14,-3,-4,0,0,0,0,0,0,0,0,0,0,0,0,0,0,0,0,0,0,-3,-4,-12,-15,-12,-16,-12,-17,-12,-18,-11,-18,-11,-19,-10,-19,-9,-19,-9,-20,-10,-21,-10,-22,-10,-23,-10,-22,-9,-21,-10,-21,-11,-21,-11,-21,-12,-19,-12,-18,-12,-19,-13,-19,-14,-19,-14,-19,-15,-20,-16,-22,-16,-23,
CSI_2,117,86,103,0,14,-2,15,1,19,1,19,1,18,1,18,3,19,2,17,0,15,-1,15,1,14,2,11,3,9,5,9,6,9,5,9,6,7,5,7,5,8,6,10,6,10,6,7,6,5,6,5,5,2,4,0,1,0,0,0,0,0,0,0,0,0,0,0,0,0,0,0,0,0,0,2,-1,10,-4,10,-7,10,-6,9,-3,9,-3,12,-4,16,-5,18,-6,15,-6,13,-6,13,-6,15,-6,14,-8,11,-7,13,-6,15,-5,15,-4,13,-3,16,-2,19,-3,19,-5,19,-4,18,-3,13,-5,14,-6,13,-7,9,0,36,1,31,0,30,3,34,8,34,9,29,7,29,5,31,2,30,2,28,5,26,6,24,3,21,4,19,10,18,12,19,10,21,9,21,9,17,8,14,8,15,11,16,13,16,14,13,12,11,10,10,10,15,10,13,7,1,0,0,0,-1,-1,0,0,0,0,-1,-1,2,-1,21,-3,19,-4,16,-3,17,-7,17,-11,16,-7,15,-5,18,-5,21,-4,24,-6,26,-6,23,-6,23,-8,30,-7,30,-7,27,-7,29,-7,31,-5,28,-1,28,-2,29,-5,29,-6,32,-8,33,-6,31,-5,30,-9,36,-9,41,-6,
CSI_2,28,-64,1,0,19,-18,19,-18,17,-19,16,-18,16,-18,15,-17,14,-17,13,-18,14,-18,14,-18,12,-19,12,-19,12,-20,13,-20,14,-20,14,-20,14,-19,13,-18,13,-17,13,-16,13,-15,14,-14,14,-14,14,-13,14,-12,3,-3,0,0,0,0,0,0,0,0,0,0,0,0,0,0,0,0,0,0,3,-3,14,-12,15,-12,16,-13,17,-12,17,-11,18,-11,18,-10,18,-9,19,-9,20,-10,21,-10,22,-10,21,-10,20,-10,20,-10,20,-11,19,-11,18,-12,18,-12,18,-13,18,-13,18,-14,18,-14,19,-15,21,-16,22,-16,
CSI_2,28,-64,1,0,10,-25,10,-25,8,-24,7,-23,7,-23,7,-22,6,-22,5,-22,5,-22,5,-23,3,-23,2,-23,3,-23,4,-23,5,-24,5,-24,5,-23,6,-22,5,-21,6,-20,6,-19,7,-19,7,-19,7,-18,8,-17,2,-5,0,0,0,0,0,0,0,0,0,0,0,0,0,0,0,0,0,0,1,-5,7,-17,8,-18,9,-18,10,-19,11,-18,11,-18,12,-17,13,-17,13,-17,14,-18,14,-19,15,-19,15,-19,14,-18,14,-18,14,-19,13,-19,11,-19,11,-19,11,-19,11,-20,11,-20,10,-21,11,-22,12,-24,13,-24,
CSI_2,82,32,5,0,26,-1,26,-1,26,-1,25,-1,25,-1,25,-2,24,-2,24,-2,24,-3,24,-3,24,-3,23,-3,23,-2,23,-2,22,-2,22,-1,22,-1,21,0,20,1,19,1,18,1,17,1,17,2,16,2,16,2,4,0,0,0,0,0,0,0,0,0,0,0,0,0,0,0,0,0,0,0,3,-2,15,-5,16,-4,16,-4,17,-4,18,-4,19,-3,20,-3,21,-3,22,-2,22,-2,23,-1,23,-1,23,-1,23,-1,23,-1,24,-1,24,-1,25,-1,25,-1,25,-1,25,-1,26,-1,26,-1,27,-1,28,-2,29,-4,
CSI_2,91,-80,5,0,3,10,5,9,8,9,9,9,7,9,6,10,7,11,8,9,8,8,7,10,5,13,4,12,5,10,7,9,6,10,5,11,6,11,6,8,4,7,2,8,3,7,3,3,2,2,2,4,3,5,1,1,0,0,0,0,0,0,0,0,0,0,0,0,0,0,0,0,0,0,0,0,0,2,1,4,1,6,-1,7,-1,7,1,7,2,9,4,10,5,8,4,7,3,6,3,6,3,8,3,10,2,11,2,9,5,8,6,10,3,11,4,11,8,10,10,8,10,10,9,12,8,13,7,15,
CSI_2,83,48,5,0,-9,8,-6,10,-7,11,-8,9,-8,11,-7,12,-7,11,-5,13,-5,13,-4,11,-2,9,-3,7,-3,8,-1,11,-2,14,-1,13,0,11,0,9,1,9,2,7,1,6,-1,8,0,8,2,9,3,8,0,2,0,0,0,0,0,0,0,0,0,0,0,0,0,0,0,0,0,0,-2,-2,-6,-6,-4,-5,-5,-4,-6,-4,-6,-1,-7,1,-8,-1,-7,-3,-8,-1,-11,-1,-13,-1,-13,-3,-12,-2,-9,0,-7,4,-11,6,-15,5,-14,2,-12,3,-11,3,-10,5,-10,6,-13,6,-14,5,-13,3,-12,0,
