CSI_2,-8,-123,95,0,-11,-7,-9,-6,-9,-7,-12,-10,-12,-10,-11,-9,-10,-7,-11,-7,-12,-5,-13,-2,-12,-2,-10,-5,-12,-8,-12,-9,-11,-8,-13,-7,-16,-9,-14,-9,-11,-5,-10,-5,-9,-5,-9,-4,-10,-6,-11,-7,-10,-6,-3,-2,0,0,0,0,0,0,0,0,0,0,0,0,0,0,0,0,0,0,-2,-1,-6,-4,-7,-5,-5,-6,-3,-6,-4,-7,-5,-7,-7,-6,-7,-6,-5,-6,-6,-9,-7,-14,-7,-15,-5,-12,-6,-8,-7,-9,-6,-12,-5,-11,-6,-11,-7,-11,-8,-12,-10,-12,-11,-12,-14,-9,-14,-7,-10,-8,-8,-11,
CSI_2,28,-64,1,0,22,-10,22,-11,21,-11,19,-11,19,-11,18,-10,16,-10,15,-11,16,-11,16,-12,14,-12,14,-12,14,-12,14,-12,15,-12,15,-12,14,-11,13,-10,12,-10,12,-9,11,-9,11,-8,11,-8,11,-7,10,-7,2,-2,0,0,0,0,0,0,0,0,0,0,0,0,0,0,0,0,0,0,5,-2,20,-7,21,-6,22,-6,23,-5,23,-4,23,-4,23,-3,23,-2,23,-2,24,-2,25,-1,26,-1,25,-1,24,-1,23,-2,24,-2,23,-4,21,-5,21,-5,21,-5,21,-6,21,-7,21,-7,22,-7,24,-6,25,-5,
CSI_2,82,32,5,0,20,-16,20,-15,19,-15,19,-15,19,-16,19,-16,18,-15,17,-15,17,-15,17,-15,17,-15,17,-15,16,-15,16,-14,16,-13,16,-13,15,-13,14,-12,14,-11,14,-11,14,-10,13,-10,13,-9,13,-8,12,-8,3,-2,0,0,0,0,0,0,0,0,0,0,0,0,0,0,0,0,0,0,2,-3,8,-10,9,-10,10,-10,10,-11,11,-11,11,-11,12,-11,13,-12,14,-12,15,-12,16,-12,16,-12,17,-13,17,-13,17,-13,17,-13,17,-13,18,-14,18,-14,19,-14,19,-15,19,-15,20,-14,21,-15,21,-17,21,-18,
CSI_2,28,-64,1,0,-21,-19,-22,-19,-21,-17,-20,-16,-20,-15,-19,-14,-18,-13,-18,-12,-18,-12,-18,-12,-18,-11,-19,-10,-19,-10,-18,-11,-18,-11,-18,-11,-17,-10,-16,-10,-15,-9,-14,-9,-13,-9,-12,-9,-12,-9,-11,-9,-11,-8,-3,-2,0,0,0,0,0,0,0,0,0,0,0,0,0,0,0,0,0,0,-5,-5,-17,-17,-18,-18,-18,-19,-18,-21,-17,-21,-16,-22,-16,-22,-15,-22,-14,-22,-15,-23,-15,-25,-15,-26,-14,-25,-14,-24,-14,-23,-15,-23,-16,-22,-16,-20,-16,-20,-17,-20,-18,-19,-18,-19,-17,-19,-18,-20,-19,-22,-18,-23,
CSI_2,28,-64,1,0,-26,6,-26,7,-24,7,-23,7,-22,7,-21,7,-19,7,-18,8,-18,7,-19,7,-17,8,-16,8,-16,8,-16,8,-16,8,-16,8,-15,7,-14,7,-13,6,-12,6,-12,5,-11,4,-11,4,-11,3,-10,3,-3,0,0,0,0,0,0,0,0,0,0,0,0,0,0,0,0,0,0,0,-6,0,-24,2,-24,2,-26,1,-27,0,-26,0,-27,-1,-27,-2,-26,-2,-26,-3,-27,-3,-28,-4,-29,-5,-28,-5,-27,-4,-26,-3,-27,-2,-26,-1,-25,1,-25,1,-25,2,-25,2,-25,3,-25,3,-26,2,-27,2,-27,0,
CSI_2,-117,-80,8,0,-5,31,-5,30,-4,29,-4,28,-4,28,-4,28,-4,27,-5,26,-5,25,-5,24,-4,23,-3,22,-2,22,-2,21,-1,20,-2,19,-4,18,-5,18,-4,18,-3,17,-4,15,-5,14,-5,12,-5,12,-5,12,-2,3,0,0,0,0,0,0,0,0,0,0,0,0,0,0,0,0,0,0,0,3,0,12,-1,13,-2,14,-3,14,-3,14,-3,15,-4,18,-5,18,-5,18,-6,19,-7,20,-8,20,-8,20,-8,21,-8,21,-8,21,-8,21,-8,23,-9,25,-9,25,-7,25,-6,26,-5,28,-6,29,-7,30,-7,31,
CSI_2,-117,-80,8,0,25,-15,25,-15,25,-13,23,-13,22,-13,22,-13,21,-13,19,-12,18,-12,18,-12,17,-12,16,-13,16,-12,15,-11,14,-11,14,-11,15,-10,13,-10,12,-10,12,-9,12,-9,11,-8,11,-7,11,-7,9,-6,2,-2,0,0,0,0,0,0,0,0,0,0,0,0,0,0,0,0,0,0,2,-3,11,-10,13,-10,14,-10,13,-10,16,-10,17,-9,18,-9,19,-10,19,-11,20,-11,21,-10,22,-10,23,-11,24,-11,24,-11,26,-10,26,-9,26,-10,26,-11,27,-12,28,-13,28,-14,29,-14,29,-14,27,-14,27,-12,
CSI_2,28,-64,1,0,-16,-23,-16,-22,-16,-21,-16,-19,-15,-19,-15,-18,-14,-16,-15,-15,-15,-16,-16,-15,-16,-14,-17,-13,-17,-14,-16,-14,-16,-15,-16,-15,-15,-14,-14,-13,-13,-13,-13,-12,-12,-12,-11,-12,-11,-12,-10,-11,-10,-11,-3,-3,0,0,0,0,0,0,0,0,0,0,0,0,0,0,0,0,0,0,-3,-5,-11,-19,-11,-20,-11,-22,-11,-23,-10,-23,-9,-23,-8,-24,-7,-24,-7,-24,-8,-25,-8,-26,-8,-27,-7,-26,-7,-25,-7,-24,-8,-25,-9,-24,-10,-22,-10,-22,-11,-22,-11,-22,-12,-22,-12,-22,-13,-23,-13,-24,-12,-25,
CSI_2,28,-64,1,0,-24,9,-24,10,-23,10,-21,10,-20,10,-19,10,-18,10,-17,10,-18,10,-18,10,-16,11,-16,11,-16,11,-16,11,-17,11,-16,11,-15,10,-14,9,-13,9,-13,9,-13,8,-13,7,-13,7,-12,6,-12,6,-3,1,0,0,0,0,0,0,0,0,0,0,0,0,0,0,0,0,0,0,-5,1,-20,6,-21,6,-22,6,-23,5,-23,4,-23,3,-23,3,-23,2,-24,2,-25,1,-26,1,-26,0,-26,0,-24,0,-24,1,-25,2,-24,3,-23,4,-22,5,-22,5,-23,6,-23,6,-23,6,-24,6,-26,6,-27,4,
CSI_2,82,32,5,0,-14,-5,-13,-5,-13,-5,-13,-5,-13,-4,-13,-4,-13,-4,-13,-4,-13,-4,-13,-4,-12,-3,-12,-3,-12,-3,-12,-3,-12,-3,-11,-3,-11,-4,-11,-4,-10,-4,-10,-4,-9,-3,-9,-3,-8,-3,-8,-4,-8,-4,-2,-1,0,0,0,0,0,0,0,0,0,0,0,0,0,0,0,0,0,0,-2,-1,-8,-2,-8,-3,-8,-3,-9,-3,-9,-3,-10,-4,-10,-4,-10,-4,-11,-4,-11,-5,-11,-5,-11,-6,-11,-5,-11,-5,-12,-5,-12,-6,-12,-6,-12,-6,-12,-5,-13,-5,-13,-5,-13,-5,-13,-6,-14,-5,-15,-5,-15,-4,
CSI_2,82,32,5,0,9,-10,9,-10,7,-10,7,-10,7,-9,7,-9,6,-9,6,-9,6,-9,5,-9,5,-9,4,-9,4,-9,4,-9,5,-9,5,-9,4,-9,4,-8,4,-8,4,-7,4,-7,4,-6,4,-6,4,-6,4,-5,1,-2,0,0,0,0,0,0,0,0,0,0,0,0,0,0,0,0,0,0,1,-2,7,-9,7,-9,8,-9,9,-9,9,-8,9,-8,10,-7,10,-7,10,-7,11,-7,12,-7,12,-7,12,-7,11,-6,11,-7,11,-7,10,-8,9,-8,9,-8,9,-8,9,-8,9,-8,9,-8,9,-9,10,-9,10,-9,
CSI_2,28,-64,1,0,26,12,26,11,25,9,24,8,23,8,22,7,21,6,21,5,21,6,21,5,21,4,21,3,21,3,21,3,22,4,21,4,20,4,19,4,18,3,17,4,16,4,15,4,15,4,14,4,13,4,3,1,0,0,0,0,0,0,0,0,0,0,0,0,0,0,0,0,0,0,5,2,21,11,21,12,22,13,22,14,21,15,21,16,20,17,19,17,20,18,20,19,21,20,21,21,20,20,19,19,19,18,20,18,21,17,20,14,21,14,21,14,22,14,22,13,22,13,23,14,24,15,23,17,
CSI_2,82,32,5,0,-11,-7,-11,-7,-11,-7,-11,-7,-11,-6,-11,-6,-11,-6,-11,-6,-11,-6,-11,-6,-11,-6,-11,-5,-11,-6,-11,-6,-10,-6,-10,-6,-10,-6,-9,-6,-9,-6,-9,-5,-8,-5,-8,-5,-8,-5,-7,-6,-7,-6,-2,-2,0,0,0,0,0,0,0,0,0,0,0,0,0,0,0,0,0,0,-2,-1,-6,-3,-6,-4,-7,-4,-7,-4,-7,-4,-8,-5,-8,-5,-8,-6,-8,-6,-8,-6,-8,-7,-9,-7,-9,-7,-9,-7,-9,-7,-9,-7,-9,-8,-10,-8,-9,-7,-9,-7,-10,-7,-10,-7,-10,-8,-10,-8,-11,-8,-12,-8,
CSI_2,82,32,5,0,-29,-2,-29,-2,-28,-2,-28,-1,-28,0,-28,0,-27,0,-27,0,-27,0,-27,0,-27,1,-26,1,-26,1,-26,0,-26,0,-25,0,-25,-1,-24,-2,-23,-2,-22,-2,-22,-2,-21,-2,-20,-3,-19,-3,-19,-4,-5,-1,0,0,0,0,0,0,0,0,0,0,0,0,0,0,0,0,0,0,-4,0,-15,2,-16,2,-17,2,-18,2,-19,2,-20,1,-20,0,-22,0,-23,0,-23,-1,-24,-1,-24,-2,-25,-2,-25,-2,-26,-2,-26,-3,-27,-3,-27,-3,-27,-2,-27,-1,-28,-1,-28,-2,-28,-3,-29,-3,-31,-2,-32,-1,
CSI_2,82,32,5,0,-23,10,-22,10,-22,9,-21,10,-21,10,-21,10,-20,10,-20,10,-20,10,-19,10,-19,11,-19,11,-19,10,-19,10,-19,9,-19,9,-18,8,-18,7,-17,7,-17,6,-17,6,-16,6,-16,5,-15,5,-15,4,-4,1,0,0,0,0,0,0,0,0,0,0,0,0,0,0,0,0,0,0,-3,2,-11,8,-12,8,-13,8,-14,8,-14,8,-15,8,-15,8,-16,8,-18,8,-19,9,-19,8,-20,8,-20,8,-21,8,-21,8,-21,8,-21,8,-22,8,-22,8,-22,9,-22,9,-22,9,-23,8,-24,9,-24,10,-24,12,
CSI_2,28,-64,1,0,27,3,27,3,26,1,24,1,23,0,22,0,21,-1,21,-1,21,-1,21,-2,20,-3,20,-4,20,-4,20,-3,20,-3,20,-3,19,-3,18,-3,16,-2,16,-2,15,-2,15,-1,14,-1,14,-1,13,-1,3,-1,0,0,0,0,0,0,0,0,0,0,0,0,0,0,0,0,0,0,5,1,22,4,23,4,24,6,25,7,24,8,24,9,23,10,23,10,23,11,24,11,25,12,26,12,25,12,24,11,23,11,24,11,24,9,23,7,23,7,24,7,24,6,24,6,24,6,26,6,27,7,27,8,
CSI_2,82,32,5,0,-15,23,-14,23,-14,22,-14,22,-14,23,-13,23,-13,22,-12,22,-12,22,-11,22,-12,22,-12,22,-12,22,-11,21,-12,20,-12,20,-12,19,-12,18,-12,17,-12,17,-12,16,-12,15,-12,14,-12,13,-11,13,-3,3,0,0,0,0,0,0,0,0,0,0,0,0,0,0,0,0,0,0,-1,3,-4,12,-5,12,-6,13,-7,14,-7,15,-7,15,-8,16,-8,16,-9,17,-11,18,-11,18,-12,18,-12,19,-13,19,-13,19,-12,19,-12,19,-13,20,-14,21,-14,21,-14,21,-14,22,-14,22,-15,22,-15,24,-13,25,
CSI_2,28,-64,1,0,-13,-7,-13,-6,-13,-5,-12,-5,-12,-5,-11,-4,-10,-4,-11,-4,-11,-4,-11,-4,-11,-3,-10,-2,-11,-2,-11,-3,-11,-3,-10,-3,-10,-3,-9,-3,-9,-3,-9,-3,-8,-3,-8,-3,-8,-3,-7,-3,-6,-3,-2,-1,0,0,0,0,0,0,0,0,0,0,0,0,0,0,0,0,0,0,-3,-2,-12,-5,-12,-5,-12,-6,-12,-7,-12,-7,-12,-8,-11,-8,-11,-8,-11,-8,-11,-9,-12,-10,-12,-10,-11,-10,-10,-9,-10,-9,-11,-9,-11,-9,-11,-7,-11,-7,-11,-7,-11,-7,-12,-7,-12,-7,-12,-7,-13,-7,-12,-7,
CSI_2,28,-64,1,0,-13,-6,-13,-6,-12,-5,-12,-5,-11,-4,-11,-4,-10,-4,-10,-3,-10,-3,-10,-3,-10,-2,-10,-2,-10,-2,-10,-2,-10,-3,-10,-3,-10,-2,-9,-2,-9,-2,-8,-2,-8,-2,-8,-2,-8,-3,-7,-3,-7,-3,-2,-1,0,0,0,0,0,0,0,0,0,0,0,0,0,0,0,0,0,0,-3,-2,-11,-5,-11,-6,-12,-6,-12,-7,-11,-7,-11,-8,-11,-8,-10,-8,-11,-9,-11,-9,-11,-10,-11,-10,-11,-10,-10,-9,-10,-9,-11,-9,-11,-8,-11,-7,-11,-7,-11,-7,-11,-7,-11,-7,-12,-7,-12,-7,-12,-7,-11,-6,
CSI_2,-8,-123,95,0,0,22,-1,20,-2,18,-1,19,-1,21,-2,21,-3,19,-2,19,-1,21,1,21,2,21,1,23,0,22,0,21,1,22,3,21,3,19,3,17,2,16,1,17,0,18,-1,19,-2,19,-3,18,-4,18,-1,4,0,0,0,0,0,0,0,0,0,0,0,0,0,0,0,0,0,0,-1,5,-2,18,-4,17,-4,18,-3,19,-4,19,-5,18,-5,17,-4,18,-2,17,-4,17,-7,18,-7,19,-7,19,-6,17,-5,16,-5,19,-5,20,-5,21,-4,21,-4,21,-5,24,-4,23,-4,20,-3,19,-3,19,-3,18,
CSI_2,117,86,103,0,-8,-15,-9,-16,-4,-16,-5,-14,-8,-13,-7,-14,-7,-13,-9,-12,-10,-13,-10,-14,-9,-15,-7,-15,-5,-14,-6,-14,-8,-15,-10,-14,-9,-13,-7,-13,-7,-14,-8,-14,-8,-15,-5,-15,-5,-14,-6,-10,-5,-9,-1,-3,0,0,0,0,0,0,0,0,0,0,0,0,0,0,0,0,0,0,0,-1,-2,-5,-6,-9,-7,-12,-5,-11,-3,-10,-1,-14,-1,-16,-3,-14,-2,-14,0,-14,0,-12,1,-14,2,-14,-1,-15,-5,-17,-5,-15,-4,-14,-3,-16,-1,-15,0,-11,-2,-14,-5,-18,-7,-17,-9,-17,-10,-18,-10,-20,-1,-9,-5,-33,-11,-29,-13,-27,-8,-28,-5,-30,-10,-28,-14,-24,-14,-23,-13,-25,-13,-31,-14,-33,-17,-31,-19,-28,-17,-28,-13,-28,-12,-25,-16,-23,-18,-24,-15,-24,-12,-22,-12,-23,-11,-27,-8,-28,-11,-27,-14,-26,-10,-26,-9,-30,-9,-32,-2,-5,0,0,0,0,-1,-1,-1,-1,-1,-1,-2,-3,-12,-25,-9,-29,1,-24,0,-28,-6,-29,-12,-29,-13,-32,-8,-32,-2,-32,-5,-33,-4,-31,4,-28,6,-27,2,-28,1,-31,-1,-30,-5,-26,-6,-27,-6,-30,-3,-30,0,-29,-1,-29,-4,-30,-3,-32,-3,-32,-7,-32,-12,-32,-16,-33,
CSI_2,28,-64,1,0,-10,-10,-10,-10,-10,-9,-9,-9,-9,-8,-8,-8,-8,-7,-9,-7,-9,-7,-9,-7,-9,-6,-9,-6,-9,-6,-9,-6,-9,-7,-9,-7,-9,-7,-8,-6,-8,-6,-8,-6,-7,-6,-7,-6,-7,-6,-6,-6,-6,-6,-2,-2,0,0,0,0,0,0,0,0,0,0,0,0,0,0,0,0,0,0,-2,-2,-7,-8,-7,-9,-7,-10,-6,-10,-6,-10,-6,-10,-6,-11,-5,-11,-5,-11,-5,-11,-6,-12,-6,-12,-5,-12,-5,-11,-5,-11,-6,-11,-6,-11,-6,-10,-7,-10,-7,-10,-7,-10,-7,-10,-8,-10,-8,-10,-9,-11,-8,-11,
CSI_2,82,32,5,0,22,-15,21,-15,19,-15,18,-15,17,-14,17,-14,16,-14,15,-14,15,-15,15,-15,13,-16,13,-16,13,-16,13,-16,14,-16,14,-16,14,-15,13,-14,12,-13,12,-12,12,-12,12,-11,12,-11,12,-10,11,-10,2,-3,0,0,0,0,0,0,0,0,0,0,0,0,0,0,0,0,0,0,4,-3,17,-12,17,-11,19,-11,20,-11,20,-10,20,-9,21,-8,21,-7,22,-7,23,-8,24,-8,25,-8,24,-7,23,-7,22,-7,23,-8,22,-9,20,-10,20,-10,20,-10,21,-10,21,-11,21,-11,22,-13,23,-13,22,-12,
CSI_2,82,32,5,0,4,12,4,12,4,11,4,11,4,11,4,11,4,11,5,11,5,11,5,11,4,10,4,10,4,10,4,10,4,10,3,10,3,10,3,9,2,9,2,9,2,8,1,8,1,7,1,7,1,7,0,1,0,0,0,0,0,0,0,0,0,0,0,0,0,0,0,0,0,0,0,1,3,5,3,5,3,6,3,6,3,6,3,7,3,8,3,8,3,8,3,9,3,9,3,10,3,10,3,10,3,10,3,10,4,10,4,10,3,10,3,10,4,10,4,11,4,11,4,12,5,12,6,12,
CSI_2,28,-64,1,0,26,5,26,5,25,4,24,3,23,2,22,2,21,1,21,0,21,1,21,1,20,-1,20,-1,20,-1,20,-1,21,-1,21,-1,20,-1,18,-1,18,-1,17,-1,16,-1,16,0,16,1,15,1,14,1,3,0,0,0,0,0,0,0,0,0,0,0,0,0,0,0,0,0,0,0,4,1,18,7,19,7,20,8,20,10,19,10,19,10,19,11,19,12,19,12,20,13,20,15,20,15,20,15,19,14,19,13,20,12,21,11,20,9,20,8,21,8,22,8,22,7,22,8,23,9,24,10,23,12,
CSI_2,117,86,103,0,13,-3,14,-4,15,-5,14,-5,12,-7,13,-9,13,-9,12,-9,11,-7,12,-6,12,-6,13,-7,12,-9,12,-10,13,-9,14,-8,14,-7,12,-7,9,-8,12,-6,14,-5,12,-4,10,-5,10,-4,12,-3,3,-1,0,0,0,0,0,0,0,0,0,0,0,0,0,0,0,0,0,0,2,0,11,0,13,-1,13,-1,12,0,12,1,13,3,13,2,12,0,12,0,13,-1,13,-1,13,0,13,2,13,2,12,1,13,-1,12,-2,11,-2,12,-1,13,-1,11,-1,13,-3,14,-5,13,-4,14,-4,15,-5,12,-4,52,-7,57,-2,57,-8,56,-21,55,-27,54,-25,57,-28,57,-29,53,-27,52,-29,57,-32,60,-32,58,-30,56,-28,56,-24,55,-19,59,-18,60,-17,53,-17,44,-17,45,-14,54,-17,59,-22,54,-19,46,-13,46,-8,51,-8,46,-10,5,-2,0,0,-1,-1,0,0,0,0,-1,-1,4,0,33,5,30,6,43,-1,50,-5,54,-2,53,3,50,9,47,11,49,2,52,-4,54,1,56,7,51,8,48,3,53,-1,57,-1,62,-3,59,-5,57,-3,62,-5,62,-8,61,-4,61,-2,66,-6,69,-4,66,-2,68,-11,74,-28,
CSI_2,-117,-80,8,0,30,-11,29,-10,30,-9,30,-8,27,-9,25,-10,24,-10,25,-8,24,-7,23,-7,21,-8,20,-8,20,-8,20,-6,19,-5,17,-5,15,-4,15,-4,15,-3,13,-3,11,-4,11,-4,11,-3,10,-1,10,0,2,0,0,0,0,0,0,0,0,0,0,0,0,0,0,0,0,0,0,0,2,-1,9,-1,9,-1,9,-3,8,-3,9,-3,12,-2,14,-2,14,-2,14,-3,15,-3,15,-2,16,-3,17,-4,18,-5,19,-5,20,-5,21,-4,23,-5,24,-7,25,-8,25,-8,26,-9,28,-10,30,-12,30,-12,31,-11,
CSI_2,28,-64,1,0,27,-4,27,-4,26,-5,24,-5,24,-5,22,-5,21,-6,20,-7,21,-7,21,-7,20,-9,19,-9,19,-9,20,-8,21,-8,21,-8,20,-8,18,-7,17,-7,17,-6,16,-6,16,-5,16,-5,15,-4,15,-4,3,-1,0,0,0,0,0,0,0,0,0,0,0,0,0,0,0,0,0,0,5,-1,20,-2,21,-2,22,-1,23,0,23,1,23,2,23,2,22,3,23,4,24,4,25,4,26,4,25,5,24,4,24,4,25,3,24,2,23,1,23,0,24,0,24,0,24,-1,24,-1,26,-1,27,0,28,2,
CSI_2,28,-64,1,0,9,-24,8,-24,7,-22,6,-21,6,-20,6,-20,5,-19,4,-19,3,-19,3,-19,1,-19,1,-19,1,-19,1,-19,2,-19,2,-19,2,-18,2,-17,1,-16,2,-15,2,-15,2,-14,2,-14,2,-13,2,-13,0,-4,0,0,0,0,0,0,0,0,0,0,0,0,0,0,0,0,0,0,2,-5,8,-18,9,-19,10,-20,11,-20,12,-19,12,-19,13,-18,14,-17,14,-18,14,-19,15,-19,16,-20,16,-19,15,-18,14,-18,14,-19,13,-19,11,-19,11,-19,11,-19,11,-20,11,-20,10,-20,10,-21,11,-22,13,-21,
CSI_2,82,32,5,0,-8,-12,-8,-12,-8,-12,-8,-11,-8,-11,-8,-11,-8,-11,-8,-11,-8,-11,-8,-11,-8,-11,-8,-10,-8,-10,-8,-10,-7,-10,-7,-10,-7,-10,-6,-10,-6,-9,-6,-9,-5,-9,-5,-8,-4,-8,-4,-8,-4,-8,-1,-2,0,0,0,0,0,0,0,0,0,0,0,0,0,0,0,0,0,0,-2,-2,-5,-6,-5,-6,-5,-6,-5,-6,-5,-7,-6,-8,-6,-8,-6,-8,-6,-9,-6,-9,-6,-10,-6,-10,-6,-10,-6,-10,-6,-10,-7,-10,-7,-11,-7,-11,-7,-11,-7,-11,-7,-11,-8,-11,-8,-12,-8,-12,-8,-12,-10,-12,
CSI_2,28,-64,1,0,16,-17,16,-18,14,-17,13,-17,13,-16,12,-16,11,-15,10,-16,10,-16,10,-16,8,-17,8,-17,8,-17,8,-17,9,-17,9,-17,8,-16,8,-15,7,-15,7,-14,7,-14,7,-13,7,-13,7,-12,7,-12,1,-3,0,0,0,0,0,0,0,0,0,0,0,0,0,0,0,0,0,0,3,-3,14,-12,14,-12,16,-13,17,-12,17,-12,17,-11,18,-10,18,-10,19,-9,19,-10,20,-10,21,-10,20,-10,19,-10,19,-10,19,-11,18,-11,17,-12,16,-12,17,-12,17,-13,17,-13,16,-14,17,-14,18,-15,19,-14,
CSI_2,-8,-123,95,0,21,14,20,14,19,15,18,15,20,13,19,12,18,12,18,12,18,12,19,11,19,10,19,10,18,10,18,10,19,11,19,12,18,12,17,12,17,12,17,10,17,11,16,12,16,13,15,13,15,12,4,2,0,0,0,0,0,0,0,0,0,0,0,0,0,0,0,0,0,0,5,1,19,7,18,9,18,9,18,7,16,8,16,9,17,9,17,11,16,13,16,13,17,13,18,12,17,12,18,13,18,14,19,14,19,12,18,13,18,15,20,16,22,16,20,15,19,15,19,16,21,14,24,12,
CSI_2,117,86,103,0,23,16,22,15,18,14,18,12,18,11,18,12,19,14,17,14,16,10,20,6,22,7,20,10,17,11,17,11,20,7,21,4,18,5,16,6,15,7,15,8,14,7,15,9,17,12,17,13,16,14,4,3,0,0,0,0,0,0,0,0,0,0,0,0,0,0,0,0,0,0,2,1,10,7,11,10,11,14,11,14,11,13,12,12,11,13,10,10,11,9,10,11,10,13,11,13,10,14,10,16,12,17,14,14,13,15,14,17,16,14,19,12,20,14,19,14,19,13,19,13,20,15,18,16,9,8,41,30,47,27,44,24,36,21,32,22,31,24,35,22,38,19,34,18,31,17,35,12,37,11,38,13,38,17,37,17,35,16,35,13,36,12,34,13,33,16,35,18,36,18,34,19,33,20,33,22,33,26,35,28,36,28,4,3,-1,-1,-1,-1,-1,-1,-1,-1,-1,-1,3,-1,25,3,28,10,26,16,27,17,26,20,24,21,24,22,24,21,23,19,25,17,27,16,28,20,29,25,29,27,27,23,28,20,28,21,28,24,29,24,32,21,35,19,36,23,35,28,36,28,37,28,39,25,40,21,34,22,
CSI_2,82,32,5,0,27,11,26,11,26,11,26,10,26,9,26,9,25,9,25,9,25,9,25,9,25,8,24,8,24,8,24,9,23,9,22,9,21,9,20,9,19,9,18,9,18,8,16,8,15,8,15,9,14,9,3,2,0,0,0,0,0,0,0,0,0,0,0,0,0,0,0,0,0,0,3,0,14,3,14,3,15,3,15,3,16,4,17,5,18,6,19,6,20,7,20,7,20,8,21,9,21,9,22,9,22,9,23,10,23,10,24,10,24,9,24,9,25,8,26,9,25,11,26,12,28,12,31,12,
CSI_2,28,-64,1,0,-8,12,-8,12,-7,11,-6,11,-5,11,-5,10,-5,10,-4,10,-4,10,-4,10,-4,10,-3,10,-3,10,-3,10,-3,11,-3,11,-3,10,-2,9,-2,9,-3,9,-3,8,-3,8,-3,8,-3,8,-4,7,-1,1,0,0,0,0,0,0,0,0,0,0,0,0,0,0,0,0,0,0,-2,2,-8,9,-8,9,-9,10,-10,10,-10,9,-10,9,-10,9,-10,8,-11,9,-11,9,-12,8,-12,8,-12,8,-12,8,-11,8,-11,8,-10,9,-9,9,-9,9,-9,9,-9,10,-9,10,-9,10,-9,10,-10,11,-11,11,
CSI_2,82,32,5,0,10,8,10,7,10,6,10,5,10,5,9,5,9,4,9,4,9,3,9,3,9,2,9,2,9,2,9,2,9,3,9,3,9,2,8,2,8,2,7,2,7,2,7,2,7,2,7,2,6,2,1,0,0,0,0,0,0,0,0,0,0,0,0,0,0,0,0,0,0,0,2,2,9,8,9,8,9,9,9,9,9,10,8,10,7,11,7,11,7,11,8,11,8,12,8,12,8,11,7,11,7,10,8,11,8,10,8,9,8,9,8,9,8,9,9,8,9,8,10,9,10,9,9,8,
CSI_2,82,32,5,0,11,-5,11,-5,10,-4,10,-5,10,-5,10,-5,10,-5,10,-5,10,-5,10,-5,10,-5,9,-5,9,-5,9,-4,9,-4,9,-4,9,-4,8,-3,8,-3,8,-3,8,-3,8,-2,7,-2,7,-2,7,-2,1,-1,0,0,0,0,0,0,0,0,0,0,0,0,0,0,0,0,0,0,1,-1,4,-3,5,-3,5,-3,5,-3,6,-3,6,-3,6,-3,6,-3,7,-3,7,-3,7,-3,8,-3,8,-3,8,-3,8,-3,9,-3,9,-3,9,-4,9,-4,9,-4,10,-5,10,-5,10,-4,10,-4,11,-5,11,-6,
CSI_2,28,-64,1,0,-7,12,-7,12,-6,12,-5,11,-5,11,-4,11,-4,10,-3,10,-3,10,-3,10,-2,10,-2,10,-2,10,-2,10,-2,10,-2,10,-2,9,-2,9,-2,8,-2,8,-2,7,-2,7,-2,7,-3,7,-3,7,-1,1,0,0,0,0,0,0,0,0,0,0,0,0,0,0,0,0,0,0,-2,2,-6,10,-6,10,-7,11,-8,11,-8,11,-8,10,-9,10,-9,9,-9,10,-10,10,-10,10,-11,10,-10,10,-10,9,-9,9,-10,10,-9,10,-8,10,-8,10,-8,10,-8,10,-7,10,-7,10,-8,12,-8,12,-8,11,
CSI_2,117,86,103,0,6,7,4,6,3,8,5,10,4,11,4,11,5,10,4,11,3,10,5,8,6,9,5,9,5,10,5,10,5,9,5,9,6,9,7,10,5,12,4,10,5,8,5,9,3,11,2,12,2,12,0,3,0,0,0,0,0,0,0,0,0,0,0,0,0,0,0,0,0,0,0,0,-1,1,-2,3,-4,5,-3,6,-2,5,0,6,2,7,1,6,-2,5,-3,8,-1,10,0,11,-1,11,-3,9,-3,8,-4,8,-3,9,1,8,2,7,1,8,2,9,2,9,0,8,0,9,2,9,1,9,2,6,11,26,11,27,5,32,4,35,5,36,4,38,7,37,9,32,11,30,7,33,3,40,4,45,7,47,11,46,10,43,10,44,11,45,9,43,9,44,9,45,7,45,6,43,4,40,-1,45,-5,45,-5,40,-18,38,-18,48,-2,6,-1,-1,-1,-1,-1,-1,0,0,0,0,-3,2,-20,17,-20,18,-10,19,-9,24,-11,25,-13,26,-13,26,-13,27,-16,27,-20,29,-22,31,-19,32,-9,32,-1,31,-4,29,-5,33,-2,38,-6,35,-8,34,-5,37,1,31,0,23,-6,24,-7,21,-5,20,1,29,3,34,-7,33,
CSI_2,28,-64,1,0,-13,6,-13,7,-11,7,-10,6,-10,6,-9,6,-9,6,-8,6,-9,6,-9,6,-8,6,-8,7,-8,7,-8,6,-8,6,-8,6,-8,6,-7,5,-7,5,-7,5,-7,5,-7,4,-7,4,-6,4,-6,4,-2,1,0,0,0,0,0,0,0,0,0,0,0,0,0,0,0,0,0,0,-3,1,-11,5,-11,5,-12,5,-12,4,-12,4,-12,3,-12,3,-12,3,-13,3,-13,3,-14,3,-14,3,-14,2,-13,2,-13,3,-13,3,-13,3,-12,4,-12,4,-12,4,-12,4,-12,5,-12,5,-13,5,-13,6,-12,5,
CSI_2,-117,-80,8,0,24,-8,25,-6,24,-9,21,-11,22,-9,23,-9,23,-10,22,-11,23,-12,22,-8,21,-7,21,-9,21,-10,21,-11,20,-12,18,-11,19,-9,19,-8,18,-8,17,-7,18,-5,17,-5,16,-6,15,-5,15,-6,3,-2,0,0,0,0,0,0,0,0,0,0,0,0,0,0,0,0,0,0,1,-2,6,-6,8,-7,10,-9,9,-9,9,-8,12,-6,15,-8,16,-8,16,-8,17,-6,18,-5,19,-5,19,-6,21,-6,22,-7,22,-8,21,-6,20,-7,20,-9,21,-8,22,-7,22,-7,23,-8,23,-8,25,-10,27,-11,
CSI_2,28,-64,1,0,16,-11,16,-12,14,-12,13,-11,13,-11,12,-10,11,-11,11,-11,11,-11,11,-12,9,-12,9,-12,9,-12,10,-12,10,-12,10,-12,10,-12,9,-11,9,-10,8,-10,8,-9,8,-9,8,-9,8,-8,8,-8,2,-2,0,0,0,0,0,0,0,0,0,0,0,0,0,0,0,0,0,0,3,-3,13,-9,13,-9,14,-9,15,-9,15,-8,16,-7,16,-7,16,-6,17,-6,17,-6,18,-6,18,-6,18,-6,17,-6,17,-6,17,-6,16,-7,15,-7,15,-8,15,-8,15,-8,15,-9,15,-9,16,-9,17,-10,18,-9,
CSI_2,82,32,5,0,3,-13,3,-12,3,-12,3,-12,3,-12,3,-12,3,-12,2,-12,2,-12,2,-12,2,-12,2,-11,2,-11,2,-11,2,-11,2,-11,2,-10,2,-10,2,-9,3,-9,3,-9,3,-8,3,-8,3,-8,3,-7,0,-2,0,0,0,0,0,0,0,0,0,0,0,0,0,0,0,0,0,0,-1,-2,-1,-7,0,-8,0,-8,0,-8,0,-9,0,-9,0,-10,1,-10,1,-10,2,-10,2,-11,2,-11,3,-11,3,-11,3,-11,2,-11,2,-11,2,-12,3,-12,3,-12,3,-12,3,-12,3,-12,3,-13,3,-13,2,-14,
CSI_2,28,-64,1,0,7,-25,6,-25,5,-24,4,-23,4,-22,4,-21,3,-21,2,-21,2,-21,1,-21,0,-21,-1,-21,-1,-21,-1,-21,-1,-22,0,-22,0,-21,0,-20,0,-19,0,-18,0,-18,1,-17,1,-17,2,-16,2,-16,0,-4,0,0,0,0,0,0,0,0,0,0,0,0,0,0,0,0,0,0,2,-5,8,-20,9,-20,10,-21,11,-21,12,-20,13,-20,13,-19,14,-18,14,-19,15,-19,16,-20,16,-20,16,-19,15,-19,14,-19,14,-20,13,-20,11,-19,10,-20,11,-20,10,-21,10,-21,9,-21,10,-22,11,-23,13,-23,
CSI_2,-8,-123,95,0,-17,-9,-18,-7,-19,-7,-16,-8,-14,-7,-15,-6,-15,-6,-14,-6,-14,-5,-16,-5,-18,-7,-19,-7,-18,-6,-17,-5,-17,-4,-19,-3,-20,-3,-19,-3,-19,-5,-20,-6,-20,-5,-20,-5,-19,-5,-18,-6,-16,-8,-4,-2,0,0,0,0,0,0,0,0,0,0,0,0,0,0,0,0,0,0,-4,-3,-16,-10,-17,-12,-17,-14,-17,-14,-16,-14,-17,-15,-19,-16,-18,-16,-14,-15,-13,-17,-14,-19,-15,-17,-14,-15,-14,-16,-14,-16,-14,-16,-14,-15,-13,-16,-13,-16,-13,-15,-13,-16,-14,-15,-15,-14,-16,-13,-15,-12,-14,-11,
CSI_2,117,86,103,0,11,-9,12,-10,9,-9,8,-9,8,-10,6,-10,6,-11,8,-12,8,-12,6,-12,5,-13,4,-14,4,-15,6,-16,6,-14,4,-14,5,-16,8,-16,9,-14,8,-14,5,-13,5,-13,7,-13,8,-14,7,-15,1,-4,0,0,0,0,0,0,0,0,0,0,0,0,0,0,0,0,0,0,3,-3,12,-10,11,-12,11,-11,11,-9,12,-9,14,-8,15,-7,15,-9,15,-10,17,-7,16,-4,14,-4,16,-6,18,-8,18,-10,17,-11,16,-12,16,-11,14,-8,10,-6,13,-6,15,-9,14,-16,13,-17,14,-13,15,-11,0,-5,1,-21,6,-23,11,-23,6,-24,1,-25,3,-27,2,-25,-2,-20,-5,-20,-4,-22,-4,-23,-4,-23,-3,-26,-3,-28,-7,-26,-10,-25,-9,-29,-9,-31,-10,-30,-10,-27,-7,-24,-6,-23,-5,-27,-1,-28,2,-24,3,-22,-3,-20,0,-22,0,-3,0,0,0,0,0,0,-1,-1,-1,-1,-1,-5,-4,-31,1,-29,13,-23,13,-25,13,-24,12,-23,15,-24,16,-26,16,-27,16,-28,17,-28,18,-24,18,-23,19,-25,21,-25,21,-21,21,-22,21,-27,20,-31,18,-28,12,-24,8,-22,10,-19,13,-21,13,-26,13,-27,12,-27,10,-28,
CSI_2,28,-64,1,0,20,-16,20,-17,18,-17,16,-16,15,-16,15,-16,13,-16,13,-16,13,-16,13,-17,11,-17,11,-17,11,-17,11,-17,12,-18,12,-17,11,-17,10,-16,10,-15,10,-15,10,-14,10,-13,10,-13,10,-12,10,-11,2,-3,0,0,0,0,0,0,0,0,0,0,0,0,0,0,0,0,0,0,4,-3,17,-12,18,-12,19,-12,21,-11,21,-10,21,-10,21,-9,22,-8,22,-8,23,-8,25,-8,25,-8,24,-7,23,-7,22,-8,23,-9,22,-9,20,-10,20,-11,20,-11,20,-12,20,-12,20,-12,21,-13,22,-13,22,-11,
CSI_2,82,32,5,0,16,-22,16,-22,14,-22,13,-21,12,-20,12,-19,11,-19,10,-19,10,-19,9,-20,7,-20,7,-20,7,-20,8,-20,9,-20,9,-20,8,-19,8,-18,8,-17,8,-16,8,-15,8,-15,8,-15,7,-14,7,-13,1,-4,0,0,0,0,0,0,0,0,0,0,0,0,0,0,0,0,0,0,3,-4,13,-16,13,-16,15,-16,16,-16,16,-15,17,-15,18,-14,19,-13,19,-13,19,-14,20,-15,21,-15,21,-15,20,-14,19,-14,19,-15,18,-16,16,-16,16,-16,17,-16,17,-17,16,-17,16,-18,16,-19,18,-20,19,-18,
CSI_2,28,-64,1,0,7,-26,6,-27,5,-25,4,-24,4,-23,3,-22,2,-21,1,-21,1,-21,1,-22,-1,-21,-2,-21,-1,-21,-1,-21,0,-21,0,-21,0,-20,0,-19,0,-18,0,-17,0,-16,1,-16,1,-15,1,-14,1,-14,0,-4,0,0,0,0,0,0,0,0,0,0,0,0,0,0,0,0,0,0,2,-6,8,-21,9,-21,10,-22,11,-23,12,-22,12,-21,13,-21,14,-21,14,-21,15,-22,16,-23,16,-23,16,-22,15,-21,14,-21,14,-22,13,-22,11,-22,10,-22,10,-22,10,-23,9,-23,9,-23,9,-24,11,-25,12,-25,
CSI_2,82,32,5,0,-20,1,-20,1,-19,1,-19,2,-19,2,-19,2,-19,2,-18,2,-19,2,-18,2,-18,3,-18,3,-18,3,-18,2,-18,2,-18,2,-17,1,-17,1,-16,0,-16,0,-15,0,-15,0,-15,-1,-14,-1,-14,-2,-4,-1,0,0,0,0,0,0,0,0,0,0,0,0,0,0,0,0,0,0,-3,0,-11,2,-11,2,-12,2,-13,2,-13,2,-14,1,-14,1,-15,1,-16,1,-16,1,-16,0,-17,0,-17,0,-17,0,-17,0,-17,0,-18,0,-18,0,-18,0,-18,1,-19,1,-19,1,-19,0,-20,1,-21,2,-21,3,
CSI_2,-8,-123,95,0,-4,15,0,12,0,9,-2,8,-1,9,0,9,1,9,0,11,-1,12,-1,11,1,11,1,13,2,13,5,12,8,12,9,12,7,13,4,15,3,15,4,16,4,17,4,15,3,13,1,14,-2,15,-1,4,0,0,0,0,0,0,0,0,0,0,0,0,0,0,0,0,0,0,-3,3,-10,13,-9,12,-9,11,-10,10,-11,11,-13,11,-15,11,-14,12,-12,12,-13,12,-13,12,-14,12,-14,13,-12,13,-12,13,-12,12,-12,12,-11,11,-10,9,-9,9,-9,11,-9,12,-9,13,-6,12,-6,11,-7,11,
CSI_2,28,-64,1,0,24,5,24,4,23,3,22,2,21,2,20,2,19,1,18,0,18,0,18,0,18,-2,17,-2,17,-2,17,-2,18,-2,18,-1,17,-1,15,-2,14,-2,14,-1,13,-1,13,-1,12,0,12,0,11,0,2,0,0,0,0,0,0,0,0,0,0,0,0,0,0,0,0,0,0,0,5,1,22,5,22,6,24,7,24,8,23,9,23,10,22,10,22,11,22,12,22,12,23,13,23,14,23,13,21,13,21,12,22,11,22,10,21,8,21,8,22,8,22,7,22,7,22,7,23,7,24,8,24,9,
CSI_2,28,-64,1,0,-27,0,-27,1,-25,2,-24,2,-23,2,-22,2,-21,3,-20,3,-20,3,-20,4,-19,6,-19,7,-19,6,-19,5,-20,4,-19,5,-18,4,-17,4,-16,4,-16,3,-15,3,-14,2,-14,2,-14,2,-13,2,-4,0,0,0,0,0,0,0,0,0,0,0,0,0,0,0,0,0,0,0,-6,0,-23,0,-23,-1,-25,-2,-26,-3,-25,-4,-25,-5,-25,-6,-24,-7,-25,-7,-26,-6,-27,-6,-28,-7,-27,-7,-26,-7,-26,-7,-26,-7,-25,-6,-24,-4,-24,-4,-24,-4,-25,-3,-25,-3,-24,-2,-26,-1,-27,-2,-27,-3,
CSI_2,28,-64,1,0,-20,16,-20,17,-18,16,-16,16,-15,16,-14,16,-13,15,-12,15,-12,15,-12,15,-11,16,-10,16,-9,17,-9,17,-10,17,-10,17,-9,17,-8,16,-7,15,-7,14,-7,14,-8,13,-8,13,-8,12,-8,12,-2,3,0,0,0,0,0,0,0,0,0,0,0,0,0,0,0,0,0,0,-5,3,-20,14,-21,14,-23,14,-24,14,-24,13,-25,12,-25,11,-25,10,-25,10,-26,9,-28,9,-29,8,-28,8,-26,8,-25,8,-25,9,-24,10,-22,11,-22,11,-22,12,-21,13,-21,13,-21,12,-22,13,-24,13,-24,12,
CSI_2,28,-64,1,0,13,-14,13,-14,12,-14,11,-14,10,-14,10,-13,9,-13,8,-13,8,-13,8,-14,7,-14,6,-14,7,-14,7,-14,8,-15,8,-15,7,-14,7,-13,7,-12,7,-12,7,-11,7,-11,7,-11,7,-10,7,-10,1,-3,0,0,0,0,0,0,0,0,0,0,0,0,0,0,0,0,0,0,3,-3,12,-11,12,-11,14,-11,14,-11,15,-10,15,-10,16,-9,16,-8,16,-8,16,-8,17,-9,18,-9,17,-8,17,-8,16,-8,16,-9,15,-9,14,-9,14,-10,14,-10,14,-10,14,-11,13,-11,14,-12,15,-12,16,-12,
CSI_2,-8,-123,95,0,6,-22,5,-23,4,-21,3,-18,1,-18,2,-19,3,-19,2,-19,2,-19,0,-20,-3,-20,-3,-20,-2,-22,-2,-23,-4,-21,-5,-18,-3,-18,-2,-20,-3,-21,-4,-21,-5,-19,-4,-18,-5,-19,-4,-21,0,-22,0,-6,0,0,0,0,0,0,0,0,0,0,0,0,0,0,0,0,0,0,1,-4,6,-16,8,-17,9,-18,10,-18,11,-19,11,-19,10,-19,9,-19,9,-19,10,-19,12,-18,14,-18,13,-19,10,-20,10,-18,11,-17,11,-18,11,-19,10,-19,10,-20,10,-19,11,-19,13,-19,11,-19,10,-20,11,-20,
CSI_2,82,32,5,0,-25,-9,-25,-9,-24,-7,-23,-6,-22,-6,-21,-5,-20,-4,-20,-3,-20,-4,-20,-4,-20,-2,-20,-1,-20,-1,-20,-1,-20,-2,-20,-2,-19,-1,-17,-1,-16,-1,-16,-1,-16,-1,-15,-2,-15,-2,-14,-2,-14,-2,-4,-1,0,0,0,0,0,0,0,0,0,0,0,0,0,0,0,0,0,0,-6,-3,-22,-9,-22,-10,-23,-11,-23,-13,-22,-13,-22,-14,-21,-14,-21,-15,-21,-15,-21,-16,-22,-18,-22,-19,-21,-18,-20,-17,-20,-16,-21,-16,-21,-15,-21,-13,-21,-12,-21,-12,-22,-11,-22,-11,-22,-11,-23,-12,-24,-13,-23,-15,
CSI_2,28,-64,1,0,-1,-25,-1,-26,-2,-25,-2,-23,-2,-23,-2,-21,-3,-20,-4,-20,-4,-21,-5,-21,-6,-19,-7,-19,-6,-19,-6,-19,-6,-20,-6,-20,-5,-19,-5,-18,-5,-17,-5,-17,-4,-16,-4,-16,-4,-16,-3,-15,-3,-15,-1,-4,0,0,0,0,0,0,0,0,0,0,0,0,0,0,0,0,0,0,0,-6,1,-22,1,-22,2,-24,3,-24,4,-24,5,-24,6,-24,7,-23,7,-23,8,-24,8,-25,9,-25,9,-24,8,-23,7,-23,7,-24,6,-24,4,-23,4,-23,4,-23,4,-23,3,-23,3,-23,3,-24,4,-26,5,-25,
CSI_2,82,32,5,0,11,-6,10,-6,10,-6,10,-6,10,-7,10,-7,10,-6,9,-7,9,-7,9,-7,9,-7,9,-7,9,-7,9,-7,9,-6,9,-6,8,-6,8,-5,8,-5,8,-5,8,-5,8,-4,7,-4,7,-4,7,-3,1,-1,0,0,0,0,0,0,0,0,0,0,0,0,0,0,0,0,0,0,1,-2,5,-5,5,-5,5,-6,6,-6,6,-6,7,-6,7,-5,8,-6,8,-6,9,-6,9,-6,9,-6,10,-6,10,-6,10,-6,10,-5,10,-6,10,-6,10,-6,11,-6,11,-6,11,-6,11,-6,11,-6,12,-7,12,-8,
CSI_2,28,-64,1,0,15,23,15,22,15,21,15,19,15,18,14,17,14,15,14,14,14,15,14,14,14,13,15,12,14,12,15,12,15,13,14,13,13,12,12,11,12,10,11,9,10,9,10,9,9,9,8,9,8,8,2,2,0,0,0,0,0,0,0,0,0,0,0,0,0,0,0,0,0,0,2,5,11,21,11,22,11,24,10,25,9,25,8,26,7,26,6,26,6,26,6,27,6,29,6,29,5,28,5,27,6,26,7,27,8,25,9,23,10,23,10,23,11,23,11,23,11,23,11,24,12,25,10,26,
CSI_2,-8,-123,95,0,-21,-9,-18,-8,-18,-6,-20,-7,-22,-8,-21,-7,-19,-7,-18,-5,-19,-2,-19,-2,-20,-3,-19,-2,-20,-2,-21,0,-19,1,-17,2,-18,2,-20,2,-19,1,-18,2,-18,2,-17,0,-16,-1,-17,-2,-20,-1,-6,-1,0,0,0,0,0,0,0,0,0,0,0,0,0,0,0,0,0,0,-6,-1,-21,-4,-19,-5,-19,-7,-21,-9,-23,-10,-24,-11,-23,-12,-22,-11,-22,-13,-23,-15,-23,-17,-24,-17,-25,-17,-23,-15,-22,-15,-23,-16,-25,-14,-25,-13,-24,-14,-23,-16,-21,-16,-20,-15,-21,-12,-22,-11,-22,-11,-22,-11,
CSI_2,117,86,103,0,10,-8,8,-6,11,-8,10,-9,8,-8,9,-10,8,-12,8,-11,8,-11,7,-12,4,-12,6,-10,6,-10,4,-11,5,-13,6,-13,3,-11,1,-11,2,-11,4,-11,2,-11,0,-12,-1,-12,0,-11,3,-11,1,-3,0,0,0,0,0,0,0,0,0,0,0,0,0,0,0,0,0,0,4,-1,17,-1,15,-1,15,1,17,2,17,3,17,5,17,4,15,3,17,2,22,1,25,2,21,3,18,-2,19,-5,20,-1,18,4,18,4,15,0,16,-1,19,1,16,-1,15,-4,16,0,14,2,11,-2,13,-9,8,-3,30,-11,26,-9,25,-11,26,-16,25,-18,20,-19,18,-20,16,-18,15,-18,16,-19,17,-21,15,-24,14,-23,13,-20,10,-21,10,-21,11,-21,8,-24,6,-24,8,-24,10,-24,9,-24,8,-24,8,-24,4,-25,4,-26,11,-22,15,-13,2,-2,-1,-1,-1,-1,-1,-1,-1,-1,-1,-1,3,-2,27,-15,31,-11,31,-5,33,-3,32,1,31,2,32,2,35,5,36,6,36,2,38,0,39,1,39,3,36,1,35,-3,37,-5,35,-3,32,1,31,2,30,-1,30,-1,31,0,31,-4,33,-7,33,-5,31,-8,33,-11,36,-10,
CSI_2,28,-64,1,0,-11,-2,-11,-2,-11,-1,-10,-1,-10,-1,-9,-1,-9,-1,-9,0,-9,0,-9,0,-8,1,-8,1,-8,1,-8,1,-8,1,-8,0,-8,0,-7,0,-7,0,-7,0,-7,0,-6,0,-6,0,-6,0,-6,0,-2,0,0,0,0,0,0,0,0,0,0,0,0,0,0,0,0,0,0,0,-3,-1,-10,-2,-11,-2,-11,-3,-11,-3,-11,-3,-11,-4,-11,-4,-11,-5,-11,-5,-11,-5,-12,-5,-12,-5,-11,-5,-11,-5,-10,-5,-11,-5,-11,-4,-10,-4,-10,-3,-10,-3,-10,-3,-10,-3,-11,-3,-11,-3,-11,-3,-11,-3,
CSI_2,28,-64,1,0,-25,10,-25,10,-23,10,-22,10,-21,10,-20,9,-19,10,-18,10,-18,10,-18,11,-17,12,-16,12,-16,12,-17,12,-17,12,-17,12,-16,11,-15,10,-15,9,-14,9,-14,8,-14,7,-14,7,-13,7,-13,6,-4,1,0,0,0,0,0,0,0,0,0,0,0,0,0,0,0,0,0,0,-6,1,-22,7,-23,7,-24,7,-25,6,-25,5,-25,4,-26,3,-26,2,-26,2,-26,2,-28,1,-28,1,-28,0,-27,1,-26,1,-26,2,-26,3,-24,4,-24,5,-24,5,-24,5,-24,6,-24,6,-25,6,-27,6,-28,4,
CSI_2,82,32,5,0,-18,23,-17,23,-17,22,-17,22,-16,23,-16,23,-15,22,-14,22,-14,22,-14,22,-14,22,-14,22,-14,21,-13,21,-13,20,-14,20,-13,19,-13,18,-13,17,-13,16,-13,15,-13,15,-13,14,-12,13,-12,12,-3,3,0,0,0,0,0,0,0,0,0,0,0,0,0,0,0,0,0,0,-2,3,-6,13,-7,13,-8,14,-9,15,-9,15,-9,16,-10,17,-11,17,-12,18,-13,18,-14,19,-14,19,-15,19,-16,20,-16,19,-16,20,-16,20,-16,21,-17,21,-17,21,-17,22,-17,22,-17,22,-18,22,-19,24,-18,25,
CSI_2,117,86,103,0,18,4,20,3,18,4,17,6,19,4,19,3,20,3,20,3,20,1,19,1,18,2,18,3,18,2,18,2,20,2,19,4,20,6,20,6,20,4,19,5,17,7,14,8,13,9,14,10,15,10,4,2,0,0,0,0,0,0,0,0,0,0,0,0,0,0,0,0,0,0,3,-1,13,-1,13,1,13,1,13,1,14,2,14,3,15,5,15,7,14,5,13,2,13,2,16,2,18,0,18,0,18,2,19,2,21,2,21,3,18,2,14,2,12,4,14,4,16,2,16,1,16,-1,16,-3,9,2,36,12,35,11,34,7,34,7,35,12,36,12,38,10,40,9,39,9,37,7,36,4,34,2,31,4,31,8,35,8,37,7,36,6,37,6,38,7,38,8,38,11,31,14,28,15,28,15,29,15,30,16,31,19,28,22,3,3,-1,-1,-1,-1,-1,-1,0,0,0,0,2,-1,20,-3,21,-3,25,0,24,4,24,4,25,3,26,4,30,5,32,6,32,6,30,8,29,9,30,9,29,9,28,9,29,7,31,8,32,7,31,7,30,9,31,10,31,9,31,7,31,5,33,5,34,6,35,5,35,5,
CSI_2,82,32,5,0,-9,-23,-10,-23,-10,-21,-10,-20,-10,-19,-10,-18,-10,-17,-10,-16,-10,-16,-11,-15,-12,-14,-12,-13,-12,-13,-12,-13,-12,-14,-12,-13,-12,-12,-11,-11,-11,-11,-10,-10,-10,-10,-10,-10,-10,-10,-9,-9,-9,-9,-3,-3,0,0,0,0,0,0,0,0,0,0,0,0,0,0,0,0,0,0,-2,-7,-8,-25,-8,-26,-7,-28,-6,-29,-5,-28,-4,-28,-3,-28,-1,-28,-1,-28,-1,-29,0,-30,0,-30,1,-29,0,-27,0,-26,-1,-27,-2,-26,-3,-24,-4,-24,-4,-24,-5,-24,-6,-23,-6,-23,-6,-24,-6,-25,-4,-24,
CSI_2,28,-64,1,0,-10,23,-10,23,-8,22,-7,21,-7,20,-7,20,-6,19,-5,19,-5,19,-4,19,-3,19,-2,19,-2,19,-2,19,-3,20,-3,20,-3,19,-3,18,-2,17,-2,16,-3,16,-3,15,-3,15,-3,14,-3,14,-1,3,0,0,0,0,0,0,0,0,0,0,0,0,0,0,0,0,0,0,-3,4,-10,18,-11,18,-12,19,-13,19,-14,18,-14,18,-15,17,-16,17,-16,17,-16,18,-17,18,-18,18,-18,18,-17,17,-16,17,-16,18,-15,18,-13,18,-12,18,-12,18,-12,19,-12,19,-12,20,-12,21,-13,22,-15,21,
CSI_2,28,-64,1,0,25,-10,25,-10,23,-11,22,-11,21,-11,20,-11,19,-11,18,-12,18,-11,18,-12,17,-13,17,-13,17,-13,18,-13,19,-13,19,-13,18,-12,16,-11,15,-11,15,-10,15,-9,15,-8,15,-7,14,-7,14,-7,3,-2,0,0,0,0,0,0,0,0,0,0,0,0,0,0,0,0,0,0,5,-2,20,-7,21,-7,23,-7,24,-6,23,-5,23,-4,24,-3,24,-2,24,-2,25,-2,26,-2,27,-1,26,-1,25,-1,25,-2,25,-3,25,-4,23,-4,23,-5,23,-5,23,-6,23,-6,23,-6,24,-7,26,-6,27,-5,
CSI_2,-8,-123,95,0,17,1,15,1,14,-1,13,-1,14,0,17,0,17,-2,15,-4,14,-5,13,-4,14,-4,16,-5,17,-6,16,-6,14,-5,16,-5,18,-6,18,-5,17,-3,16,-3,16,-1,17,0,17,-1,15,-2,13,-2,3,-1,0,0,0,0,0,0,0,0,0,0,0,0,0,0,0,0,0,0,4,1,16,4,13,3,14,4,17,7,16,5,16,-1,18,-4,17,-1,17,1,20,2,25,2,26,1,24,-1,25,2,24,3,22,2,21,1,20,1,19,2,20,5,21,7,23,3,22,0,20,0,18,1,15,4,
CSI_2,28,-64,1,0,-9,24,-9,24,-8,23,-7,22,-6,21,-6,20,-5,19,-4,19,-4,19,-4,20,-2,19,-1,19,-2,19,-2,20,-2,20,-2,20,-2,19,-2,18,-2,17,-3,16,-3,15,-3,15,-3,15,-3,14,-3,14,-1,3,0,0,0,0,0,0,0,0,0,0,0,0,0,0,0,0,0,0,-3,4,-9,18,-10,18,-11,19,-12,19,-13,18,-13,18,-14,17,-15,17,-15,17,-15,18,-16,19,-17,19,-17,18,-16,18,-15,17,-15,18,-14,19,-12,18,-12,19,-12,19,-12,19,-11,20,-11,20,-11,21,-12,22,-14,22,
CSI_2,82,32,5,0,0,11,1,11,1,11,1,11,1,11,1,11,1,11,2,11,2,11,2,11,1,11,1,11,1,11,2,11,1,10,1,11,1,10,1,10,0,9,0,9,0,9,-1,8,-1,8,-1,8,-1,8,-1,2,0,0,0,0,0,0,0,0,0,0,0,0,0,0,0,0,0,0,0,1,1,5,1,6,0,6,0,6,0,6,0,7,0,8,0,8,0,8,-1,8,-1,9,-1,9,-1,9,-1,9,-1,9,0,9,0,10,0,10,-1,10,0,10,0,10,0,10,0,11,0,11,0,11,1,12,
CSI_2,28,-64,1,0,-16,-22,-16,-22,-16,-20,-16,-18,-15,-18,-15,-17,-15,-16,-15,-15,-15,-15,-15,-15,-16,-14,-16,-13,-16,-13,-16,-13,-16,-14,-16,-14,-15,-13,-14,-12,-13,-12,-13,-11,-12,-11,-11,-11,-11,-11,-10,-11,-10,-11,-3,-3,0,0,0,0,0,0,0,0,0,0,0,0,0,0,0,0,0,0,-4,-5,-13,-19,-13,-20,-13,-22,-12,-23,-11,-23,-10,-23,-9,-23,-8,-24,-8,-24,-9,-25,-9,-26,-8,-27,-8,-26,-8,-25,-8,-24,-9,-25,-10,-24,-10,-22,-11,-21,-11,-22,-12,-22,-12,-22,-12,-21,-13,-23,-14,-24,-12,-25,
CSI_2,28,-64,1,0,21,-16,21,-16,19,-16,18,-15,17,-15,16,-14,15,-14,14,-14,13,-14,13,-15,12,-16,11,-16,12,-16,12,-15,13,-15,12,-15,12,-14,11,-13,10,-12,10,-11,10,-10,9,-10,9,-9,9,-9,8,-8,2,-2,0,0,0,0,0,0,0,0,0,0,0,0,0,0,0,0,0,0,4,-4,19,-13,20,-13,21,-13,23,-12,23,-11,23,-10,23,-9,24,-8,24,-8,24,-9,26,-10,26,-10,26,-9,25,-9,24,-9,24,-9,23,-10,21,-10,21,-11,21,-11,21,-11,21,-12,20,-12,21,-13,23,-14,24,-12,
CSI_2,-8,-123,95,0,-8,-20,-7,-20,-6,-19,-8,-19,-10,-21,-10,-24,-10,-23,-10,-20,-7,-16,-7,-17,-10,-18,-11,-18,-11,-18,-10,-18,-9,-18,-9,-17,-8,-16,-8,-17,-7,-19,-6,-18,-6,-17,-7,-17,-6,-17,-4,-16,-2,-15,-1,-4,0,0,0,0,0,0,0,0,0,0,0,0,0,0,0,0,0,0,-3,-5,-10,-17,-10,-18,-9,-19,-9,-20,-10,-20,-9,-20,-7,-20,-7,-21,-7,-22,-8,-23,-7,-24,-7,-23,-7,-23,-7,-25,-9,-23,-8,-21,-6,-20,-6,-21,-7,-23,-7,-23,-8,-21,-8,-19,-7,-19,-6,-20,-7,-19,-8,-19,
CSI_2,117,86,103,0,-13,-15,-14,-17,-13,-18,-12,-17,-13,-16,-14,-16,-12,-15,-14,-17,-18,-18,-19,-17,-17,-15,-13,-15,-13,-17,-14,-16,-14,-16,-14,-18,-13,-18,-12,-15,-9,-14,-8,-15,-7,-16,-6,-17,-7,-15,-6,-13,-5,-13,-1,-4,0,0,0,0,0,0,0,0,0,0,0,0,0,0,0,0,0,0,-3,-4,-12,-14,-13,-13,-15,-14,-16,-17,-16,-19,-15,-19,-15,-15,-14,-14,-14,-17,-16,-21,-16,-23,-16,-23,-16,-19,-17,-17,-16,-18,-12,-18,-10,-17,-11,-16,-12,-19,-13,-24,-16,-21,-14,-18,-8,-19,-7,-19,-10,-18,-14,-18,-5,-10,-19,-35,-22,-31,-23,-27,-26,-27,-29,-28,-27,-30,-29,-31,-30,-27,-30,-28,-32,-30,-33,-29,-33,-28,-33,-28,-29,-28,-25,-27,-26,-29,-28,-29,-26,-27,-25,-28,-24,-29,-21,-29,-20,-29,-21,-27,-21,-24,-18,-23,-13,-23,-11,-26,-11,-34,-2,-5,0,0,-1,-1,0,0,0,0,-1,-1,-6,-1,-41,-2,-39,-5,-30,-17,-30,-18,-31,-20,-32,-24,-31,-25,-33,-25,-33,-26,-29,-27,-26,-28,-30,-31,-31,-34,-29,-32,-31,-29,-33,-30,-34,-32,-32,-33,-31,-33,-30,-33,-26,-35,-26,-39,-30,-40,-32,-38,-30,-39,-28,-35,-29,-29,-30,-30,
CSI_2,82,32,5,0,7,-12,7,-12,6,-12,5,-12,5,-11,5,-11,4,-11,4,-10,4,-10,4,-10,3,-11,2,-11,2,-11,2,-11,3,-11,3,-11,3,-10,3,-9,2,-9,2,-8,2,-8,3,-7,3,-7,2,-7,2,-6,0,-2,0,0,0,0,0,0,0,0,0,0,0,0,0,0,0,0,0,0,1,-3,7,-10,7,-10,8,-11,9,-11,9,-10,9,-10,10,-10,10,-9,10,-9,10,-9,11,-9,12,-9,11,-9,10,-9,10,-9,10,-9,9,-10,8,-9,8,-10,8,-10,8,-10,8,-11,8,-11,8,-11,8,-11,8,-11,
CSI_2,82,32,5,0,-8,-12,-8,-12,-8,-11,-7,-11,-7,-11,-8,-11,-8,-11,-8,-11,-8,-11,-8,-10,-8,-10,-8,-10,-8,-10,-8,-10,-8,-10,-7,-10,-7,-10,-7,-10,-6,-9,-6,-9,-6,-9,-5,-9,-5,-8,-5,-8,-5,-8,-2,-2,0,0,0,0,0,0,0,0,0,0,0,0,0,0,0,0,0,0,-2,-2,-5,-6,-5,-6,-5,-6,-5,-7,-5,-7,-6,-8,-6,-8,-6,-8,-6,-9,-6,-9,-6,-10,-6,-10,-6,-10,-6,-10,-6,-10,-7,-10,-7,-11,-7,-11,-7,-11,-6,-10,-7,-11,-7,-11,-7,-11,-7,-12,-8,-12,-9,-12,
CSI_2,28,-64,1,0,11,-7,10,-7,9,-7,9,-7,8,-7,8,-7,8,-7,7,-7,7,-7,7,-7,6,-7,6,-7,6,-7,6,-7,6,-7,6,-7,6,-7,6,-6,5,-6,5,-6,5,-5,5,-5,5,-5,5,-5,5,-4,1,-1,0,0,0,0,0,0,0,0,0,0,0,0,0,0,0,0,0,0,2,-2,10,-6,10,-6,11,-6,11,-6,11,-5,11,-4,11,-4,11,-3,12,-3,12,-3,13,-3,13,-3,13,-3,12,-3,12,-3,12,-4,11,-4,10,-4,10,-5,10,-5,10,-5,10,-5,10,-5,11,-6,11,-6,11,-6,
CSI_2,28,-64,1,0,11,-9,11,-9,10,-9,9,-9,9,-9,8,-8,8,-8,7,-8,7,-8,7,-9,6,-9,6,-9,6,-9,6,-8,7,-9,7,-9,7,-8,6,-7,6,-7,5,-7,5,-6,5,-6,5,-6,5,-6,5,-6,1,-2,0,0,0,0,0,0,0,0,0,0,0,0,0,0,0,0,0,0,2,-2,9,-8,9,-8,10,-8,11,-8,11,-7,11,-7,11,-6,11,-5,12,-5,12,-6,13,-6,13,-6,13,-6,12,-6,12,-6,12,-6,12,-6,11,-6,11,-6,11,-7,11,-7,10,-7,10,-7,11,-8,11,-8,11,-8,
CSI_2,28,-64,1,0,10,0,10,0,9,-1,9,-1,9,-1,8,-1,8,-2,7,-2,7,-2,7,-2,7,-2,7,-3,7,-3,7,-2,7,-2,7,-2,7,-2,6,-2,6,-2,6,-2,5,-2,5,-2,5,-1,5,-1,5,-1,1,-1,0,0,0,0,0,0,0,0,0,0,0,0,0,0,0,0,0,0,2,0,9,0,9,0,10,0,10,1,10,1,10,2,9,2,9,2,9,3,10,3,10,3,10,3,10,3,9,3,9,3,9,2,9,2,9,1,9,1,9,1,9,1,9,1,9,1,10,1,10,1,10,1,
CSI_2,82,32,5,0,-28,1,-28,1,-28,1,-27,2,-27,3,-27,3,-27,3,-26,3,-27,3,-27,3,-26,4,-26,4,-26,3,-26,3,-25,2,-25,2,-24,1,-24,0,-23,0,-22,0,-21,0,-20,0,-20,-1,-19,-2,-19,-2,-5,-1,0,0,0,0,0,0,0,0,0,0,0,0,0,0,0,0,0,0,-4,0,-13,1,-14,1,-14,2,-15,1,-16,1,-17,0,-18,0,-19,0,-19,0,-20,0,-21,-1,-21,-1,-22,-1,-22,-1,-23,-1,-23,-1,-24,-1,-24,-1,-25,0,-25,1,-25,1,-26,1,-26,0,-27,0,-29,1,-30,2,
CSI_2,-8,-123,95,0,17,-8,18,-7,17,-9,16,-10,16,-8,15,-8,12,-10,13,-12,15,-11,15,-10,14,-9,13,-8,12,-10,12,-11,14,-10,15,-10,16,-9,15,-8,14,-9,14,-10,13,-10,10,-9,11,-9,13,-9,16,-8,4,-2,0,0,0,0,0,0,0,0,0,0,0,0,0,0,0,0,0,0,3,-3,15,-10,15,-10,16,-11,17,-13,16,-13,17,-11,18,-8,19,-7,19,-8,18,-8,19,-8,21,-10,19,-8,19,-7,20,-7,21,-9,22,-8,21,-6,20,-6,20,-6,20,-5,19,-4,18,-5,17,-7,16,-10,14,-11,
CSI_2,82,32,5,0,-14,-3,-14,-3,-14,-3,-14,-3,-13,-3,-13,-3,-13,-3,-13,-3,-13,-3,-13,-3,-13,-2,-13,-2,-13,-2,-13,-2,-12,-3,-12,-3,-12,-3,-11,-3,-11,-3,-11,-3,-10,-3,-10,-3,-9,-3,-9,-4,-9,-4,-3,-1,0,0,0,0,0,0,0,0,0,0,0,0,0,0,0,0,0,0,-2,-1,-7,-1,-7,-1,-8,-1,-8,-1,-9,-1,-9,-2,-9,-2,-10,-2,-10,-2,-10,-3,-11,-3,-11,-3,-11,-3,-11,-3,-11,-3,-12,-4,-12,-4,-12,-4,-12,-3,-12,-3,-13,-3,-13,-3,-13,-3,-13,-3,-14,-3,-15,-3,
CSI_2,-121,112,8,0,21,-13,21,-13,20,-12,20,-13,19,-13,19,-14,18,-13,17,-14,17,-14,17,-15,17,-15,17,-15,17,-15,17,-14,17,-14,18,-14,17,-13,17,-13,16,-12,16,-11,16,-11,16,-10,16,-10,16,-9,15,-8,3,-2,0,0,0,0,0,0,0,0,0,0,0,0,0,0,0,0,0,0,4,-3,17,-11,18,-11,19,-12,20,-11,20,-11,20,-11,20,-11,21,-10,22,-10,23,-10,24,-10,24,-10,24,-10,23,-9,23,-9,22,-9,22,-9,21,-9,22,-10,22,-10,22,-10,21,-10,21,-10,22,-11,22,-12,22,-12,
CSI_2,28,-64,1,0,-19,-21,-19,-21,-19,-19,-19,-17,-18,-17,-17,-16,-17,-15,-17,-14,-17,-14,-18,-14,-18,-12,-19,-11,-19,-11,-18,-12,-19,-13,-18,-13,-17,-12,-16,-11,-15,-11,-15,-11,-14,-11,-13,-10,-13,-11,-12,-10,-12,-10,-3,-3,0,0,0,0,0,0,0,0,0,0,0,0,0,0,0,0,0,0,-4,-5,-15,-19,-14,-20,-15,-22,-14,-23,-13,-23,-12,-23,-11,-24,-10,-24,-10,-24,-11,-25,-11,-27,-11,-27,-10,-27,-10,-25,-10,-25,-11,-25,-12,-24,-13,-22,-13,-21,-14,-22,-14,-22,-15,-21,-15,-21,-16,-22,-16,-23,-15,-24,
CSI_2,82,32,5,0,-13,-4,-12,-4,-12,-4,-12,-4,-12,-4,-12,-4,-12,-4,-12,-4,-12,-4,-12,-4,-12,-3,-12,-3,-12,-3,-12,-4,-12,-4,-11,-4,-11,-4,-11,-4,-10,-4,-10,-4,-9,-4,-9,-4,-9,-4,-8,-5,-8,-5,-2,-2,0,0,0,0,0,0,0,0,0,0,0,0,0,0,0,0,0,0,-2,-1,-7,-1,-7,-1,-7,-1,-7,-2,-7,-2,-8,-2,-8,-3,-9,-3,-9,-3,-9,-3,-9,-4,-10,-4,-10,-4,-10,-4,-10,-4,-10,-4,-11,-4,-11,-4,-11,-4,-11,-4,-11,-4,-11,-4,-12,-4,-12,-4,-13,-4,-14,-4,
CSI_2,28,-64,1,0,-22,-17,-22,-16,-22,-14,-21,-13,-21,-12,-20,-11,-19,-10,-19,-9,-19,-10,-19,-10,-19,-8,-20,-7,-20,-7,-19,-8,-20,-9,-19,-8,-18,-8,-17,-7,-16,-7,-16,-7,-15,-7,-14,-7,-14,-7,-13,-7,-13,-7,-4,-2,0,0,0,0,0,0,0,0,0,0,0,0,0,0,0,0,0,0,-5,-4,-18,-15,-19,-16,-19,-18,-19,-19,-18,-19,-17,-20,-17,-20,-16,-20,-16,-21,-16,-22,-17,-23,-17,-24,-16,-24,-15,-23,-16,-22,-16,-22,-17,-21,-17,-18,-18,-18,-18,-18,-19,-17,-19,-17,-19,-17,-20,-18,-21,-20,-20,-21,
CSI_2,-8,-123,95,0,-17,-7,-18,-8,-17,-8,-14,-7,-14,-8,-17,-7,-20,-4,-19,-5,-19,-8,-19,-5,-18,-2,-20,-1,-21,-2,-21,-2,-19,-4,-18,-3,-19,-5,-18,-7,-18,-7,-19,-7,-18,-7,-18,-7,-21,-8,-22,-9,-20,-9,-5,-3,0,0,0,0,0,0,0,0,0,0,0,0,0,0,0,0,0,0,-3,-1,-11,-3,-9,-5,-10,-8,-12,-9,-10,-9,-9,-8,-14,-9,-14,-11,-11,-12,-11,-12,-12,-11,-12,-12,-12,-13,-10,-14,-12,-13,-16,-11,-14,-11,-11,-13,-12,-10,-17,-9,-19,-9,-20,-7,-18,-8,-14,-11,-14,-11,-15,-10,
CSI_2,28,-64,1,0,15,-10,15,-11,14,-11,13,-11,12,-10,11,-10,11,-10,10,-10,10,-10,10,-11,9,-11,8,-11,9,-11,9,-11,9,-11,9,-11,9,-10,8,-9,8,-9,8,-8,8,-8,7,-7,7,-7,7,-7,7,-6,1,-2,0,0,0,0,0,0,0,0,0,0,0,0,0,0,0,0,0,0,3,-2,14,-8,15,-8,16,-8,16,-8,16,-7,16,-6,17,-5,17,-5,17,-4,17,-5,18,-5,19,-5,18,-5,17,-5,17,-5,17,-5,16,-6,15,-6,15,-7,15,-7,15,-7,15,-8,15,-8,15,-8,17,-9,17,-8,
CSI_2,82,32,5,0,3,35,4,34,4,33,4,32,4,32,4,32,5,31,6,31,6,32,6,31,5,31,5,30,5,29,5,29,5,29,4,29,3,28,4,27,3,26,2,24,1,23,0,22,0,22,0,21,0,20,0,5,0,0,0,0,0,0,0,0,0,0,0,0,0,0,0,0,0,0,1,4,6,17,6,17,5,18,5,19,6,21,6,22,7,24,7,25,6,26,4,27,4,29,4,29,3,29,2,29,3,29,4,30,4,31,4,32,3,32,3,32,4,32,5,33,4,34,3,35,4,36,7,37,
CSI_2,28,-64,1,0,-21,-17,-21,-16,-21,-15,-20,-13,-19,-13,-19,-13,-19,-12,-19,-11,-19,-11,-19,-11,-19,-9,-19,-9,-20,-9,-20,-9,-20,-10,-20,-10,-18,-10,-17,-9,-16,-9,-16,-9,-15,-9,-15,-10,-14,-10,-13,-10,-12,-10,-3,-3,0,0,0,0,0,0,0,0,0,0,0,0,0,0,0,0,0,0,-4,-4,-15,-15,-15,-16,-15,-18,-15,-19,-14,-19,-13,-19,-13,-19,-12,-20,-12,-20,-13,-21,-13,-22,-13,-23,-12,-22,-12,-21,-12,-20,-14,-20,-14,-19,-14,-18,-15,-17,-15,-17,-16,-17,-16,-17,-17,-17,-18,-18,-18,-19,-17,-20,
CSI_2,69,80,4,0,6,5,3,7,4,7,9,5,9,5,5,4,5,5,6,5,7,3,8,2,10,3,9,3,7,4,7,4,6,3,6,3,6,4,5,5,4,4,5,4,7,3,7,4,7,6,6,6,5,5,1,1,0,0,0,0,0,0,0,0,0,0,0,0,0,0,0,0,0,0,0,1,3,5,4,5,5,6,5,7,4,5,5,4,7,7,6,10,3,10,3,7,5,6,4,6,5,5,7,5,6,7,5,8,5,6,5,6,4,7,3,9,3,8,4,7,6,7,5,5,4,6,6,8,
CSI_2,28,-64,1,0,12,25,13,25,13,23,13,22,13,21,13,20,13,19,13,18,13,18,13,18,14,17,15,17,15,17,15,18,15,19,15,19,13,18,13,17,12,16,11,16,10,16,9,16,9,16,8,15,7,15,1,3,0,0,0,0,0,0,0,0,0,0,0,0,0,0,0,0,0,0,2,4,7,19,7,20,7,21,6,23,5,22,5,23,4,23,3,23,3,23,3,24,3,26,2,26,2,26,2,25,3,24,4,25,5,24,6,22,7,22,7,23,8,23,8,23,8,23,9,24,9,26,7,26,
CSI_2,82,32,5,0,-21,19,-21,19,-20,18,-20,18,-19,19,-19,19,-18,19,-17,18,-17,18,-17,19,-17,19,-17,19,-17,18,-16,18,-16,17,-16,17,-16,16,-16,15,-15,14,-15,14,-15,13,-15,13,-15,12,-14,11,-14,10,-4,2,0,0,0,0,0,0,0,0,0,0,0,0,0,0,0,0,0,0,-2,2,-8,11,-9,11,-10,12,-11,13,-12,13,-12,13,-12,14,-13,14,-15,15,-16,15,-17,15,-17,15,-18,15,-19,16,-19,16,-18,16,-19,16,-19,16,-20,17,-20,17,-20,18,-20,18,-20,17,-22,18,-22,20,-22,22,
CSI_2,82,32,5,0,5,-13,5,-13,5,-12,5,-12,5,-12,5,-12,5,-12,4,-12,4,-12,4,-12,4,-12,4,-12,4,-12,4,-12,4,-11,5,-11,5,-11,5,-10,4,-10,5,-10,5,-9,5,-9,5,-8,5,-8,5,-7,1,-2,0,0,0,0,0,0,0,0,0,0,0,0,0,0,0,0,0,0,0,-2,1,-6,2,-6,2,-7,2,-7,2,-8,2,-8,2,-8,3,-8,3,-9,4,-9,4,-9,4,-10,4,-10,5,-10,4,-10,4,-10,4,-10,4,-11,5,-11,5,-11,5,-12,5,-12,5,-12,6,-12,6,-13,5,-14,
CSI_2,82,32,5,0,-16,20,-15,20,-13,19,-12,19,-12,18,-11,17,-10,17,-9,17,-9,17,-9,18,-7,18,-6,18,-7,19,-7,19,-8,19,-8,19,-7,18,-7,17,-7,16,-7,16,-7,15,-7,15,-7,14,-7,14,-7,13,-2,3,0,0,0,0,0,0,0,0,0,0,0,0,0,0,0,0,0,0,-4,4,-15,16,-16,16,-17,16,-19,16,-19,15,-19,14,-20,14,-20,12,-21,13,-21,13,-22,14,-23,14,-22,13,-21,12,-21,12,-21,13,-19,14,-17,14,-17,14,-17,14,-17,15,-16,15,-16,16,-17,17,-18,17,-19,16,
CSI_2,-8,-123,95,0,-15,-4,-14,-2,-13,-1,-12,-2,-12,-4,-14,-5,-15,-4,-12,-4,-10,-3,-12,-4,-15,-5,-16,-4,-15,-4,-15,-6,-13,-7,-12,-5,-13,-4,-14,-4,-16,-4,-16,-4,-15,-5,-14,-3,-13,-3,-12,-4,-12,-4,-3,-1,0,0,0,0,0,0,0,0,0,0,0,0,0,0,0,0,0,0,-3,-1,-10,-1,-10,-1,-10,-3,-10,-3,-10,-3,-12,-2,-12,-1,-14,-1,-17,-3,-16,-6,-13,-7,-13,-6,-16,-7,-15,-8,-13,-8,-13,-6,-12,-6,-12,-7,-13,-8,-14,-7,-13,-9,-12,-11,-11,-10,-13,-9,-16,-7,-15,-5,
CSI_2,28,-64,1,0,28,-3,28,-3,26,-5,25,-5,24,-4,23,-4,22,-5,21,-6,21,-6,21,-7,20,-8,20,-9,20,-9,21,-8,22,-8,22,-8,20,-7,19,-7,18,-6,18,-6,17,-5,17,-5,17,-4,16,-4,15,-4,3,-1,0,0,0,0,0,0,0,0,0,0,0,0,0,0,0,0,0,0,5,-1,23,-2,24,-2,25,-1,26,0,25,1,25,2,25,4,25,5,25,5,27,5,28,6,28,6,27,6,26,6,25,5,26,5,26,4,25,2,25,1,25,2,25,1,25,1,25,0,27,0,29,1,29,2,
CSI_2,69,80,4,0,-6,-2,-7,-4,-6,-3,-5,-1,-7,1,-9,1,-9,2,-8,2,-8,3,-6,5,-5,6,-6,5,-5,2,-4,4,-3,6,-3,7,-3,7,-3,6,-2,5,0,3,0,4,0,7,0,7,0,5,0,5,0,1,0,0,0,0,0,0,0,0,0,0,0,0,0,0,0,0,0,0,1,-2,5,-7,7,-7,7,-5,5,-3,5,-3,6,-2,6,-3,4,-3,3,-5,4,-7,5,-8,4,-8,2,-9,1,-8,0,-5,-3,-6,-5,-9,-5,-6,-5,-4,-6,-7,-6,-8,-8,-7,-10,-7,-9,-7,-9,-7,-10,-8,
CSI_2,69,80,4,0,4,7,6,8,5,6,4,5,3,5,3,3,3,1,3,3,5,4,6,3,6,3,4,4,2,5,1,3,2,1,4,2,3,5,4,6,7,5,6,6,4,6,4,6,4,6,2,5,0,3,0,0,0,0,0,0,0,0,0,0,0,0,0,0,0,0,0,0,0,0,0,2,2,8,0,6,-1,6,0,7,1,7,0,8,-2,10,0,9,1,8,0,8,-1,9,-2,10,-2,10,0,8,1,6,2,8,1,10,1,9,2,9,1,9,0,8,-1,5,0,5,2,5,5,5,6,8,
CSI_2,28,-64,1,0,7,-27,7,-27,5,-26,4,-25,4,-24,4,-23,3,-23,2,-22,2,-23,2,-23,0,-23,-1,-23,-1,-23,0,-23,0,-24,0,-23,1,-22,1,-21,1,-20,1,-19,1,-19,2,-18,2,-18,3,-17,3,-17,0,-5,0,0,0,0,0,0,0,0,0,0,0,0,0,0,0,0,0,0,2,-5,9,-19,9,-19,11,-20,12,-20,12,-20,13,-19,13,-19,14,-19,15,-19,15,-20,16,-20,17,-21,16,-20,15,-20,14,-20,14,-21,13,-21,11,-20,10,-21,10,-21,10,-22,10,-22,10,-22,10,-24,11,-25,13,-24,
CSI_2,28,-64,1,0,-27,8,-27,9,-25,9,-24,9,-23,10,-22,10,-21,10,-20,10,-21,10,-22,10,-21,11,-20,12,-20,13,-21,12,-22,12,-22,12,-21,11,-20,11,-19,10,-18,9,-18,8,-18,7,-18,6,-18,5,-17,5,-5,1,0,0,0,0,0,0,0,0,0,0,0,0,0,0,0,0,0,0,-6,0,-21,3,-22,3,-23,3,-24,2,-24,1,-24,0,-24,0,-24,-1,-24,-1,-25,-2,-27,-3,-27,-3,-27,-4,-26,-3,-25,-2,-26,-1,-26,0,-24,2,-24,2,-24,3,-24,4,-24,4,-24,4,-26,4,-28,3,-29,2,
CSI_2,-8,-123,95,0,-10,-15,-9,-14,-9,-12,-10,-13,-11,-11,-10,-9,-8,-10,-8,-11,-8,-8,-9,-7,-10,-10,-11,-11,-12,-9,-14,-7,-14,-7,-11,-8,-10,-9,-10,-10,-9,-9,-9,-8,-11,-7,-12,-8,-11,-8,-9,-8,-9,-6,-3,-2,0,0,0,0,0,0,0,0,0,0,0,0,0,0,0,0,0,0,-1,-4,-3,-14,-3,-13,-3,-11,-4,-11,-2,-12,-1,-13,-1,-14,-4,-13,-6,-11,-4,-13,-3,-14,-6,-13,-7,-15,-6,-15,-4,-14,-3,-14,-3,-16,-3,-18,-4,-17,-6,-15,-6,-16,-6,-17,-6,-16,-8,-15,-8,-16,-4,-15,
CSI_2,28,-64,1,0,4,26,5,26,6,25,6,23,6,22,6,21,6,20,7,19,7,20,8,20,9,19,9,18,9,18,9,19,9,20,8,20,8,19,7,18,7,17,6,16,5,16,5,15,4,15,4,14,4,14,0,3,0,0,0,0,0,0,0,0,0,0,0,0,0,0,0,0,0,0,0,5,1,21,1,21,0,23,-1,23,-2,23,-3,23,-3,23,-4,23,-4,23,-4,24,-5,26,-5,26,-5,25,-5,24,-5,24,-4,25,-3,24,-1,23,-1,23,-1,23,0,24,1,24,1,24,1,25,1,26,-1,26,
CSI_2,82,32,5,0,-25,5,-24,5,-24,5,-24,5,-23,6,-23,6,-23,6,-22,6,-22,5,-22,5,-21,5,-21,6,-21,5,-20,5,-20,5,-20,5,-19,4,-18,3,-18,3,-17,3,-17,3,-17,2,-16,2,-15,1,-15,0,-4,0,0,0,0,0,0,0,0,0,0,0,0,0,0,0,0,0,0,0,-3,1,-12,6,-13,6,-13,6,-14,6,-15,6,-16,6,-17,6,-18,6,-18,6,-19,6,-20,5,-20,4,-21,4,-22,5,-22,5,-22,5,-22,5,-23,5,-23,6,-23,6,-23,7,-24,6,-24,5,-25,5,-26,7,-26,8,
CSI_2,28,-64,1,0,24,-5,24,-6,22,-6,21,-7,20,-7,20,-7,18,-7,18,-8,18,-8,18,-9,17,-10,16,-11,17,-11,17,-10,18,-10,18,-10,17,-10,16,-9,15,-9,15,-8,15,-8,15,-7,15,-7,14,-7,14,-6,3,-2,0,0,0,0,0,0,0,0,0,0,0,0,0,0,0,0,0,0,5,-1,20,-2,21,-2,22,-2,23,-1,22,0,22,1,22,2,22,3,22,3,23,3,24,3,25,3,24,4,23,3,22,3,23,3,23,2,21,0,21,-1,22,0,22,-1,22,-2,22,-2,23,-2,25,-2,25,0,
CSI_2,82,32,5,0,-13,2,-13,2,-12,2,-11,2,-11,2,-11,2,-10,3,-10,3,-10,3,-10,3,-10,4,-10,4,-10,4,-10,4,-11,3,-11,3,-10,3,-10,3,-9,2,-9,2,-9,2,-9,1,-9,1,-9,1,-8,1,-2,0,0,0,0,0,0,0,0,0,0,0,0,0,0,0,0,0,0,0,-3,0,-10,2,-10,1,-11,1,-11,1,-11,0,-11,0,-11,-1,-11,-1,-11,-1,-12,-1,-12,-1,-13,-1,-12,-2,-12,-2,-12,-2,-12,-1,-12,-1,-11,0,-11,0,-12,0,-11,0,-12,1,-12,1,-13,1,-13,2,-13,2,
CSI_2,-8,-123,95,0,-19,-6,-18,-2,-18,-1,-18,-4,-18,-5,-19,-6,-20,-6,-19,-2,-19,-2,-22,-3,-24,-2,-21,0,-21,-1,-21,-2,-20,-5,-20,-8,-20,-9,-19,-9,-20,-10,-21,-11,-19,-11,-19,-10,-20,-12,-20,-12,-18,-11,-5,-3,0,0,0,0,0,0,0,0,0,0,0,0,0,0,0,0,0,0,-2,-1,-9,-3,-11,-3,-12,-3,-12,-4,-12,-4,-13,-3,-12,-2,-10,-2,-10,-2,-11,-1,-13,-3,-15,-3,-15,-2,-14,-5,-14,-7,-15,-5,-16,-4,-16,-3,-17,0,-18,0,-18,-2,-17,-3,-17,-3,-19,-2,-20,-2,-20,-2,
CSI_2,117,86,103,0,-7,15,-8,15,-7,13,-5,11,-4,13,-4,16,-6,16,-6,16,-6,15,-7,13,-7,12,-5,13,-4,14,-6,15,-7,14,-6,15,-6,15,-7,14,-8,12,-8,13,-7,14,-10,13,-12,14,-12,15,-11,15,-3,3,0,0,0,0,0,0,0,0,0,0,0,0,0,0,0,0,0,0,-1,1,-5,5,-7,4,-7,5,-7,7,-10,7,-9,6,-7,6,-7,5,-7,6,-4,10,-3,11,-3,9,-2,9,-3,10,-5,9,-7,8,-9,7,-8,6,-5,9,-4,11,-7,11,-8,11,-9,13,-11,15,-9,16,-4,15,-1,6,-4,26,-7,26,-9,26,-6,24,-3,20,-1,20,-1,22,-3,25,-2,28,-2,28,-3,27,-1,28,0,26,0,24,0,26,-2,32,-4,35,-2,34,-1,33,-4,32,-5,30,-5,27,-9,26,-10,28,-10,30,-13,28,-4,27,4,23,0,2,-1,-1,-1,-1,0,0,0,0,0,0,-2,1,-8,10,-8,10,-8,11,-7,10,-7,12,-5,16,-4,14,-5,11,-6,13,-8,16,-11,17,-11,15,-11,15,-10,20,-6,24,-5,23,-9,20,-10,19,-10,20,-10,18,-7,18,-7,20,-9,24,-10,25,-10,24,-8,22,-5,22,-1,26,
CSI_2,28,-64,1,0,16,-22,15,-22,13,-22,12,-21,12,-21,11,-20,10,-19,9,-19,9,-20,9,-20,7,-20,6,-21,7,-21,7,-21,8,-22,8,-22,8,-21,8,-19,7,-19,7,-18,8,-17,8,-16,9,-16,9,-15,9,-14,2,-4,0,0,0,0,0,0,0,0,0,0,0,0,0,0,0,0,0,0,3,-4,15,-16,15,-16,16,-16,18,-16,18,-15,18,-14,19,-14,19,-13,20,-13,21,-13,22,-14,23,-14,22,-13,21,-13,20,-13,20,-14,19,-15,17,-15,17,-16,17,-16,17,-16,16,-17,16,-17,17,-18,18,-18,19,-17,
CSI_2,28,-64,1,0,-13,-25,-13,-25,-13,-23,-13,-21,-13,-20,-13,-20,-13,-18,-13,-18,-13,-18,-14,-18,-15,-17,-15,-16,-15,-16,-15,-17,-15,-17,-15,-17,-14,-16,-13,-16,-13,-15,-12,-15,-11,-14,-11,-15,-10,-15,-9,-14,-9,-14,-3,-4,0,0,0,0,0,0,0,0,0,0,0,0,0,0,0,0,0,0,-3,-5,-10,-20,-9,-21,-9,-23,-9,-24,-8,-24,-7,-24,-6,-24,-5,-24,-5,-25,-5,-26,-5,-27,-4,-28,-4,-27,-4,-26,-4,-26,-5,-26,-6,-25,-7,-24,-8,-23,-8,-24,-9,-24,-9,-23,-9,-23,-10,-25,-9,-26,-8,-27,
CSI_2,82,32,5,0,8,-27,8,-26,7,-26,7,-25,7,-26,7,-26,6,-25,5,-25,4,-25,4,-25,4,-25,5,-24,4,-24,4,-24,4,-23,5,-23,5,-22,5,-21,5,-20,5,-20,6,-19,6,-18,6,-17,6,-16,6,-16,1,-4,0,0,0,0,0,0,0,0,0,0,0,0,0,0,0,0,0,0,0,-4,1,-14,1,-15,2,-16,3,-17,3,-17,3,-18,3,-19,4,-20,5,-21,6,-21,6,-22,7,-22,7,-22,8,-23,8,-23,7,-23,7,-24,7,-24,8,-25,8,-25,8,-25,8,-26,8,-25,9,-26,9,-28,7,-30,
CSI_2,28,-64,1,0,-20,1,-20,1,-18,2,-17,3,-17,3,-16,3,-15,3,-15,3,-15,3,-15,4,-15,4,-15,5,-15,5,-15,5,-15,4,-15,4,-15,4,-14,4,-13,4,-13,3,-13,3,-12,2,-12,2,-12,1,-11,1,-3,0,0,0,0,0,0,0,0,0,0,0,0,0,0,0,0,0,0,0,-4,0,-15,0,-16,0,-17,-1,-18,-1,-17,-2,-17,-3,-17,-3,-17,-3,-17,-4,-18,-4,-19,-4,-19,-5,-18,-5,-18,-5,-17,-4,-18,-4,-18,-3,-17,-2,-17,-2,-17,-1,-17,-1,-17,-1,-17,-1,-19,-1,-19,-1,-19,-2,
CSI_2,28,-64,1,0,17,-4,17,-4,16,-5,15,-5,15,-5,14,-5,13,-5,13,-6,12,-6,12,-6,12,-7,11,-7,12,-7,12,-7,12,-7,12,-6,12,-6,11,-6,10,-5,10,-5,10,-4,9,-4,9,-4,9,-4,9,-3,2,-1,0,0,0,0,0,0,0,0,0,0,0,0,0,0,0,0,0,0,3,-1,15,-3,15,-3,16,-2,17,-2,17,-1,16,0,16,0,16,1,17,1,17,1,18,1,18,1,18,2,17,1,17,1,17,1,17,0,16,-1,16,-1,16,-1,16,-1,16,-2,16,-2,17,-3,18,-2,17,-1,
CSI_2,28,-64,1,0,-15,20,-15,20,-13,19,-11,19,-11,18,-10,18,-9,17,-8,17,-9,17,-8,18,-7,18,-6,19,-6,19,-7,19,-8,19,-7,19,-7,18,-7,17,-7,16,-7,15,-7,15,-7,14,-7,14,-7,13,-7,13,-2,3,0,0,0,0,0,0,0,0,0,0,0,0,0,0,0,0,0,0,-4,3,-13,15,-14,15,-15,16,-16,15,-17,14,-17,14,-18,14,-18,13,-19,13,-19,14,-20,14,-21,14,-20,13,-20,13,-19,13,-19,14,-18,14,-16,14,-16,14,-16,15,-16,15,-15,16,-15,16,-15,17,-17,17,-18,16,
CSI_2,82,32,5,0,-11,-7,-11,-7,-11,-7,-11,-6,-11,-5,-11,-5,-10,-5,-10,-5,-11,-5,-11,-5,-10,-5,-10,-5,-10,-4,-10,-4,-10,-4,-10,-4,-10,-5,-9,-5,-9,-5,-8,-5,-8,-4,-7,-4,-7,-4,-7,-4,-7,-4,-2,-2,0,0,0,0,0,0,0,0,0,0,0,0,0,0,0,0,0,0,-2,-1,-7,-3,-8,-3,-8,-3,-8,-4,-9,-4,-9,-5,-9,-5,-9,-5,-10,-6,-10,-6,-10,-6,-10,-7,-10,-7,-10,-7,-10,-7,-10,-7,-11,-7,-11,-7,-11,-7,-11,-7,-11,-7,-11,-7,-11,-7,-11,-7,-12,-7,-13,-7,
CSI_2,82,32,5,0,3,26,4,26,5,24,5,23,5,22,5,21,6,20,7,20,7,20,7,20,8,19,9,19,9,19,9,20,8,21,8,21,8,20,7,19,7,18,6,17,5,17,5,17,4,17,4,16,3,16,0,4,0,0,0,0,0,0,0,0,0,0,0,0,0,0,0,0,0,0,0,5,0,20,0,21,-1,22,-2,23,-3,22,-3,22,-4,22,-5,22,-5,23,-5,23,-6,24,-6,25,-6,24,-6,23,-5,23,-5,24,-4,23,-2,22,-1,22,-1,23,-1,23,0,23,0,23,0,24,0,26,-2,26,
CSI_2,28,-64,1,0,-16,17,-15,18,-14,17,-13,17,-12,17,-11,16,-10,16,-9,16,-10,16,-11,16,-9,16,-9,17,-9,17,-9,17,-9,18,-10,18,-9,17,-8,16,-8,15,-8,14,-8,13,-9,13,-10,12,-10,11,-10,11,-3,2,0,0,0,0,0,0,0,0,0,0,0,0,0,0,0,0,0,0,-4,3,-14,12,-15,12,-16,12,-17,12,-17,11,-17,11,-18,11,-18,10,-18,10,-19,10,-20,9,-21,9,-21,9,-20,9,-19,10,-19,10,-18,11,-16,11,-16,12,-16,13,-16,13,-15,13,-16,13,-17,13,-19,14,-21,14,
CSI_2,28,-64,1,0,20,-14,20,-14,18,-14,17,-14,16,-14,15,-13,14,-13,13,-14,14,-14,14,-14,13,-15,12,-15,12,-15,12,-15,13,-16,13,-16,13,-15,12,-14,11,-13,11,-13,11,-12,12,-12,12,-11,12,-10,11,-10,2,-3,0,0,0,0,0,0,0,0,0,0,0,0,0,0,0,0,0,0,4,-3,16,-9,16,-9,18,-9,19,-8,19,-8,19,-7,19,-6,19,-6,20,-6,21,-6,22,-6,23,-5,22,-5,21,-5,20,-6,21,-6,20,-7,19,-8,18,-9,19,-9,19,-10,19,-10,19,-10,20,-10,21,-10,22,-9,
CSI_2,-8,-123,95,0,-15,-8,-16,-8,-17,-9,-19,-8,-19,-7,-18,-8,-20,-8,-21,-8,-23,-9,-22,-11,-19,-10,-18,-9,-20,-11,-19,-10,-18,-7,-18,-7,-19,-6,-19,-5,-19,-4,-18,-7,-17,-10,-17,-9,-17,-6,-17,-8,-17,-10,-5,-3,0,0,0,0,0,0,0,0,0,0,0,0,0,0,0,0,0,0,0,-2,4,-7,6,-8,6,-8,4,-7,2,-5,1,-3,2,-2,2,-3,0,-4,-1,-4,-1,-4,-2,-4,-5,-4,-6,-6,-5,-7,-5,-7,-5,-6,-5,-7,-7,-9,-9,-8,-12,-8,-13,-8,-11,-8,-10,-9,-12,-8,-13,-9,
CSI_2,117,86,103,0,-14,2,-14,2,-14,4,-14,8,-13,8,-12,5,-12,4,-13,4,-16,1,-17,0,-16,2,-18,4,-17,4,-16,3,-17,1,-18,-1,-16,-2,-15,-2,-14,-1,-11,-1,-11,0,-10,-2,-11,-5,-13,-6,-10,-6,-2,-2,0,0,0,0,0,0,0,0,0,0,0,0,0,0,0,0,0,0,-1,-2,-2,-7,-4,-5,-5,-2,-4,-2,-2,-4,-1,-4,-2,1,-4,1,-5,-1,-5,-1,-4,-1,-7,0,-10,2,-8,4,-5,2,-6,-2,-6,-1,-5,3,-7,6,-10,8,-9,6,-8,2,-10,5,-10,7,-9,6,-13,6,-4,2,-17,11,-20,11,-22,10,-24,10,-25,13,-25,13,-25,9,-25,9,-26,9,-27,7,-27,5,-26,7,-26,10,-28,10,-31,10,-31,7,-31,2,-30,0,-30,2,-29,3,-30,3,-30,4,-26,3,-25,-4,-26,-8,-24,-9,-26,-8,-28,-7,-4,-1,-1,-1,-1,-1,-1,-1,0,0,0,0,-2,0,-13,2,-16,4,-9,-4,-7,-5,-8,-4,-8,-5,-6,-5,-6,-3,-8,1,-8,2,-7,2,-5,5,-5,5,-10,3,-14,3,-13,3,-14,2,-16,2,-14,4,-12,7,-13,10,-15,11,-15,9,-17,9,-17,15,-15,19,-12,16,-14,13,
CSI_2,82,32,5,0,-12,21,-12,20,-11,20,-11,20,-11,20,-11,20,-10,19,-9,19,-9,19,-9,19,-9,19,-9,19,-9,18,-8,18,-9,17,-9,17,-9,16,-9,16,-9,15,-9,15,-9,14,-9,13,-9,13,-9,12,-9,11,-3,2,0,0,0,0,0,0,0,0,0,0,0,0,0,0,0,0,0,0,-1,3,-3,12,-4,13,-5,13,-5,14,-5,14,-5,15,-5,16,-6,16,-7,17,-8,18,-8,18,-8,18,-9,19,-10,19,-10,19,-9,19,-9,19,-10,20,-10,20,-11,20,-11,20,-11,21,-11,21,-12,22,-11,23,-10,24,
CSI_2,28,-64,1,0,11,6,12,6,12,5,11,4,11,4,10,4,10,3,10,3,10,3,10,3,10,3,10,2,10,2,10,3,10,3,10,4,10,4,9,3,9,3,8,3,8,3,7,3,7,4,7,4,6,4,1,1,0,0,0,0,0,0,0,0,0,0,0,0,0,0,0,0,0,0,2,1,9,5,9,6,9,6,10,7,9,7,9,7,9,8,8,8,8,8,9,9,9,9,9,10,8,10,8,9,8,8,9,9,9,8,9,7,9,7,9,7,9,7,10,7,10,7,11,7,12,8,11,8,
CSI_2,69,80,4,0,-4,11,0,10,-2,5,-3,5,-1,5,-3,7,-7,8,-8,7,-4,4,-4,2,-6,3,-5,6,-4,7,-5,6,-3,6,-4,5,-4,4,-1,5,-1,6,-3,4,-3,3,-2,2,-2,2,-3,3,-5,4,-2,1,0,0,0,0,0,0,0,0,0,0,0,0,0,0,0,0,0,0,-1,3,-3,13,-3,12,-6,10,-7,7,-6,5,-8,6,-7,6,-5,5,-5,6,-6,8,-8,8,-7,5,-5,6,-4,7,-4,5,-5,4,-7,6,-8,8,-8,8,-9,7,-9,6,-9,5,-7,5,-5,4,-5,3,-6,2,
CSI_2,28,-64,1,0,9,-9,9,-9,8,-9,7,-9,7,-9,7,-9,6,-9,6,-9,6,-9,5,-9,4,-9,4,-9,5,-9,5,-9,5,-10,5,-9,5,-9,5,-8,4,-8,4,-8,4,-7,5,-7,5,-7,4,-6,4,-6,1,-2,0,0,0,0,0,0,0,0,0,0,0,0,0,0,0,0,0,0,2,-2,9,-8,9,-8,10,-8,11,-8,11,-7,11,-7,11,-6,11,-6,12,-6,12,-6,13,-6,13,-6,12,-5,12,-5,11,-5,11,-6,11,-7,10,-7,10,-7,10,-7,10,-7,10,-8,10,-8,10,-8,11,-8,10,-7,
CSI_2,28,-64,1,0,13,12,13,11,13,10,13,9,13,9,12,8,12,8,12,7,12,7,13,7,13,6,13,5,13,6,13,6,13,7,13,7,13,7,12,6,11,6,11,6,10,6,10,6,9,6,8,6,8,6,2,1,0,0,0,0,0,0,0,0,0,0,0,0,0,0,0,0,0,0,2,2,10,10,10,11,10,12,10,13,10,13,9,13,9,14,8,14,8,14,8,15,8,16,8,16,8,16,8,15,8,14,8,15,9,14,9,12,10,12,10,12,10,12,10,12,11,12,11,13,12,13,11,14,
CSI_2,28,-64,1,0,17,-21,17,-22,15,-21,13,-21,12,-20,12,-20,11,-20,10,-20,10,-20,10,-20,8,-21,7,-21,8,-21,8,-21,9,-22,9,-22,9,-21,8,-20,8,-19,8,-18,8,-17,9,-17,9,-16,9,-15,9,-15,2,-4,0,0,0,0,0,0,0,0,0,0,0,0,0,0,0,0,0,0,4,-4,16,-16,16,-16,18,-16,19,-16,19,-15,20,-15,20,-14,20,-13,21,-13,22,-13,23,-14,24,-13,23,-13,22,-12,21,-13,21,-14,20,-15,18,-15,18,-15,18,-16,18,-16,17,-17,17,-17,18,-18,19,-18,20,-17,
CSI_2,82,32,5,0,-16,24,-16,23,-15,23,-15,23,-15,23,-15,23,-14,23,-13,23,-13,23,-12,23,-12,23,-12,23,-12,22,-12,22,-12,21,-12,21,-12,20,-12,19,-12,18,-12,17,-12,16,-12,15,-12,15,-12,14,-12,13,-3,3,0,0,0,0,0,0,0,0,0,0,0,0,0,0,0,0,0,0,-2,3,-5,13,-6,13,-7,14,-8,15,-8,15,-8,16,-9,16,-9,17,-11,18,-12,18,-13,19,-13,19,-13,19,-14,20,-14,20,-14,20,-13,20,-14,21,-15,22,-15,21,-15,22,-15,23,-15,23,-16,23,-16,25,-15,27,
CSI_2,82,32,5,0,-14,-22,-14,-22,-14,-21,-14,-19,-14,-19,-14,-18,-14,-17,-14,-16,-14,-16,-15,-16,-16,-15,-16,-14,-16,-14,-16,-15,-16,-16,-16,-16,-15,-15,-14,-14,-13,-14,-13,-14,-12,-13,-12,-14,-11,-14,-10,-13,-10,-13,-3,-4,0,0,0,0,0,0,0,0,0,0,0,0,0,0,0,0,0,0,-3,-5,-9,-19,-9,-20,-9,-22,-8,-23,-7,-22,-6,-23,-6,-23,-5,-23,-5,-23,-5,-24,-5,-25,-4,-26,-4,-25,-4,-24,-5,-24,-6,-24,-6,-23,-7,-22,-8,-21,-8,-22,-9,-22,-9,-22,-9,-22,-10,-23,-10,-24,-9,-25,
CSI_2,28,-64,1,0,-8,-9,-8,-9,-8,-8,-8,-7,-8,-7,-7,-7,-7,-6,-7,-6,-8,-6,-8,-6,-8,-5,-8,-5,-8,-5,-8,-5,-8,-6,-8,-6,-8,-6,-7,-5,-7,-5,-7,-5,-7,-5,-6,-5,-6,-5,-6,-5,-6,-5,-2,-2,0,0,0,0,0,0,0,0,0,0,0,0,0,0,0,0,0,0,-2,-2,-7,-8,-6,-8,-7,-9,-6,-9,-6,-9,-5,-9,-5,-10,-5,-10,-5,-10,-5,-10,-5,-11,-5,-11,-5,-11,-4,-10,-4,-10,-5,-10,-5,-10,-5,-9,-5,-9,-6,-9,-6,-9,-6,-9,-6,-9,-7,-9,-7,-9,-7,-9,
CSI_2,82,32,5,0,11,-5,11,-5,11,-5,11,-5,11,-5,11,-5,11,-5,10,-5,10,-5,10,-5,10,-5,9,-5,9,-5,9,-4,10,-4,9,-4,9,-4,9,-4,8,-3,8,-3,8,-3,7,-3,7,-2,7,-2,6,-2,1,-1,0,0,0,0,0,0,0,0,0,0,0,0,0,0,0,0,0,0,1,-1,5,-4,5,-4,6,-4,6,-4,6,-4,7,-4,7,-4,8,-4,8,-4,9,-4,9,-4,9,-4,10,-4,10,-4,10,-4,10,-4,10,-4,10,-4,11,-5,10,-5,10,-5,11,-5,11,-4,12,-4,12,-5,12,-6,
CSI_2,-8,-123,95,0,-2,10,-4,10,-2,12,2,15,4,15,3,14,0,13,1,13,4,14,6,15,5,15,5,15,5,16,6,16,7,17,8,20,9,21,8,20,6,18,7,16,7,16,6,17,6,17,6,17,5,16,1,3,0,0,0,0,0,0,0,0,0,0,0,0,0,0,0,0,0,0,0,-2,4,-5,5,-4,4,-2,4,-1,3,-2,2,-3,1,-2,1,-1,1,0,0,1,-1,1,-1,2,0,3,0,4,-2,2,-3,0,-2,1,-2,3,-2,5,-2,5,-1,6,-2,9,-4,9,-3,6,-2,6,-2,10,
CSI_2,28,-64,1,0,14,21,15,21,15,19,15,17,15,16,14,16,14,14,15,14,15,14,15,13,16,12,16,11,17,12,16,12,17,13,16,13,15,12,14,11,14,11,13,11,13,10,12,11,12,11,11,11,10,10,2,2,0,0,0,0,0,0,0,0,0,0,0,0,0,0,0,0,0,0,2,5,9,21,9,21,9,23,8,24,7,24,6,24,6,24,5,24,5,25,5,25,5,26,5,27,5,26,5,25,5,24,6,25,6,24,7,22,8,21,9,21,9,21,10,21,10,21,11,22,11,23,10,24,
CSI_2,28,-64,1,0,-25,1,-25,1,-23,2,-22,3,-22,3,-21,3,-19,3,-19,4,-19,4,-19,5,-19,6,-18,7,-19,7,-19,6,-20,6,-20,6,-19,6,-18,5,-17,5,-17,4,-17,4,-16,3,-16,3,-16,3,-16,3,-4,0,0,0,0,0,0,0,0,0,0,0,0,0,0,0,0,0,0,0,-6,0,-22,0,-22,0,-24,-1,-24,-2,-24,-3,-24,-4,-23,-6,-23,-7,-23,-7,-24,-6,-25,-7,-25,-7,-24,-7,-23,-7,-23,-7,-23,-6,-23,-5,-22,-4,-22,-3,-22,-4,-22,-3,-22,-2,-22,-2,-24,-1,-25,-2,-25,-3,
CSI_2,-117,-80,8,0,-25,-5,-23,-4,-22,-4,-22,-3,-22,-2,-23,-2,-23,-3,-21,-4,-18,-4,-17,-4,-17,-2,-16,-1,-15,-3,-15,-6,-14,-6,-14,-4,-15,-3,-13,-3,-10,-4,-9,-4,-9,-2,-9,-1,-7,-2,-6,-4,-6,-5,-2,-2,0,0,0,0,0,0,0,0,0,0,0,0,0,0,0,0,0,0,-5,-1,-20,-3,-20,-4,-21,-5,-22,-5,-22,-6,-20,-7,-20,-8,-22,-9,-22,-8,-23,-9,-23,-10,-24,-10,-24,-8,-24,-7,-24,-8,-25,-10,-23,-11,-21,-10,-21,-10,-22,-9,-22,-7,-20,-6,-19,-5,-21,-5,-24,-6,-25,-6,
CSI_2,28,-64,1,0,4,-27,4,-27,3,-26,2,-25,2,-24,2,-23,1,-22,0,-22,0,-23,-1,-23,-3,-23,-3,-22,-3,-23,-2,-23,-2,-24,-1,-24,-1,-23,-1,-22,0,-21,0,-20,0,-20,1,-19,1,-19,2,-18,2,-18,0,-5,0,0,0,0,0,0,0,0,0,0,0,0,0,0,0,0,0,0,1,-6,5,-21,5,-22,7,-23,8,-23,8,-22,9,-22,10,-22,11,-21,11,-21,12,-22,12,-23,13,-24,13,-23,12,-22,11,-22,11,-23,10,-23,8,-22,8,-22,8,-22,8,-23,7,-23,7,-24,7,-25,8,-26,9,-26,
CSI_2,28,-64,1,0,-9,27,-8,27,-6,26,-5,25,-5,24,-4,23,-3,22,-2,22,-2,22,-1,23,0,22,1,23,1,23,0,23,0,24,0,24,0,23,0,22,0,21,-1,20,-1,19,-1,19,-2,19,-2,18,-2,17,-1,4,0,0,0,0,0,0,0,0,0,0,0,0,0,0,0,0,0,0,-3,5,-10,20,-11,21,-12,22,-14,22,-14,21,-15,21,-16,21,-16,20,-17,20,-17,21,-18,22,-19,22,-19,21,-18,21,-17,21,-17,21,-15,22,-13,21,-12,22,-12,22,-12,22,-11,23,-11,23,-11,24,-12,25,-14,25,
CSI_2,82,32,5,0,16,-7,16,-7,16,-6,16,-7,15,-7,15,-7,15,-7,15,-7,14,-7,14,-7,14,-7,14,-7,14,-7,14,-6,14,-6,14,-6,13,-6,13,-5,12,-5,12,-4,12,-4,11,-4,11,-4,11,-3,10,-3,2,-1,0,0,0,0,0,0,0,0,0,0,0,0,0,0,0,0,0,0,1,-1,6,-4,6,-4,7,-5,8,-5,8,-5,8,-5,9,-5,9,-5,10,-5,11,-5,11,-5,12,-5,12,-5,13,-6,13,-6,13,-5,13,-6,14,-6,14,-6,14,-7,15,-7,15,-7,15,-6,16,-7,17,-8,17,-9,
CSI_2,82,32,5,0,-4,28,-4,29,-2,27,-2,25,-1,25,-1,24,-1,23,0,22,1,22,2,23,4,22,4,22,4,23,3,23,2,24,2,23,2,22,1,22,1,20,1,20,0,19,0,18,0,18,0,18,-1,17,-1,4,0,0,0,0,0,0,0,0,0,0,0,0,0,0,0,0,0,0,-2,5,-5,22,-6,23,-7,24,-8,24,-9,24,-10,23,-12,23,-12,22,-12,23,-12,24,-12,25,-13,26,-13,25,-12,24,-12,23,-12,24,-11,24,-9,23,-8,23,-8,24,-8,24,-7,24,-7,24,-6,26,-7,28,-9,27,
CSI_2,28,-64,1,0,-26,8,-26,8,-23,9,-21,9,-21,10,-20,10,-19,10,-19,10,-18,10,-18,11,-18,12,-18,13,-18,13,-18,12,-19,12,-18,12,-18,12,-18,11,-17,11,-16,10,-16,9,-15,8,-15,8,-15,7,-16,7,-4,1,0,0,0,0,0,0,0,0,0,0,0,0,0,0,0,0,0,0,-5,1,-21,4,-22,3,-24,3,-24,2,-24,1,-25,0,-25,0,-24,-1,-24,-1,-24,0,-26,0,-27,-1,-26,-1,-26,-1,-25,-1,-25,-1,-25,0,-23,2,-22,3,-23,3,-23,4,-23,4,-23,5,-24,6,-25,6,-25,4,
CSI_2,82,32,5,0,-5,29,-5,28,-4,28,-4,27,-4,27,-4,27,-3,27,-2,27,-2,27,-2,27,-3,27,-3,26,-3,26,-2,25,-3,25,-4,25,-4,24,-4,23,-4,22,-4,21,-5,20,-6,19,-6,18,-6,17,-6,17,-2,4,0,0,0,0,0,0,0,0,0,0,0,0,0,0,0,0,0,0,0,3,1,12,1,13,0,14,-1,15,-1,16,0,17,0,18,0,19,-1,20,-2,21,-3,22,-3,23,-3,23,-4,23,-4,23,-3,24,-3,25,-3,26,-4,26,-4,26,-4,26,-3,27,-4,27,-6,28,-6,30,-3,32,
CSI_2,28,-64,1,0,24,4,24,4,23,2,21,1,21,1,20,1,19,0,19,-1,19,-1,19,-2,19,-3,18,-4,19,-4,19,-3,20,-3,20,-3,18,-2,17,-2,16,-2,16,-2,15,-2,15,-1,15,-1,14,-1,14,0,3,0,0,0,0,0,0,0,0,0,0,0,0,0,0,0,0,0,0,0,5,1,20,5,20,6,21,7,22,8,21,9,21,10,21,11,20,11,20,12,21,12,22,13,22,13,21,13,20,13,20,12,21,11,21,10,20,8,20,8,20,8,21,7,21,7,21,7,22,7,23,8,23,9,
CSI_2,-8,-123,95,0,9,4,11,3,9,1,9,1,13,1,15,2,14,4,12,3,12,1,11,-1,11,0,13,1,15,2,17,1,19,-1,20,-2,19,-1,20,0,19,-1,17,1,18,3,21,3,23,3,19,5,16,7,4,2,0,0,0,0,0,0,0,0,0,0,0,0,0,0,0,0,0,0,-1,2,-2,7,-1,8,1,11,2,12,2,11,3,7,3,6,2,9,2,10,2,10,2,10,5,10,7,12,7,11,7,7,7,7,6,7,4,5,5,4,8,4,10,6,12,7,12,6,11,8,8,8,5,7,
CSI_2,28,-64,1,0,27,0,27,0,25,-2,24,-2,23,-2,22,-2,21,-3,21,-4,21,-4,21,-5,21,-6,21,-7,21,-7,21,-6,22,-6,22,-6,21,-5,20,-5,19,-5,18,-4,18,-4,17,-3,17,-2,16,-2,16,-2,4,-1,0,0,0,0,0,0,0,0,0,0,0,0,0,0,0,0,0,0,5,0,21,2,22,3,23,4,23,5,23,6,22,6,22,7,22,8,22,8,23,9,24,9,25,10,24,10,23,9,23,8,23,8,23,7,22,5,22,5,23,5,23,4,23,3,23,3,25,3,26,4,27,5,
CSI_2,28,-64,1,0,-9,-7,-9,-7,-9,-7,-8,-6,-8,-6,-8,-6,-8,-5,-8,-5,-8,-5,-8,-5,-8,-4,-9,-4,-9,-4,-9,-4,-9,-5,-9,-5,-8,-5,-8,-5,-7,-5,-7,-5,-7,-5,-7,-5,-6,-5,-6,-5,-6,-5,-2,-2,0,0,0,0,0,0,0,0,0,0,0,0,0,0,0,0,0,0,-2,-2,-7,-6,-7,-6,-7,-7,-7,-8,-7,-8,-7,-8,-6,-8,-6,-8,-6,-8,-6,-9,-6,-9,-6,-10,-6,-9,-6,-9,-6,-9,-6,-9,-6,-8,-6,-8,-7,-7,-7,-7,-7,-7,-7,-7,-7,-7,-8,-8,-8,-8,-8,-8,
CSI_2,28,-64,1,0,-15,-1,-14,-1,-14,0,-13,0,-13,0,-12,0,-12,1,-11,1,-11,1,-12,1,-12,2,-11,2,-12,2,-12,2,-12,1,-12,1,-12,1,-11,1,-11,1,-10,1,-10,0,-10,0,-10,-1,-9,-1,-9,-1,-3,-1,0,0,0,0,0,0,0,0,0,0,0,0,0,0,0,0,0,0,-3,-1,-11,-2,-11,-2,-12,-3,-12,-3,-12,-4,-12,-4,-12,-4,-12,-4,-12,-4,-13,-5,-13,-6,-13,-6,-13,-6,-13,-5,-12,-5,-13,-5,-13,-5,-12,-4,-12,-3,-13,-3,-13,-3,-13,-2,-13,-2,-14,-2,-15,-2,-14,-2,
CSI_2,117,86,103,0,2,-13,4,-12,3,-14,0,-15,0,-14,3,-13,3,-12,2,-11,1,-11,0,-12,0,-13,0,-14,0,-12,0,-10,1,-10,1,-11,3,-12,2,-12,0,-13,1,-13,3,-12,3,-11,3,-12,2,-13,2,-12,0,-3,0,0,0,0,0,0,0,0,0,0,0,0,0,0,0,0,0,0,0,-1,2,-3,3,-3,4,-2,3,-2,2,-3,1,-3,2,-4,4,-4,4,-3,3,-3,3,-4,4,-6,3,-7,1,-7,2,-6,4,-7,5,-8,3,-6,2,-6,4,-6,4,-6,3,-6,4,-8,3,-10,3,-10,6,-9,-5,-9,-4,-38,12,-39,10,-40,4,-43,4,-42,5,-40,6,-41,-1,-38,-6,-42,-1,-50,4,-51,1,-47,-5,-45,-13,-42,-17,-40,-14,-43,-12,-41,-13,-42,-12,-46,-10,-44,-6,-41,-1,-39,1,-41,2,-48,5,-50,6,-49,-3,-47,-6,-39,-1,-5,-1,-1,-1,-1,0,0,0,0,0,0,-1,-3,-7,-18,-4,-15,17,-10,27,-6,23,-1,18,0,18,-4,17,-14,13,-20,13,-14,11,-8,10,-9,20,-15,22,-20,8,-22,1,-22,9,-21,18,-24,21,-27,12,-29,7,-25,17,-22,22,-30,16,-34,9,-33,6,-34,12,-34,24,-30,
CSI_2,82,32,5,0,6,-28,6,-28,5,-27,5,-27,5,-27,5,-27,4,-26,3,-26,3,-26,3,-26,3,-26,3,-25,3,-25,2,-24,3,-24,3,-24,3,-23,3,-22,3,-21,4,-20,4,-19,4,-19,5,-18,5,-17,5,-17,1,-4,0,0,0,0,0,0,0,0,0,0,0,0,0,0,0,0,0,0,-1,-4,-1,-14,0,-15,0,-16,1,-17,1,-17,0,-18,0,-19,1,-20,2,-21,3,-22,3,-23,3,-23,4,-24,5,-24,5,-24,4,-25,3,-25,4,-26,5,-26,5,-26,5,-27,4,-27,5,-28,6,-28,6,-30,5,-31,
CSI_2,28,-64,1,0,25,6,25,5,24,4,23,3,22,3,21,2,20,1,20,1,20,1,20,0,20,-1,19,-2,20,-2,20,-1,21,-1,21,-1,19,-1,18,0,17,0,17,0,16,0,16,1,15,1,14,1,14,2,3,0,0,0,0,0,0,0,0,0,0,0,0,0,0,0,0,0,0,0,5,1,20,6,21,6,22,8,22,9,21,10,21,10,21,11,20,12,20,12,21,13,22,14,22,14,21,14,20,13,20,12,21,12,21,11,20,9,21,9,21,9,22,8,22,8,22,8,23,8,24,9,24,10,
CSI_2,82,32,5,0,16,22,16,21,16,21,16,20,16,19,16,19,16,19,16,19,17,19,16,19,16,18,15,17,15,17,15,17,15,17,13,17,13,16,12,16,12,15,11,14,10,13,9,13,8,13,8,13,8,13,2,3,0,0,0,0,0,0,0,0,0,0,0,0,0,0,0,0,0,0,2,2,11,8,11,9,11,9,11,10,12,11,13,12,14,14,14,14,14,15,14,16,14,17,14,18,14,18,14,18,14,18,15,19,16,19,16,20,16,20,15,19,16,19,17,20,17,21,16,22,18,23,21,23,
CSI_2,28,-64,1,0,-5,-28,-6,-28,-7,-26,-7,-25,-7,-24,-7,-23,-7,-21,-8,-21,-8,-21,-8,-21,-9,-20,-10,-20,-10,-20,-9,-20,-9,-21,-9,-21,-9,-20,-8,-19,-8,-18,-7,-17,-7,-17,-6,-16,-5,-16,-5,-16,-4,-15,-1,-4,0,0,0,0,0,0,0,0,0,0,0,0,0,0,0,0,0,0,-1,-6,-3,-22,-2,-23,-2,-24,-1,-25,0,-25,1,-25,2,-25,2,-25,3,-25,3,-26,3,-27,4,-28,4,-27,4,-26,3,-25,2,-26,1,-26,0,-24,-1,-24,-1,-25,-2,-25,-2,-25,-2,-25,-2,-26,-2,-28,0,-28,
CSI_2,82,32,5,0,28,3,27,3,27,3,26,3,26,2,26,2,26,2,25,2,25,2,25,1,24,1,23,0,23,0,23,1,23,1,22,1,22,2,21,2,20,2,19,2,18,2,17,2,17,2,16,3,15,3,3,0,0,0,0,0,0,0,0,0,0,0,0,0,0,0,0,0,0,0,3,-1,14,-1,14,-1,15,-1,16,-1,17,-1,18,0,18,1,20,1,21,1,21,2,22,3,22,3,23,3,24,3,24,3,24,3,25,4,25,3,26,3,26,2,27,2,27,3,27,4,28,4,30,3,31,2,
CSI_2,-8,-123,95,0,8,-14,7,-14,7,-15,7,-16,7,-16,5,-14,5,-12,7,-12,10,-15,9,-17,5,-19,4,-18,5,-17,8,-17,10,-15,8,-14,10,-16,12,-15,13,-14,12,-15,10,-15,9,-13,10,-13,11,-14,11,-15,2,-4,0,0,0,0,0,0,0,0,0,0,0,0,0,0,0,0,0,0,3,0,12,2,9,3,7,4,7,4,8,2,8,1,9,2,9,2,8,-1,6,-3,6,-3,6,-2,5,-2,5,-3,4,-6,4,-8,6,-9,5,-8,4,-7,4,-8,3,-9,4,-10,6,-10,5,-11,7,-13,10,-13,
CSI_2,28,-64,1,0,25,-8,25,-9,24,-10,22,-10,22,-9,21,-9,20,-9,19,-10,19,-10,19,-11,18,-12,17,-12,17,-12,17,-12,18,-12,19,-11,18,-11,17,-10,16,-9,15,-9,15,-8,15,-7,15,-7,14,-6,13,-6,3,-2,0,0,0,0,0,0,0,0,0,0,0,0,0,0,0,0,0,0,5,-1,20,-4,20,-3,22,-3,23,-2,22,-1,23,-1,23,0,23,1,23,1,24,1,26,2,26,2,25,2,24,1,24,1,24,0,24,-1,23,-3,23,-3,23,-3,23,-3,23,-4,23,-4,25,-5,26,-4,27,-3,
CSI_2,28,-64,1,0,-8,10,-8,10,-7,10,-6,10,-6,9,-6,9,-5,9,-4,9,-5,9,-5,9,-4,9,-4,9,-4,9,-4,9,-4,9,-4,9,-4,9,-4,8,-4,8,-4,7,-4,7,-4,7,-4,7,-4,6,-4,6,-1,1,0,0,0,0,0,0,0,0,0,0,0,0,0,0,0,0,0,0,-2,2,-7,9,-7,8,-8,8,-9,8,-9,8,-9,8,-10,8,-10,7,-10,7,-11,8,-11,8,-11,8,-11,8,-11,7,-11,7,-11,8,-10,8,-9,8,-9,8,-9,8,-9,8,-8,8,-8,9,-9,9,-9,10,-9,9,
CSI_2,28,-64,1,0,-20,15,-19,15,-18,15,-16,15,-16,14,-16,14,-14,14,-14,14,-14,14,-14,14,-13,15,-12,15,-12,15,-13,15,-14,15,-14,15,-13,14,-13,13,-12,12,-12,11,-12,11,-12,10,-12,9,-12,9,-12,8,-3,2,0,0,0,0,0,0,0,0,0,0,0,0,0,0,0,0,0,0,-4,3,-15,13,-15,13,-17,13,-18,13,-19,12,-19,12,-20,11,-20,10,-21,10,-22,10,-23,10,-23,10,-23,9,-22,9,-21,9,-22,10,-21,10,-19,11,-19,11,-19,11,-19,12,-19,12,-19,12,-21,13,-21,14,-21,14,
CSI_2,-8,-123,95,0,-7,7,-7,7,-8,5,-8,6,-7,8,-3,9,-4,7,-6,5,-3,5,-2,4,-4,5,-4,7,-5,6,-3,3,1,4,2,7,-1,7,-3,8,-2,8,-2,8,-3,6,-3,5,-2,5,-3,5,-4,6,-2,1,0,0,0,0,0,0,0,0,0,0,0,0,0,0,0,0,0,0,-2,0,-8,2,-9,2,-10,3,-10,3,-7,3,-6,3,-7,4,-6,4,-5,2,-7,2,-8,3,-7,4,-9,4,-11,3,-10,2,-10,2,-8,3,-6,4,-7,4,-7,4,-7,4,-7,6,-4,9,-3,8,-4,6,-6,5,
CSI_2,82,32,5,0,-26,8,-25,8,-24,7,-24,8,-23,9,-23,9,-22,9,-22,8,-21,8,-21,8,-21,9,-20,9,-20,9,-20,8,-20,8,-19,8,-18,7,-18,6,-17,6,-17,6,-16,6,-16,5,-15,5,-15,4,-14,3,-4,0,0,0,0,0,0,0,0,0,0,0,0,0,0,0,0,0,0,0,-4,1,-14,7,-15,7,-16,7,-17,8,-17,7,-18,7,-19,7,-20,7,-21,7,-22,7,-22,6,-22,6,-23,6,-23,7,-24,6,-24,6,-24,6,-24,7,-25,7,-25,8,-25,8,-25,8,-25,7,-26,7,-27,8,-28,10,
CSI_2,28,-64,1,0,-24,15,-24,16,-22,16,-20,15,-20,15,-19,14,-18,14,-17,15,-17,15,-16,15,-15,16,-15,17,-15,17,-15,17,-16,17,-16,17,-15,16,-15,15,-14,14,-14,13,-14,12,-13,12,-13,12,-13,11,-13,10,-4,2,0,0,0,0,0,0,0,0,0,0,0,0,0,0,0,0,0,0,-5,2,-19,10,-20,10,-21,10,-23,9,-23,8,-23,8,-24,7,-24,6,-24,6,-25,6,-26,6,-27,6,-27,6,-26,6,-25,6,-26,7,-25,8,-23,8,-23,9,-23,9,-23,10,-23,10,-22,11,-24,12,-25,11,-26,9,
CSI_2,28,-64,1,0,25,1,25,0,24,-1,22,-2,22,-2,21,-2,20,-3,19,-4,20,-4,20,-4,19,-5,19,-6,19,-6,20,-6,20,-5,21,-5,20,-5,18,-4,18,-4,17,-4,17,-3,16,-2,16,-2,16,-1,15,-1,3,-1,0,0,0,0,0,0,0,0,0,0,0,0,0,0,0,0,0,0,5,0,21,1,22,2,23,3,24,4,23,5,23,6,23,7,22,7,22,8,23,8,24,9,24,10,23,10,22,9,22,8,22,8,22,7,21,5,21,4,22,4,22,4,22,3,22,3,23,3,24,4,24,6,
CSI_2,-8,-123,95,0,8,-4,8,-4,6,-4,6,-4,5,-4,6,-3,6,-3,3,-5,3,-6,3,-6,2,-6,2,-4,2,-6,2,-9,2,-10,4,-9,8,-9,5,-9,-3,-8,-2,-8,3,-7,5,-7,4,-7,1,-8,3,-9,1,-3,0,0,0,0,0,0,0,0,0,0,0,0,0,0,0,0,0,0,2,0,8,1,10,4,11,6,11,6,9,6,8,6,9,4,8,1,7,0,8,-1,6,-1,5,0,6,2,5,4,5,4,7,3,6,2,5,-1,5,0,5,2,6,1,5,1,5,0,7,2,8,4,10,4,
CSI_2,28,-64,1,0,-25,-9,-26,-8,-25,-7,-24,-6,-23,-6,-22,-6,-21,-5,-21,-4,-22,-4,-22,-3,-22,-2,-22,-1,-22,-1,-22,-2,-23,-2,-23,-3,-22,-3,-21,-3,-20,-3,-19,-3,-19,-4,-18,-4,-18,-5,-17,-5,-17,-5,-4,-2,0,0,0,0,0,0,0,0,0,0,0,0,0,0,0,0,0,0,-5,-2,-19,-9,-19,-9,-20,-11,-20,-12,-19,-12,-19,-13,-19,-14,-18,-14,-18,-15,-19,-15,-20,-16,-20,-17,-19,-17,-18,-16,-18,-15,-20,-15,-20,-13,-19,-12,-20,-11,-20,-11,-20,-11,-21,-11,-21,-10,-23,-11,-24,-12,-23,-13,
CSI_2,28,-64,1,0,-28,-8,-28,-7,-27,-6,-25,-5,-25,-4,-24,-4,-23,-3,-23,-2,-23,-2,-24,-1,-23,0,-23,1,-23,1,-23,0,-24,0,-24,-1,-23,-1,-22,-1,-21,-1,-20,-1,-20,-1,-19,-2,-19,-2,-18,-3,-17,-3,-5,-1,0,0,0,0,0,0,0,0,0,0,0,0,0,0,0,0,0,0,-6,-2,-21,-8,-22,-8,-23,-10,-23,-11,-23,-12,-22,-12,-22,-13,-21,-14,-22,-14,-23,-15,-24,-16,-24,-16,-23,-16,-22,-15,-22,-15,-23,-15,-23,-13,-22,-11,-22,-11,-23,-11,-23,-10,-24,-10,-24,-10,-25,-10,-27,-11,-26,-12,
CSI_2,82,32,5,0,-20,22,-20,22,-19,21,-19,21,-18,22,-18,22,-17,21,-16,21,-16,21,-16,21,-16,21,-15,21,-15,20,-15,20,-15,19,-15,19,-14,18,-14,17,-13,16,-14,15,-14,15,-14,14,-13,13,-13,12,-13,11,-4,2,0,0,0,0,0,0,0,0,0,0,0,0,0,0,0,0,0,0,-2,3,-9,14,-9,15,-11,15,-12,16,-12,16,-13,17,-13,17,-14,18,-15,18,-17,19,-17,18,-18,19,-18,19,-19,19,-19,19,-18,19,-18,20,-19,20,-20,21,-20,21,-19,22,-19,22,-20,21,-21,22,-21,24,-20,25,
CSI_2,28,-64,1,0,-10,8,-10,8,-9,8,-9,8,-9,8,-8,7,-8,7,-7,7,-7,8,-7,8,-6,8,-6,8,-6,8,-6,8,-7,9,-7,8,-7,8,-6,7,-6,7,-6,7,-6,6,-6,6,-6,6,-6,6,-6,5,-2,1,0,0,0,0,0,0,0,0,0,0,0,0,0,0,0,0,0,0,-3,1,-9,6,-9,6,-10,6,-10,6,-10,5,-11,5,-11,5,-11,4,-12,4,-12,4,-13,4,-13,4,-12,4,-12,4,-12,4,-12,5,-11,5,-10,5,-10,5,-11,5,-11,5,-10,6,-10,6,-11,7,-11,7,-12,6,
CSI_2,-117,-80,8,0,-27,-10,-24,-9,-23,-7,-22,-7,-20,-7,-19,-7,-20,-5,-18,-4,-16,-7,-18,-9,-20,-8,-19,-6,-15,-6,-15,-7,-16,-6,-17,-6,-15,-8,-13,-7,-14,-6,-14,-6,-12,-4,-11,-4,-11,-4,-12,-5,-14,-6,-4,-2,0,0,0,0,0,0,0,0,0,0,0,0,0,0,0,0,0,0,-1,-2,-4,-6,-5,-10,-7,-11,-7,-9,-7,-9,-7,-10,-8,-12,-10,-14,-11,-15,-13,-14,-14,-14,-13,-18,-12,-17,-15,-13,-18,-14,-18,-15,-18,-13,-19,-13,-17,-14,-18,-13,-21,-10,-22,-10,-23,-9,-26,-7,-29,-9,-29,-14,
CSI_2,-126,32,8,0,25,9,22,9,22,8,22,6,22,4,20,3,20,1,21,2,21,6,19,5,19,2,18,3,18,3,17,3,16,2,15,3,13,4,12,4,15,4,17,3,14,2,13,1,14,-1,14,-1,14,1,3,0,0,0,0,0,0,0,0,0,0,0,0,0,0,0,0,0,0,0,1,1,6,5,4,4,5,5,6,9,6,12,4,12,4,13,6,11,7,11,9,15,11,16,9,14,7,13,9,14,13,14,14,15,12,18,13,17,19,13,22,12,21,13,22,11,25,9,24,8,21,10,18,13,
CSI_2,-8,-123,95,0,-11,-6,-8,-8,-6,-8,-8,-6,-11,-6,-12,-6,-13,-5,-14,-4,-15,-3,-14,-2,-11,-2,-11,-2,-11,-2,-12,-2,-14,-3,-12,-2,-11,-1,-13,-1,-12,-1,-10,-1,-9,-3,-9,-2,-10,-1,-9,-3,-8,-4,-2,-1,0,0,0,0,0,0,0,0,0,0,0,0,0,0,0,0,0,0,-1,-3,-2,-12,-1,-10,0,-9,0,-9,-1,-9,-3,-10,-2,-11,-1,-11,0,-11,-1,-12,-1,-11,-1,-10,-2,-10,-2,-10,-1,-10,-2,-8,-5,-5,-6,-5,-5,-6,-5,-7,-6,-8,-6,-8,-6,-7,-6,-6,-7,-7,-8,-9,
CSI_2,82,32,5,0,-26,-1,-26,0,-25,1,-23,1,-23,1,-22,1,-21,2,-20,2,-21,2,-21,3,-20,5,-20,6,-20,5,-20,5,-21,5,-20,4,-19,4,-18,3,-17,3,-17,3,-16,2,-16,2,-16,2,-15,2,-14,1,-4,0,0,0,0,0,0,0,0,0,0,0,0,0,0,0,0,0,0,0,-6,-1,-22,-2,-22,-3,-24,-4,-24,-5,-23,-6,-23,-7,-23,-8,-23,-8,-23,-9,-24,-9,-25,-9,-25,-10,-24,-10,-24,-9,-23,-9,-24,-8,-24,-7,-23,-6,-23,-5,-23,-5,-23,-5,-23,-4,-23,-4,-25,-4,-26,-4,-26,-6,
CSI_2,82,32,5,0,-5,23,-5,22,-4,22,-4,22,-4,22,-4,22,-3,22,-3,22,-4,22,-4,23,-4,23,-4,22,-4,22,-4,21,-5,21,-6,20,-6,19,-5,19,-6,18,-7,17,-7,16,-8,15,-8,14,-8,13,-7,12,-2,3,0,0,0,0,0,0,0,0,0,0,0,0,0,0,0,0,0,0,-1,4,-2,17,-2,18,-3,18,-4,18,-4,19,-4,19,-4,20,-5,20,-6,20,-7,21,-7,21,-7,21,-8,20,-8,20,-8,20,-6,20,-5,20,-5,21,-6,21,-6,21,-6,21,-5,22,-6,23,-7,24,-6,26,-3,27,
CSI_2,28,-64,1,0,4,-26,4,-26,3,-25,2,-23,1,-22,1,-22,0,-21,-1,-21,0,-21,-1,-21,-2,-20,-3,-20,-3,-20,-3,-20,-2,-21,-2,-21,-2,-19,-2,-18,-2,-17,-2,-17,-2,-16,-1,-16,-1,-15,0,-15,0,-14,0,-4,0,0,0,0,0,0,0,0,0,0,0,0,0,0,0,0,0,0,1,-6,5,-22,6,-22,7,-24,9,-24,9,-23,10,-23,11,-23,11,-22,12,-22,12,-23,14,-24,14,-24,14,-23,13,-22,12,-22,12,-23,11,-23,9,-22,8,-22,8,-22,8,-23,7,-23,7,-23,7,-24,8,-24,10,-24,
CSI_2,82,32,5,0,-12,24,-11,23,-10,23,-10,23,-10,24,-10,23,-9,23,-9,23,-9,24,-10,24,-9,24,-9,23,-9,23,-9,23,-10,22,-11,22,-11,21,-11,19,-11,19,-11,17,-12,16,-12,16,-12,15,-12,13,-12,12,-3,3,0,0,0,0,0,0,0,0,0,0,0,0,0,0,0,0,0,0,-2,4,-5,17,-5,17,-6,18,-7,19,-7,19,-8,20,-9,20,-9,20,-10,21,-12,22,-12,22,-11,22,-12,21,-13,21,-12,21,-11,21,-10,21,-11,23,-12,23,-13,22,-12,22,-12,23,-13,23,-14,24,-13,27,-11,30,
CSI_2,-117,-80,8,0,21,-26,19,-25,17,-23,17,-23,19,-25,20,-25,19,-24,18,-22,17,-21,15,-20,15,-20,15,-20,16,-19,16,-16,15,-15,14,-16,15,-14,15,-11,14,-10,13,-10,12,-9,12,-7,13,-6,12,-5,10,-5,2,-1,0,0,0,0,0,0,0,0,0,0,0,0,0,0,0,0,0,0,0,-3,4,-9,5,-9,6,-9,6,-11,7,-12,7,-12,7,-13,8,-14,10,-15,10,-17,12,-17,15,-18,15,-19,14,-21,14,-22,14,-26,14,-32,14,-32,14,-28,16,-26,17,-27,17,-27,17,-26,18,-27,19,-28,19,-29,
CSI_2,-126,32,8,0,-10,33,-10,31,-10,30,-10,30,-9,29,-7,28,-7,29,-7,26,-7,24,-8,26,-9,27,-11,26,-12,24,-11,22,-9,20,-9,18,-9,16,-8,15,-7,14,-9,14,-10,13,-9,13,-9,12,-9,10,-8,8,-2,2,0,0,0,0,0,0,0,0,0,0,0,0,0,0,0,0,0,0,-1,2,-3,10,-2,10,-2,11,-3,12,-4,13,-4,14,-5,16,-6,16,-7,17,-8,19,-9,20,-9,21,-8,22,-8,22,-8,22,-7,19,-8,19,-10,24,-10,27,-11,28,-10,29,-8,30,-9,31,-10,31,-11,32,-11,35,
CSI_2,82,32,5,0,1,-17,1,-16,0,-16,1,-15,0,-15,0,-16,0,-15,-1,-16,-1,-16,0,-16,-1,-16,0,-15,0,-15,-1,-15,0,-15,1,-15,1,-14,1,-14,1,-13,2,-13,3,-12,3,-11,3,-11,3,-11,3,-10,0,-3,0,0,0,0,0,0,0,0,0,0,0,0,0,0,0,0,0,0,-1,-3,-1,-11,-1,-11,-1,-11,0,-12,0,-12,0,-13,0,-13,1,-13,1,-14,2,-14,2,-14,2,-14,2,-14,2,-14,2,-14,1,-14,0,-15,1,-15,1,-15,2,-15,1,-15,1,-16,1,-16,2,-17,1,-18,-1,-18,
CSI_2,82,32,5,0,-1,-27,-2,-26,-2,-26,-2,-26,-2,-26,-1,-26,-2,-26,-3,-27,-2,-27,-2,-28,-2,-28,-2,-27,-2,-26,-2,-26,-1,-26,0,-26,1,-25,0,-24,1,-23,2,-22,3,-21,4,-21,4,-20,4,-19,4,-18,1,-5,0,0,0,0,0,0,0,0,0,0,0,0,0,0,0,0,0,0,-1,-4,-2,-15,-2,-15,-1,-15,-1,-16,-1,-17,-1,-17,-1,-18,-1,-19,0,-20,0,-20,0,-21,0,-21,1,-21,2,-21,1,-21,-1,-21,-2,-22,-2,-24,-1,-24,0,-24,-1,-24,-1,-25,0,-26,0,-28,-1,-30,-4,-31,
CSI_2,28,-64,1,0,-18,-20,-19,-19,-19,-17,-18,-16,-18,-16,-17,-15,-17,-13,-17,-13,-17,-13,-18,-13,-19,-11,-19,-10,-19,-10,-19,-11,-19,-11,-19,-11,-18,-11,-17,-10,-17,-10,-16,-10,-16,-10,-15,-10,-15,-10,-15,-10,-14,-10,-4,-3,0,0,0,0,0,0,0,0,0,0,0,0,0,0,0,0,0,0,-5,-5,-17,-17,-16,-18,-17,-20,-16,-21,-15,-21,-14,-22,-13,-23,-12,-23,-12,-23,-13,-24,-13,-25,-12,-26,-12,-25,-11,-24,-11,-23,-12,-24,-13,-23,-13,-21,-13,-20,-14,-21,-14,-20,-14,-20,-14,-20,-15,-21,-16,-22,-15,-23,
CSI_2,28,-64,1,0,5,-23,5,-24,4,-23,3,-22,3,-21,3,-21,2,-20,1,-20,1,-21,0,-21,-1,-21,-2,-21,-1,-21,-1,-22,0,-22,0,-22,0,-21,0,-20,0,-19,1,-19,1,-19,2,-18,2,-18,3,-18,3,-17,0,-5,0,0,0,0,0,0,0,0,0,0,0,0,0,0,0,0,0,0,1,-5,6,-17,7,-18,8,-18,9,-18,9,-18,10,-17,11,-17,11,-17,11,-17,12,-17,12,-18,13,-18,13,-18,12,-17,12,-17,11,-18,10,-18,9,-17,8,-18,8,-18,8,-19,8,-19,7,-19,7,-20,8,-21,10,-21,
CSI_2,69,80,4,0,7,-4,5,-4,4,-3,5,-4,6,-6,6,-6,6,-4,7,-3,7,-4,6,-4,4,-5,4,-6,4,-4,4,-3,4,-3,4,-2,5,-2,6,-2,6,-2,4,-2,4,-2,5,-1,5,1,5,1,5,1,1,0,0,0,0,0,0,0,0,0,0,0,0,0,0,0,0,0,0,0,0,-1,1,-2,0,-4,0,-4,-1,-2,0,-2,2,-4,4,-4,4,-4,2,-4,1,-4,-1,-5,0,-6,2,-5,1,-4,-2,-3,-1,-4,1,-6,2,-7,2,-6,3,-5,2,-5,2,-7,3,-7,4,-8,2,-12,1,-16,
CSI_2,-8,-123,95,0,-11,-8,-10,-5,-10,-2,-9,-1,-7,1,-7,3,-7,3,-5,2,-5,1,-6,0,-5,0,-6,2,-8,3,-6,2,-4,2,-4,3,-4,4,-8,4,-9,3,-8,2,-6,2,-5,3,-8,3,-10,2,-10,1,-3,0,0,0,0,0,0,0,0,0,0,0,0,0,0,0,0,0,0,0,-4,-1,-15,-3,-17,-3,-18,-5,-17,-6,-17,-7,-17,-7,-18,-6,-17,-6,-15,-9,-15,-10,-16,-9,-15,-11,-16,-12,-16,-11,-15,-11,-15,-11,-14,-9,-13,-6,-9,-5,-8,-6,-12,-6,-12,-5,-11,-3,-11,-3,-10,-4,-10,-5,
CSI_2,28,-64,1,0,-1,-27,-2,-26,-3,-25,-3,-23,-4,-23,-4,-22,-5,-21,-6,-21,-6,-21,-6,-21,-8,-20,-9,-20,-8,-21,-8,-21,-8,-22,-8,-22,-7,-21,-7,-20,-7,-19,-6,-19,-6,-19,-5,-18,-5,-18,-4,-18,-4,-17,-1,-5,0,0,0,0,0,0,0,0,0,0,0,0,0,0,0,0,0,0,0,-6,2,-21,3,-21,3,-23,4,-23,5,-23,6,-22,7,-22,7,-22,8,-22,8,-23,8,-24,9,-24,9,-24,8,-23,8,-23,7,-23,6,-23,4,-22,4,-22,3,-22,3,-23,2,-23,2,-23,2,-24,2,-25,4,-25,
CSI_2,82,32,5,0,19,-24,18,-23,17,-22,17,-22,17,-23,16,-23,15,-22,14,-22,14,-22,14,-22,13,-22,13,-22,13,-22,12,-21,12,-21,13,-20,12,-19,12,-18,11,-18,11,-17,12,-17,12,-16,11,-15,11,-14,11,-13,2,-4,0,0,0,0,0,0,0,0,0,0,0,0,0,0,0,0,0,0,1,-4,8,-16,8,-16,9,-17,10,-18,11,-18,11,-18,12,-19,13,-20,14,-20,16,-20,16,-20,17,-20,18,-21,18,-21,18,-21,17,-21,17,-21,18,-22,19,-22,19,-22,18,-23,18,-23,19,-22,20,-23,20,-24,20,-26,
CSI_2,28,-64,1,0,-26,-8,-25,-8,-25,-8,-24,-7,-25,-6,-25,-6,-24,-6,-25,-6,-26,-7,-26,-7,-25,-6,-24,-5,-24,-6,-24,-6,-24,-7,-23,-7,-22,-8,-21,-9,-20,-9,-19,-9,-18,-8,-17,-8,-17,-9,-16,-10,-15,-10,-4,-3,0,0,0,0,0,0,0,0,0,0,0,0,0,0,0,0,0,0,-4,-1,-15,-4,-15,-5,-15,-5,-16,-5,-16,-6,-17,-7,-17,-7,-18,-8,-18,-8,-19,-8,-19,-9,-19,-9,-20,-9,-19,-8,-20,-8,-21,-8,-21,-8,-22,-8,-22,-8,-22,-7,-22,-6,-23,-7,-24,-9,-25,-10,-28,-8,-30,-6,
CSI_2,28,-64,1,0,-7,-11,-7,-10,-7,-10,-7,-10,-7,-10,-7,-10,-7,-10,-8,-10,-8,-10,-8,-11,-8,-10,-7,-10,-7,-9,-7,-10,-7,-10,-6,-10,-6,-10,-6,-9,-5,-9,-5,-9,-4,-9,-4,-8,-4,-8,-3,-8,-3,-9,-1,-3,0,0,0,0,0,0,0,0,0,0,0,0,0,0,0,0,0,0,-1,-2,-4,-6,-4,-7,-4,-7,-4,-7,-4,-8,-5,-8,-5,-9,-5,-9,-5,-9,-4,-9,-5,-10,-5,-10,-4,-9,-4,-9,-4,-9,-5,-9,-6,-9,-6,-10,-6,-10,-5,-10,-6,-10,-6,-10,-6,-11,-7,-11,-8,-11,-9,-11,
CSI_2,28,-64,1,0,19,12,18,12,18,12,18,11,18,10,18,10,18,10,18,10,19,11,19,11,18,10,16,9,17,10,17,11,17,11,16,11,16,12,15,12,14,12,13,11,12,11,11,11,10,11,9,11,9,12,2,3,0,0,0,0,0,0,0,0,0,0,0,0,0,0,0,0,0,0,3,1,12,5,12,5,12,6,12,6,13,7,13,8,14,9,14,10,15,10,14,10,14,11,15,11,15,11,15,11,15,11,16,11,16,11,17,11,17,11,16,11,16,10,17,11,18,13,19,13,21,12,23,10,
CSI_2,28,-64,1,0,-23,-12,-23,-12,-23,-11,-22,-11,-23,-10,-23,-10,-22,-10,-23,-10,-24,-11,-24,-11,-23,-10,-22,-9,-22,-9,-23,-10,-22,-10,-21,-10,-20,-11,-19,-11,-19,-11,-18,-11,-16,-10,-16,-10,-15,-10,-14,-11,-13,-11,-4,-3,0,0,0,0,0,0,0,0,0,0,0,0,0,0,0,0,0,0,-4,-2,-15,-7,-14,-7,-14,-7,-15,-8,-16,-8,-16,-10,-17,-11,-17,-11,-17,-11,-18,-11,-18,-12,-18,-13,-18,-12,-18,-12,-18,-12,-19,-12,-20,-12,-21,-12,-21,-12,-20,-11,-21,-11,-22,-12,-22,-13,-23,-13,-25,-13,-28,-12,
CSI_2,28,-64,1,0,-24,13,-23,13,-22,12,-22,13,-22,14,-22,14,-21,13,-21,13,-22,13,-22,13,-22,14,-21,13,-21,13,-21,13,-21,12,-21,12,-21,10,-20,9,-20,8,-19,8,-19,7,-19,6,-18,5,-18,4,-18,3,-5,0,0,0,0,0,0,0,0,0,0,0,0,0,0,0,0,0,0,0,-3,2,-13,9,-13,9,-14,9,-15,10,-15,10,-16,9,-17,9,-17,9,-18,10,-20,9,-20,9,-20,9,-20,9,-20,9,-20,9,-20,10,-20,10,-21,11,-22,12,-22,11,-21,12,-22,13,-23,11,-25,12,-26,15,-25,18,
CSI_2,28,-64,1,0,-27,-5,-26,-4,-26,-5,-26,-4,-26,-3,-26,-3,-25,-3,-26,-3,-27,-4,-27,-4,-26,-3,-24,-3,-24,-3,-25,-4,-25,-4,-24,-5,-23,-5,-23,-6,-21,-7,-21,-7,-19,-7,-18,-7,-18,-7,-17,-8,-17,-9,-4,-3,0,0,0,0,0,0,0,0,0,0,0,0,0,0,0,0,0,0,-4,-1,-16,-1,-16,-1,-16,-1,-17,-2,-18,-2,-19,-3,-20,-4,-20,-4,-21,-5,-21,-5,-21,-6,-22,-6,-22,-6,-22,-5,-22,-5,-23,-5,-23,-5,-24,-5,-24,-5,-24,-4,-24,-3,-25,-4,-26,-6,-27,-6,-29,-4,-31,-2,
CSI_2,28,-64,1,0,-15,23,-14,23,-13,22,-13,22,-13,23,-13,23,-12,22,-12,23,-13,23,-13,23,-13,23,-13,22,-12,22,-13,21,-13,21,-14,20,-14,19,-14,18,-14,17,-14,16,-15,15,-15,14,-15,13,-14,12,-14,11,-4,2,0,0,0,0,0,0,0,0,0,0,0,0,0,0,0,0,0,0,-2,4,-5,16,-6,16,-7,16,-7,17,-8,17,-8,18,-9,18,-9,19,-10,19,-12,20,-11,20,-11,20,-12,20,-13,19,-13,19,-11,20,-11,20,-12,22,-13,22,-13,21,-13,22,-13,22,-14,23,-16,24,-15,26,-13,29,
CSI_2,28,-64,1,0,10,-5,10,-5,10,-5,9,-5,9,-5,9,-6,9,-5,9,-5,9,-6,9,-6,9,-6,8,-5,8,-5,8,-5,9,-5,9,-4,9,-4,9,-3,8,-3,8,-3,8,-3,8,-2,8,-2,7,-1,7,-1,1,-1,0,0,0,0,0,0,0,0,0,0,0,0,0,0,0,0,0,0,1,-1,6,-4,6,-4,6,-4,6,-4,7,-4,7,-4,7,-4,8,-4,8,-4,8,-4,9,-4,9,-4,9,-4,9,-4,9,-4,8,-4,8,-4,9,-4,9,-5,9,-4,9,-5,9,-5,10,-4,10,-5,11,-6,10,-7,
CSI_2,28,-64,1,0,-8,-24,-9,-23,-9,-23,-9,-23,-9,-23,-8,-23,-9,-22,-10,-23,-10,-24,-10,-24,-10,-23,-10,-23,-10,-22,-10,-22,-9,-22,-7,-22,-7,-22,-7,-21,-6,-21,-5,-20,-4,-19,-3,-19,-3,-18,-3,-18,-2,-17,-1,-5,0,0,0,0,0,0,0,0,0,0,0,0,0,0,0,0,0,0,-2,-4,-7,-16,-7,-16,-6,-16,-6,-17,-6,-17,-7,-18,-7,-19,-6,-20,-6,-20,-6,-21,-6,-21,-6,-21,-5,-21,-4,-21,-5,-21,-6,-21,-7,-22,-8,-22,-7,-22,-6,-22,-7,-22,-8,-23,-8,-24,-7,-25,-9,-26,-12,-27,
CSI_2,28,-64,1,0,-2,17,-2,16,-2,16,-2,16,-1,16,-1,16,-1,16,0,16,0,16,0,16,-1,16,-1,15,-1,15,-1,15,-1,15,-2,15,-2,15,-2,14,-2,13,-3,12,-3,12,-4,11,-4,11,-4,10,-4,10,-1,2,0,0,0,0,0,0,0,0,0,0,0,0,0,0,0,0,0,0,0,2,0,10,0,10,-1,10,-1,11,-1,11,-1,12,-1,12,-2,12,-2,13,-3,13,-3,14,-3,14,-3,14,-3,14,-3,14,-2,14,-2,14,-2,15,-2,15,-3,15,-2,15,-2,16,-2,16,-3,17,-1,18,1,19,
CSI_2,28,-64,1,0,-1,-28,-2,-27,-2,-27,-2,-27,-2,-28,-2,-27,-3,-27,-4,-27,-3,-28,-2,-29,-3,-28,-3,-27,-3,-26,-3,-27,-2,-26,-1,-26,0,-25,-1,-24,0,-24,1,-23,2,-21,3,-21,3,-20,3,-19,4,-18,1,-5,0,0,0,0,0,0,0,0,0,0,0,0,0,0,0,0,0,0,-1,-5,-3,-17,-2,-18,-2,-18,-1,-19,-2,-20,-2,-21,-2,-22,-1,-23,-1,-23,0,-24,0,-24,1,-24,2,-24,2,-24,1,-24,-1,-24,-2,-25,-2,-26,-1,-27,0,-26,0,-26,-1,-27,0,-28,1,-29,-1,-31,-4,-33,
CSI_2,28,-64,1,0,26,-2,25,-2,25,-2,25,-3,25,-4,25,-4,25,-4,25,-3,26,-3,26,-3,25,-4,23,-4,23,-4,24,-3,24,-2,24,-1,23,0,22,0,21,1,21,1,19,1,19,2,18,3,17,4,17,4,4,1,0,0,0,0,0,0,0,0,0,0,0,0,0,0,0,0,0,0,4,-1,16,-4,16,-4,17,-4,17,-4,19,-3,19,-2,20,-1,21,-1,21,-1,22,-1,22,0,23,0,23,-1,22,-1,22,-1,23,-1,23,-1,24,-2,24,-2,24,-2,24,-3,25,-3,26,-1,27,-1,29,-4,31,-6,
CSI_2,28,-64,1,0,-7,-11,-7,-11,-7,-11,-7,-10,-7,-10,-7,-10,-7,-10,-7,-11,-8,-11,-8,-11,-8,-10,-7,-10,-7,-10,-7,-10,-7,-10,-6,-11,-6,-11,-5,-11,-5,-10,-4,-10,-4,-10,-3,-9,-3,-9,-3,-9,-2,-9,-1,-3,0,0,0,0,0,0,0,0,0,0,0,0,0,0,0,0,0,0,-2,-2,-6,-6,-5,-6,-5,-7,-5,-7,-5,-8,-6,-8,-6,-8,-5,-9,-5,-9,-5,-9,-5,-10,-6,-10,-5,-10,-5,-9,-5,-9,-6,-10,-6,-10,-6,-10,-6,-10,-6,-10,-6,-10,-7,-10,-7,-11,-7,-12,-8,-11,-9,-11,
CSI_2,28,-64,1,0,6,10,6,10,6,9,6,9,6,9,6,9,6,9,7,9,7,9,7,9,7,9,6,9,6,9,6,9,6,9,6,9,5,9,5,9,4,9,4,8,3,8,3,8,2,8,2,8,2,8,0,2,0,0,0,0,0,0,0,0,0,0,0,0,0,0,0,0,0,0,1,1,4,5,4,5,4,5,4,6,4,6,4,7,5,7,5,7,5,8,4,8,4,8,5,9,5,8,4,8,4,8,5,8,6,9,6,9,5,9,5,9,5,9,6,9,6,10,6,10,7,10,9,10,
CSI_2,28,-64,1,0,14,14,14,14,15,14,14,13,15,13,15,13,14,12,15,12,16,13,16,13,15,12,14,12,14,12,15,12,15,12,14,13,13,13,13,13,12,12,11,12,9,12,9,11,8,11,8,11,7,12,1,3,0,0,0,0,0,0,0,0,0,0,0,0,0,0,0,0,0,0,2,2,10,8,10,8,10,9,9,9,10,10,11,11,11,12,11,13,11,13,11,14,11,14,11,14,11,14,10,13,11,13,12,13,12,14,13,14,13,14,12,13,12,13,13,13,14,15,14,15,16,15,19,14,
CSI_2,28,-64,1,0,3,-31,2,-30,1,-30,2,-29,2,-30,2,-30,1,-29,0,-30,1,-31,1,-31,1,-31,1,-30,1,-29,1,-30,2,-29,3,-29,4,-28,4,-26,4,-26,5,-24,6,-23,7,-22,7,-21,7,-20,7,-19,2,-5,0,0,0,0,0,0,0,0,0,0,0,0,0,0,0,0,0,0,-1,-5,-1,-19,-1,-19,0,-19,1,-20,1,-21,0,-22,1,-23,2,-24,2,-24,3,-25,3,-26,3,-26,4,-25,5,-25,4,-25,2,-25,1,-26,1,-28,3,-28,4,-27,3,-27,2,-29,3,-30,5,-31,3,-34,0,-36,
CSI_2,28,-64,1,0,5,-28,5,-28,4,-28,4,-28,5,-28,5,-28,4,-28,3,-28,4,-29,5,-29,5,-28,5,-28,5,-27,5,-27,6,-26,7,-26,7,-25,7,-24,7,-23,8,-21,9,-21,10,-20,10,-19,9,-17,9,-16,2,-4,0,0,0,0,0,0,0,0,0,0,0,0,0,0,0,0,0,0,0,-5,0,-17,1,-17,1,-18,2,-18,2,-19,2,-19,2,-20,3,-21,3,-22,4,-23,4,-23,4,-22,6,-22,6,-22,5,-23,4,-23,3,-24,3,-25,4,-26,5,-26,4,-26,4,-27,5,-28,6,-29,5,-31,2,-33,
CSI_2,28,-64,1,0,-1,-28,-2,-27,-2,-27,-2,-27,-2,-27,-2,-27,-3,-26,-3,-27,-3,-28,-2,-28,-2,-28,-2,-27,-2,-26,-3,-26,-2,-26,0,-26,0,-25,0,-24,1,-23,2,-22,2,-21,3,-21,4,-20,4,-19,4,-18,1,-5,0,0,0,0,0,0,0,0,0,0,0,0,0,0,0,0,0,0,-1,-4,-4,-16,-3,-17,-3,-17,-2,-18,-2,-18,-3,-19,-3,-20,-2,-21,-1,-22,-1,-22,-1,-23,-1,-23,0,-23,1,-23,0,-23,-2,-23,-2,-24,-2,-25,-2,-25,-1,-25,-1,-25,-2,-26,-1,-28,0,-29,-2,-31,-5,-33,
CSI_2,28,-64,1,0,0,-30,-1,-29,-1,-29,-1,-29,-1,-29,-1,-29,-1,-29,-3,-29,-2,-30,-1,-30,-1,-30,-1,-29,-1,-28,-1,-28,-1,-28,1,-27,1,-26,1,-25,2,-25,3,-23,4,-22,4,-22,5,-21,5,-19,5,-18,1,-5,0,0,0,0,0,0,0,0,0,0,0,0,0,0,0,0,0,0,-1,-5,-2,-19,-2,-20,-1,-20,-1,-21,-1,-21,-1,-22,-1,-24,0,-24,0,-25,1,-26,1,-26,1,-26,2,-26,3,-25,2,-25,0,-25,-1,-26,-1,-28,0,-28,1,-27,1,-27,0,-29,1,-30,2,-31,0,-33,-3,-35,
CSI_2,-72,-128,11,0,-12,22,-11,23,-11,23,-12,24,-12,23,-12,23,-11,23,-11,23,-11,23,-11,22,-11,23,-11,23,-11,23,-11,22,-11,22,-11,22,-11,20,-11,19,-11,19,-11,18,-11,17,-12,17,-12,16,-11,14,-11,13,-3,3,0,0,0,0,0,0,0,0,0,0,0,0,0,0,0,0,0,0,-3,3,-10,13,-11,13,-12,14,-12,14,-12,14,-12,14,-12,15,-13,15,-14,16,-15,16,-15,15,-15,15,-16,16,-16,17,-16,17,-15,17,-14,17,-14,17,-14,18,-14,19,-15,20,-14,20,-12,20,-13,20,-15,18,-18,18,-10,16,-28,47,-25,45,-24,44,-23,44,-23,44,-24,45,-23,43,-23,43,-24,43,-25,44,-25,44,-24,44,-24,44,-22,43,-22,43,-23,43,-24,41,-25,40,-25,38,-25,35,-25,33,-24,31,-23,30,-23,29,-23,27,-24,25,-25,23,-25,21,-9,7,-3,1,0,-1,0,-2,0,-1,-2,2,-5,9,-14,26,-16,26,-17,26,-18,27,-19,27,-21,28,-22,29,-24,30,-26,30,-27,30,-27,30,-28,30,-29,30,-30,29,-30,30,-30,31,-29,32,-29,34,-28,35,-28,37,-27,37,-27,38,-26,38,-26,40,-24,41,-23,42,-20,42,-19,41,
CSI_2,28,-64,1,0,-23,15,-22,15,-21,14,-21,15,-21,16,-21,16,-20,15,-20,15,-20,16,-21,16,-20,16,-20,16,-20,15,-20,15,-20,14,-20,14,-20,13,-20,11,-19,10,-19,9,-19,9,-19,8,-18,7,-18,6,-17,5,-5,1,0,0,0,0,0,0,0,0,0,0,0,0,0,0,0,0,0,0,-4,2,-13,10,-14,10,-14,11,-15,11,-16,11,-17,10,-17,10,-18,10,-19,11,-20,11,-20,11,-20,11,-21,11,-20,11,-20,11,-20,11,-20,11,-21,12,-21,13,-21,13,-21,14,-21,14,-22,13,-23,14,-24,17,-24,20,
CSI_2,28,-64,1,0,9,23,9,22,10,22,10,22,10,22,10,22,10,22,11,22,11,23,10,24,10,23,10,22,10,22,10,22,9,22,8,22,7,22,7,21,6,20,5,19,4,18,3,18,2,18,2,17,1,16,0,4,0,0,0,0,0,0,0,0,0,0,0,0,0,0,0,0,0,0,1,3,7,13,7,14,6,14,6,14,6,15,7,16,7,17,7,18,7,18,6,19,7,20,7,20,6,20,5,19,6,19,7,19,9,20,9,21,8,21,7,20,8,20,9,21,9,23,8,25,11,25,14,26,
CSI_2,28,-64,1,0,10,-8,9,-8,9,-8,9,-8,9,-8,9,-8,9,-8,8,-8,9,-8,9,-8,9,-8,8,-8,8,-8,8,-7,9,-7,9,-7,9,-7,9,-6,9,-5,8,-5,8,-5,8,-4,8,-4,8,-3,7,-3,1,-1,0,0,0,0,0,0,0,0,0,0,0,0,0,0,0,0,0,0,1,-2,5,-6,5,-6,5,-6,6,-6,6,-6,7,-6,7,-6,7,-6,8,-6,8,-6,8,-6,8,-6,9,-6,9,-6,8,-6,8,-6,8,-6,9,-7,9,-7,9,-7,9,-7,9,-7,10,-7,10,-7,10,-9,10,-10,
CSI_2,28,-64,1,0,25,-3,24,-3,24,-3,23,-3,24,-5,24,-5,24,-4,24,-4,25,-4,25,-4,24,-5,23,-5,23,-4,24,-4,24,-3,23,-2,23,-1,22,0,21,0,21,0,20,0,19,1,18,2,17,3,17,4,4,1,0,0,0,0,0,0,0,0,0,0,0,0,0,0,0,0,0,0,3,-1,15,-1,15,-1,15,-1,16,-1,17,-1,18,0,18,1,19,1,19,1,19,1,20,2,20,2,20,1,20,1,20,1,20,1,21,1,22,0,22,-1,21,-1,22,-2,23,-2,23,0,25,0,27,-2,28,-5,
CSI_2,28,-64,1,0,18,-19,17,-18,17,-18,16,-18,16,-19,17,-19,16,-18,15,-19,16,-19,16,-20,16,-20,15,-19,15,-18,15,-18,16,-18,17,-17,17,-16,16,-14,16,-13,16,-13,16,-12,16,-11,16,-10,15,-9,15,-8,3,-2,0,0,0,0,0,0,0,0,0,0,0,0,0,0,0,0,0,0,2,-4,9,-12,9,-12,10,-13,11,-14,12,-14,12,-14,13,-13,13,-13,15,-14,16,-14,16,-14,16,-14,16,-14,16,-14,16,-14,15,-14,15,-15,16,-16,16,-17,17,-16,16,-16,16,-17,18,-17,19,-17,19,-20,18,-23,
CSI_2,28,-64,1,0,-30,-3,-29,-3,-29,-3,-28,-2,-28,0,-29,0,-28,-1,-28,-1,-29,-1,-29,-1,-28,0,-27,0,-27,0,-28,-1,-27,-2,-27,-2,-26,-3,-25,-4,-24,-5,-23,-5,-22,-5,-21,-5,-20,-6,-19,-7,-19,-8,-5,-2,0,0,0,0,0,0,0,0,0,0,0,0,0,0,0,0,0,0,-5,0,-20,0,-20,0,-20,0,-21,-1,-22,-2,-23,-3,-24,-3,-24,-4,-25,-4,-25,-4,-25,-5,-26,-6,-26,-5,-26,-5,-26,-5,-26,-4,-27,-5,-28,-4,-28,-4,-27,-3,-27,-2,-28,-3,-29,-5,-30,-5,-33,-3,-35,-1,
CSI_2,28,-64,1,0,14,-12,13,-11,13,-11,13,-11,13,-11,13,-12,13,-11,12,-11,13,-12,13,-12,12,-12,12,-11,12,-11,12,-11,13,-10,13,-10,13,-9,13,-8,12,-7,12,-7,12,-7,12,-6,12,-6,11,-5,11,-4,2,-1,0,0,0,0,0,0,0,0,0,0,0,0,0,0,0,0,0,0,1,-2,7,-8,7,-8,8,-8,8,-8,9,-8,9,-8,9,-8,10,-8,11,-8,11,-8,11,-8,11,-8,12,-9,11,-9,11,-9,11,-9,11,-9,12,-9,12,-10,12,-9,12,-10,12,-10,13,-10,14,-11,14,-13,13,-15,
CSI_2,28,-64,1,0,25,-2,24,-2,24,-2,24,-2,24,-3,24,-3,24,-3,24,-3,25,-3,25,-3,24,-3,23,-3,23,-3,24,-2,24,-2,23,-1,23,0,22,1,21,2,20,2,19,2,18,2,18,3,17,4,17,5,4,1,0,0,0,0,0,0,0,0,0,0,0,0,0,0,0,0,0,0,3,-1,15,-2,15,-2,15,-2,16,-2,17,-2,17,-1,18,0,19,0,19,0,19,0,20,1,20,1,20,0,20,0,20,0,21,0,21,0,22,-1,22,-1,22,-1,22,-2,23,-2,24,0,25,0,27,-2,29,-5,
CSI_2,82,32,5,0,21,16,21,16,20,14,20,12,19,12,18,11,18,10,18,9,18,9,19,9,19,7,20,7,20,7,19,8,20,8,20,8,19,8,17,7,16,7,16,7,15,7,15,7,14,7,14,7,13,8,3,2,0,0,0,0,0,0,0,0,0,0,0,0,0,0,0,0,0,0,4,3,16,13,16,14,16,15,16,17,15,17,14,18,14,18,13,19,13,19,14,20,14,21,15,22,14,22,14,21,14,20,14,20,15,19,15,17,15,17,16,17,16,17,17,16,16,16,18,17,19,19,18,20,
CSI_2,28,-64,1,0,21,-15,20,-16,19,-16,17,-15,16,-15,16,-15,14,-14,13,-15,14,-15,13,-16,12,-16,11,-17,11,-17,12,-16,12,-16,12,-16,12,-15,11,-14,10,-14,10,-13,10,-12,10,-12,10,-12,10,-11,9,-11,2,-3,0,0,0,0,0,0,0,0,0,0,0,0,0,0,0,0,0,0,4,-3,18,-12,19,-12,21,-12,22,-11,22,-10,22,-9,23,-8,23,-7,23,-7,24,-8,25,-8,26,-8,25,-7,24,-7,23,-7,24,-8,23,-9,21,-10,21,-10,21,-10,21,-11,21,-11,20,-12,21,-12,23,-12,23,-11,
CSI_2,82,32,5,0,23,14,22,14,22,13,22,13,22,12,22,12,22,12,23,12,23,13,23,13,23,12,21,11,21,11,22,12,21,12,20,12,19,13,18,13,17,13,16,12,15,12,14,12,13,12,12,12,11,13,2,3,0,0,0,0,0,0,0,0,0,0,0,0,0,0,0,0,0,0,3,1,14,6,14,7,14,7,14,7,15,8,16,10,16,11,17,11,17,12,17,12,17,13,18,14,18,13,17,12,18,12,19,13,20,13,20,13,20,13,20,12,20,12,22,13,22,15,22,16,25,15,29,14,
CSI_2,28,-64,1,0,3,25,3,25,4,24,4,22,5,22,5,21,5,20,6,19,6,19,6,19,7,18,8,18,7,18,7,19,7,20,7,20,7,19,6,18,6,17,5,16,5,16,4,15,4,15,4,15,3,14,0,3,0,0,0,0,0,0,0,0,0,0,0,0,0,0,0,0,0,0,0,4,2,19,2,19,1,21,0,21,-1,21,-1,21,-2,22,-3,21,-4,22,-3,23,-4,24,-4,25,-4,24,-4,23,-4,22,-4,23,-3,23,-1,21,-1,21,-1,22,0,22,0,22,1,23,1,24,0,25,-1,26,
CSI_2,28,-64,1,0,-19,13,-19,13,-17,13,-16,13,-15,13,-15,12,-14,12,-13,12,-13,12,-13,13,-12,14,-11,14,-11,14,-12,14,-12,14,-13,14,-12,13,-11,12,-11,12,-11,11,-11,10,-11,10,-11,10,-11,9,-10,9,-3,2,0,0,0,0,0,0,0,0,0,0,0,0,0,0,0,0,0,0,-5,2,-17,9,-18,9,-19,8,-20,8,-21,7,-21,6,-21,6,-21,5,-21,5,-22,5,-23,5,-24,5,-23,5,-22,4,-21,5,-22,5,-21,6,-19,7,-19,7,-19,8,-19,8,-19,9,-19,9,-20,10,-21,10,-21,8,
CSI_2,-8,-123,95,0,1,6,3,7,5,10,6,11,6,12,5,10,3,8,4,8,6,8,9,8,9,10,7,13,6,15,8,14,8,12,6,12,5,13,5,12,3,13,3,14,3,14,2,14,1,17,-1,19,-3,17,-1,3,0,0,0,0,0,0,0,0,0,0,0,0,0,0,0,0,0,0,-1,3,-2,15,-2,16,-3,15,-3,15,-2,14,-3,13,-3,13,-1,12,-1,12,-2,11,-1,11,0,9,-1,10,-2,13,-2,12,-2,11,-3,11,-2,11,-1,10,0,9,2,9,3,7,0,6,0,7,2,9,3,6,
CSI_2,28,-64,1,0,-24,12,-24,12,-22,12,-21,12,-20,12,-20,12,-18,12,-18,12,-18,12,-18,13,-17,14,-16,14,-16,14,-17,14,-18,14,-18,14,-17,13,-16,12,-15,11,-15,10,-15,10,-15,9,-15,8,-14,8,-14,7,-4,1,0,0,0,0,0,0,0,0,0,0,0,0,0,0,0,0,0,0,-5,1,-20,6,-21,6,-23,5,-24,5,-23,4,-23,3,-24,3,-23,2,-24,2,-25,2,-26,2,-27,1,-26,1,-25,1,-24,2,-25,3,-24,4,-22,5,-22,6,-23,6,-23,7,-23,7,-23,7,-24,8,-26,8,-27,7,
CSI_2,28,-64,1,0,-24,-13,-24,-13,-23,-11,-23,-10,-22,-9,-21,-9,-21,-8,-20,-7,-21,-7,-21,-7,-21,-6,-21,-5,-21,-5,-21,-6,-22,-6,-22,-6,-21,-6,-19,-6,-18,-5,-18,-6,-17,-6,-16,-6,-16,-7,-15,-7,-14,-7,-4,-2,0,0,0,0,0,0,0,0,0,0,0,0,0,0,0,0,0,0,-5,-4,-18,-13,-19,-14,-19,-15,-20,-16,-19,-17,-18,-17,-18,-18,-17,-18,-17,-19,-18,-19,-18,-21,-18,-21,-17,-21,-17,-20,-17,-19,-18,-19,-18,-18,-18,-16,-19,-15,-19,-15,-20,-15,-20,-14,-20,-15,-21,-16,-22,-17,-22,-18,
CSI_2,82,32,5,0,-14,1,-14,0,-13,0,-13,1,-13,1,-13,1,-13,1,-13,1,-13,1,-13,1,-13,1,-12,1,-12,1,-12,1,-12,1,-12,1,-11,0,-11,0,-10,-1,-10,-1,-10,-1,-10,-1,-9,-1,-9,-2,-8,-2,-2,-1,0,0,0,0,0,0,0,0,0,0,0,0,0,0,0,0,0,0,-2,0,-8,1,-8,1,-8,1,-9,1,-9,1,-10,0,-10,0,-10,0,-11,0,-11,0,-11,-1,-12,-1,-12,0,-11,0,-11,0,-12,0,-12,0,-13,0,-13,0,-13,1,-13,1,-13,1,-14,0,-14,0,-15,1,-15,3,
CSI_2,82,32,5,0,24,-7,24,-7,22,-8,21,-8,20,-8,19,-8,18,-9,17,-9,17,-9,17,-10,16,-11,15,-12,16,-11,16,-11,17,-11,17,-11,16,-10,15,-10,14,-9,14,-9,13,-8,13,-8,13,-7,12,-7,12,-6,3,-2,0,0,0,0,0,0,0,0,0,0,0,0,0,0,0,0,0,0,5,-1,20,-3,21,-3,22,-2,23,-1,23,0,23,0,23,1,23,2,23,2,24,2,25,2,26,3,25,3,24,3,23,2,24,1,23,0,22,-1,22,-2,22,-2,22,-2,22,-3,22,-3,24,-4,25,-3,25,-2,
CSI_2,82,32,5,0,-10,-25,-10,-24,-11,-24,-11,-24,-11,-24,-11,-24,-11,-23,-12,-24,-12,-25,-11,-26,-11,-25,-11,-24,-11,-24,-11,-24,-10,-24,-9,-24,-8,-23,-8,-23,-7,-22,-6,-21,-5,-21,-4,-20,-3,-20,-3,-19,-2,-18,-1,-5,0,0,0,0,0,0,0,0,0,0,0,0,0,0,0,0,0,0,-2,-4,-6,-15,-6,-15,-5,-16,-5,-16,-5,-17,-6,-18,-6,-19,-6,-20,-6,-20,-5,-20,-5,-21,-5,-21,-4,-21,-4,-21,-5,-21,-7,-21,-8,-21,-9,-22,-8,-22,-7,-22,-8,-21,-9,-23,-9,-25,-9,-26,-11,-27,-14,-28,
CSI_2,28,-64,1,0,4,22,4,22,5,20,5,19,6,18,6,17,6,16,7,16,7,16,7,16,8,15,9,15,9,15,9,15,9,16,9,16,8,15,8,14,8,13,7,13,7,13,6,13,5,13,5,12,5,12,1,3,0,0,0,0,0,0,0,0,0,0,0,0,0,0,0,0,0,0,0,4,2,19,1,19,0,20,0,21,-1,21,-2,21,-3,21,-4,21,-4,21,-4,22,-5,23,-5,23,-5,22,-5,21,-4,21,-4,22,-3,21,-1,20,-1,20,-1,20,0,20,1,20,0,20,1,21,0,23,-1,23,
CSI_2,82,32,5,0,-27,-9,-26,-9,-26,-8,-25,-8,-25,-7,-25,-7,-25,-7,-25,-7,-26,-8,-26,-7,-25,-6,-24,-5,-24,-6,-24,-7,-24,-7,-23,-7,-22,-8,-21,-9,-20,-9,-19,-9,-18,-8,-17,-8,-16,-9,-16,-10,-15,-10,-4,-3,0,0,0,0,0,0,0,0,0,0,0,0,0,0,0,0,0,0,-5,-1,-18,-3,-18,-3,-18,-3,-19,-3,-20,-4,-21,-5,-22,-7,-22,-7,-22,-7,-22,-7,-23,-8,-23,-9,-23,-8,-23,-8,-23,-8,-24,-8,-25,-8,-25,-8,-25,-8,-25,-8,-25,-7,-26,-8,-26,-10,-28,-10,-30,-8,-33,-7,
CSI_2,28,-64,1,0,6,26,6,26,7,24,8,22,8,21,8,20,8,19,9,18,8,18,8,18,9,18,10,18,10,18,10,18,10,18,10,18,9,17,9,16,9,15,8,14,7,14,6,13,6,14,5,13,5,13,1,3,0,0,0,0,0,0,0,0,0,0,0,0,0,0,0,0,0,0,0,5,2,21,2,22,1,23,0,24,-1,23,-1,24,-2,24,-2,24,-3,24,-3,25,-4,26,-4,26,-5,26,-4,25,-3,25,-3,25,-2,24,0,23,1,23,2,23,2,24,3,24,3,23,3,25,2,26,0,26,
CSI_2,28,-64,1,0,11,-9,11,-9,10,-9,9,-9,8,-8,8,-8,7,-8,7,-9,7,-9,7,-9,6,-9,6,-9,6,-10,6,-10,7,-10,7,-10,7,-9,6,-9,6,-8,6,-8,6,-8,6,-7,6,-6,6,-6,6,-6,1,-2,0,0,0,0,0,0,0,0,0,0,0,0,0,0,0,0,0,0,2,-2,9,-6,10,-6,10,-6,11,-6,11,-5,11,-5,11,-4,11,-4,12,-3,13,-4,13,-4,13,-3,13,-3,12,-3,12,-4,12,-4,12,-5,11,-5,11,-5,11,-5,11,-6,11,-6,11,-7,11,-7,12,-7,11,-7,
CSI_2,-8,-123,95,0,-11,0,-11,1,-7,3,-8,4,-13,4,-12,3,-10,2,-9,1,-7,3,-7,6,-8,7,-7,8,-6,6,-5,5,-5,7,-6,10,-6,11,-6,7,-8,5,-7,7,-5,7,-5,7,-6,9,-7,9,-6,9,-2,2,0,0,0,0,0,0,0,0,0,0,0,0,0,0,0,0,0,0,-5,-2,-17,-5,-16,-6,-17,-9,-17,-10,-15,-8,-14,-9,-13,-8,-13,-8,-12,-9,-12,-8,-13,-6,-11,-8,-8,-10,-6,-9,-6,-7,-8,-7,-9,-8,-7,-8,-6,-7,-8,-6,-10,-2,-10,-1,-11,-1,-10,-2,-8,-4,-6,-4,
CSI_2,28,-64,1,0,-3,25,-3,25,-1,24,-1,23,-1,22,0,21,0,21,1,20,1,21,1,21,2,20,3,20,3,20,3,21,2,22,2,21,2,20,1,19,1,18,1,18,0,17,-1,17,-1,16,-1,15,-2,15,-1,3,0,0,0,0,0,0,0,0,0,0,0,0,0,0,0,0,0,0,-2,4,-5,19,-6,19,-7,20,-8,21,-8,20,-9,20,-10,20,-10,19,-11,20,-11,20,-12,21,-13,21,-12,21,-12,20,-11,20,-10,21,-9,21,-7,20,-7,20,-7,21,-6,21,-6,21,-6,22,-6,23,-7,24,-8,24,
CSI_2,82,32,5,0,17,12,16,11,17,11,16,10,16,10,16,10,15,10,16,10,16,11,16,10,15,9,14,9,14,9,15,9,14,9,13,10,13,10,12,10,11,10,10,9,9,8,8,8,8,8,7,8,7,9,1,2,0,0,0,0,0,0,0,0,0,0,0,0,0,0,0,0,0,0,3,1,12,4,12,5,12,5,12,5,13,6,14,7,14,8,14,9,15,9,15,9,15,10,16,11,16,11,15,10,15,10,15,10,16,10,17,11,17,11,16,10,16,10,16,11,17,12,18,12,20,11,22,11,
CSI_2,28,-64,1,0,-16,-22,-17,-22,-17,-20,-16,-19,-16,-18,-15,-17,-15,-16,-16,-15,-16,-15,-16,-15,-17,-14,-18,-13,-18,-13,-18,-14,-18,-14,-18,-15,-17,-14,-16,-13,-15,-13,-15,-13,-14,-13,-13,-13,-13,-13,-12,-13,-11,-12,-3,-4,0,0,0,0,0,0,0,0,0,0,0,0,0,0,0,0,0,0,-3,-5,-9,-19,-9,-20,-9,-21,-9,-22,-8,-22,-7,-23,-7,-23,-6,-23,-5,-23,-6,-24,-6,-25,-5,-26,-5,-25,-5,-24,-6,-23,-7,-24,-8,-23,-9,-21,-9,-21,-10,-21,-10,-21,-11,-21,-11,-21,-12,-22,-12,-23,-10,-24,
CSI_2,82,32,5,0,12,-1,11,-1,11,-1,11,-2,11,-2,11,-2,11,-2,11,-2,11,-2,11,-2,10,-2,10,-2,10,-2,10,-1,10,-1,10,-1,10,-1,9,0,9,0,9,0,8,0,8,0,8,1,7,1,7,2,1,0,0,0,0,0,0,0,0,0,0,0,0,0,0,0,0,0,0,0,1,-1,7,-2,7,-2,7,-2,7,-2,8,-1,8,-1,8,-1,9,-1,9,-1,9,-1,9,0,10,0,10,0,9,-1,9,-1,10,0,10,0,10,-1,10,-1,10,-1,10,-2,11,-1,11,0,12,-1,12,-2,12,-3,
CSI_2,82,32,5,0,-2,27,-2,27,-1,25,0,23,0,23,0,22,1,21,2,21,2,21,3,21,4,20,5,20,4,21,4,21,3,22,3,22,3,20,2,19,2,18,2,18,1,17,1,17,0,17,0,16,0,15,0,3,0,0,0,0,0,0,0,0,0,0,0,0,0,0,0,0,0,0,-1,5,-4,21,-4,21,-5,22,-6,23,-7,22,-8,22,-9,22,-10,22,-10,22,-10,23,-11,24,-11,24,-11,23,-11,22,-10,22,-10,23,-9,23,-7,22,-6,22,-6,22,-6,23,-5,23,-5,23,-5,24,-5,25,-7,25,
CSI_2,28,-64,1,0,-11,23,-10,23,-9,22,-8,22,-7,21,-7,20,-6,19,-5,19,-5,20,-5,20,-3,20,-2,20,-3,20,-3,20,-4,21,-4,21,-4,20,-4,19,-4,18,-4,17,-4,17,-5,16,-6,16,-6,15,-6,14,-2,3,0,0,0,0,0,0,0,0,0,0,0,0,0,0,0,0,0,0,-3,4,-11,17,-12,18,-13,18,-14,18,-14,18,-15,17,-16,17,-16,16,-16,16,-17,17,-18,17,-19,17,-18,17,-17,16,-17,16,-17,17,-16,17,-14,17,-13,18,-13,18,-13,18,-12,19,-12,19,-13,20,-14,21,-16,21,
CSI_2,-8,-123,95,0,2,-3,-1,-5,-1,-6,-1,-8,0,-8,0,-8,0,-8,0,-8,0,-9,2,-10,2,-9,-1,-10,-3,-10,-1,-9,-2,-9,-2,-10,-1,-11,1,-11,0,-9,-1,-11,-1,-11,0,-9,-1,-9,-2,-10,-2,-12,-1,-4,0,0,0,0,0,0,0,0,0,0,0,0,0,0,0,0,0,0,2,0,7,2,6,0,4,-2,4,-2,7,0,7,1,7,1,8,-1,7,-2,7,-2,9,-3,8,-4,5,-3,5,-4,6,-4,5,-4,4,-5,5,-5,6,-4,2,-4,-1,-7,1,-8,2,-7,2,-9,3,-9,5,-8,
CSI_2,82,32,5,0,-1,-27,-2,-27,-3,-26,-2,-26,-2,-26,-2,-26,-3,-26,-4,-26,-4,-27,-3,-27,-3,-27,-3,-25,-3,-25,-3,-25,-2,-25,-1,-24,-1,-24,-1,-23,-1,-22,0,-21,1,-20,2,-19,2,-18,2,-17,2,-17,0,-4,0,0,0,0,0,0,0,0,0,0,0,0,0,0,0,0,0,0,-1,-5,-3,-17,-3,-17,-2,-18,-2,-19,-2,-19,-2,-20,-2,-22,-1,-22,-1,-23,0,-23,0,-24,0,-24,1,-24,2,-23,1,-23,-1,-23,-2,-24,-2,-26,-1,-26,0,-25,-1,-25,-2,-26,0,-27,0,-28,-1,-30,-5,-32,
CSI_2,28,-64,1,0,-20,-18,-20,-18,-20,-16,-19,-15,-19,-14,-18,-14,-18,-13,-18,-12,-18,-12,-19,-12,-19,-10,-19,-9,-19,-10,-19,-10,-20,-11,-19,-11,-18,-11,-17,-10,-16,-10,-16,-10,-15,-10,-15,-10,-14,-10,-13,-10,-13,-10,-4,-3,0,0,0,0,0,0,0,0,0,0,0,0,0,0,0,0,0,0,-4,-5,-14,-17,-14,-18,-14,-19,-14,-21,-13,-21,-12,-21,-12,-21,-11,-22,-11,-22,-11,-23,-12,-24,-12,-24,-11,-24,-11,-22,-11,-22,-12,-22,-13,-21,-13,-19,-14,-19,-14,-19,-15,-19,-15,-18,-16,-18,-17,-19,-17,-20,-15,-21,
CSI_2,28,-64,1,0,-9,-26,-9,-26,-10,-25,-10,-23,-10,-22,-10,-21,-10,-20,-11,-19,-10,-20,-11,-20,-12,-19,-12,-18,-12,-19,-12,-19,-12,-20,-12,-20,-11,-19,-11,-18,-10,-17,-10,-17,-9,-17,-8,-17,-7,-17,-6,-16,-6,-15,-2,-4,0,0,0,0,0,0,0,0,0,0,0,0,0,0,0,0,0,0,-2,-5,-5,-19,-4,-20,-4,-22,-4,-22,-3,-22,-2,-22,-2,-22,-1,-22,-1,-23,0,-24,1,-25,1,-26,1,-25,1,-24,0,-24,-1,-24,-2,-24,-3,-23,-4,-22,-4,-23,-5,-23,-5,-24,-5,-24,-5,-25,-5,-26,-3,-26,
CSI_2,28,-64,1,0,8,-22,7,-22,6,-21,5,-20,5,-20,4,-18,3,-18,2,-17,2,-17,2,-18,0,-17,0,-17,0,-17,1,-17,1,-17,1,-17,1,-16,1,-15,0,-14,0,-13,0,-12,0,-11,0,-11,1,-11,1,-10,0,-3,0,0,0,0,0,0,0,0,0,0,0,0,0,0,0,0,0,0,2,-6,9,-23,10,-23,12,-24,13,-24,14,-23,15,-22,15,-21,16,-20,16,-20,16,-21,17,-22,17,-22,17,-21,17,-20,16,-20,16,-20,14,-20,12,-19,12,-20,12,-20,11,-20,10,-20,10,-20,10,-21,11,-22,12,-21,
CSI_2,-8,-123,95,0,11,-4,10,-3,11,-3,9,-4,7,-6,9,-7,10,-8,11,-10,10,-8,9,-7,7,-8,6,-10,7,-10,7,-11,8,-11,7,-10,7,-9,10,-8,11,-8,9,-9,7,-11,6,-10,7,-8,9,-6,10,-4,2,-1,0,0,0,0,0,0,0,0,0,0,0,0,0,0,0,0,0,0,5,-2,22,-8,21,-7,19,-4,19,-3,19,-3,18,-2,19,-1,18,0,15,-1,15,-1,16,0,15,1,15,2,16,0,16,-1,14,0,13,0,11,0,10,-1,11,-1,12,0,12,-1,10,-1,11,-2,12,-5,12,-5,
CSI_2,-117,-80,8,0,31,-1,27,-4,25,-5,23,-1,22,1,20,1,18,0,17,0,16,1,12,1,9,0,8,-2,8,0,5,4,5,5,5,1,5,-1,6,-3,4,-2,2,-1,-1,0,-3,0,-5,0,-4,-1,-1,0,0,0,0,0,0,0,0,0,0,0,0,0,0,0,0,0,0,0,0,0,3,0,14,2,14,1,13,1,14,2,17,1,20,0,23,-1,24,-1,23,1,23,4,25,5,26,4,27,3,25,4,25,2,26,3,28,3,31,-2,32,-3,33,-1,34,-3,33,-4,34,-5,35,-4,33,-1,30,1,
CSI_2,-117,-80,8,0,-16,27,-16,26,-13,24,-12,23,-12,21,-12,20,-12,18,-12,13,-11,10,-11,10,-11,11,-11,11,-10,10,-7,8,-6,6,-7,4,-7,3,-7,2,-8,0,-9,-1,-9,-3,-9,-4,-7,-4,-9,-4,-12,-2,-4,-1,0,0,0,0,0,0,0,0,0,0,0,0,0,0,0,0,0,0,-3,2,-8,10,-7,10,-8,9,-10,8,-11,10,-10,13,-11,15,-13,17,-16,18,-17,18,-16,18,-14,19,-15,21,-17,23,-16,25,-16,23,-17,22,-17,25,-18,28,-16,27,-13,28,-11,29,-13,29,-17,30,-16,29,-17,26,
CSI_2,28,-64,1,0,10,-25,10,-25,8,-24,7,-23,6,-22,6,-21,5,-21,4,-20,4,-20,4,-21,2,-20,1,-20,1,-20,2,-20,2,-21,2,-21,2,-20,2,-19,2,-18,2,-17,2,-16,2,-16,3,-15,3,-14,3,-14,0,-4,0,0,0,0,0,0,0,0,0,0,0,0,0,0,0,0,0,0,2,-5,11,-20,12,-21,13,-21,14,-21,15,-21,15,-20,16,-19,17,-19,17,-19,18,-19,19,-20,20,-20,19,-19,18,-18,17,-18,17,-20,16,-20,14,-19,13,-20,13,-20,13,-20,12,-21,12,-21,13,-22,14,-22,15,-21,
CSI_2,82,32,5,0,-25,-11,-25,-11,-25,-9,-24,-8,-23,-7,-22,-7,-22,-6,-22,-5,-22,-5,-23,-5,-22,-3,-22,-3,-23,-3,-23,-3,-24,-3,-24,-4,-23,-4,-22,-3,-21,-3,-20,-3,-20,-4,-20,-5,-19,-6,-18,-6,-18,-6,-5,-2,0,0,0,0,0,0,0,0,0,0,0,0,0,0,0,0,0,0,-5,-3,-20,-12,-20,-13,-21,-15,-21,-16,-20,-16,-20,-17,-19,-17,-18,-18,-18,-18,-19,-19,-20,-20,-19,-21,-18,-20,-18,-19,-18,-18,-19,-18,-19,-17,-19,-15,-19,-14,-20,-14,-20,-13,-21,-13,-21,-13,-22,-14,-23,-15,-22,-16,
CSI_2,82,32,5,0,-15,-3,-14,-3,-14,-3,-14,-2,-13,-2,-14,-2,-13,-2,-13,-2,-13,-2,-13,-2,-13,-1,-12,-1,-12,-1,-12,-2,-12,-2,-12,-2,-11,-2,-11,-2,-10,-2,-10,-2,-10,-2,-9,-2,-9,-2,-8,-3,-8,-3,-2,-1,0,0,0,0,0,0,0,0,0,0,0,0,0,0,0,0,0,0,-2,0,-8,0,-8,0,-9,0,-9,0,-10,0,-10,-1,-10,-1,-11,-1,-11,-1,-12,-1,-12,-2,-12,-2,-12,-2,-12,-2,-13,-3,-13,-3,-13,-3,-13,-3,-13,-2,-14,-2,-14,-2,-14,-2,-14,-3,-15,-3,-15,-2,-16,-1,
CSI_2,28,-64,1,0,12,22,12,22,12,20,12,19,12,18,11,17,11,16,12,15,12,15,13,15,13,14,14,13,14,13,14,14,14,15,14,14,13,14,12,13,11,12,11,12,10,12,10,12,10,12,9,11,8,11,2,2,0,0,0,0,0,0,0,0,0,0,0,0,0,0,0,0,0,0,2,5,8,21,8,22,8,23,7,24,6,24,5,24,4,24,2,24,2,25,3,25,3,26,2,27,2,26,2,24,3,24,3,24,4,24,5,22,6,22,6,22,7,22,7,22,8,21,8,23,8,24,7,24,
CSI_2,28,-64,1,0,-11,-24,-12,-24,-12,-22,-11,-21,-11,-20,-11,-19,-11,-18,-12,-17,-12,-17,-12,-17,-13,-16,-14,-15,-14,-15,-13,-16,-13,-16,-13,-16,-12,-16,-12,-15,-11,-14,-10,-14,-10,-14,-9,-13,-9,-13,-8,-13,-8,-12,-2,-3,0,0,0,0,0,0,0,0,0,0,0,0,0,0,0,0,0,0,-3,-6,-9,-23,-9,-23,-8,-25,-7,-26,-6,-26,-5,-25,-4,-26,-3,-26,-2,-26,-3,-27,-3,-28,-2,-28,-2,-27,-2,-26,-2,-25,-3,-26,-4,-25,-5,-23,-6,-23,-6,-23,-6,-24,-7,-23,-7,-23,-8,-24,-8,-25,-6,-25,
CSI_2,28,-64,1,0,-3,-26,-4,-26,-5,-25,-5,-23,-5,-22,-5,-21,-5,-20,-6,-19,-6,-20,-7,-20,-8,-19,-8,-18,-9,-18,-9,-18,-9,-19,-9,-19,-8,-18,-7,-17,-7,-16,-7,-16,-6,-15,-6,-15,-5,-15,-5,-14,-5,-14,-1,-4,0,0,0,0,0,0,0,0,0,0,0,0,0,0,0,0,0,0,0,-6,0,-24,0,-25,1,-26,2,-27,3,-26,4,-25,5,-25,6,-25,7,-25,7,-26,8,-27,8,-27,8,-26,8,-24,6,-24,5,-25,4,-25,2,-24,2,-23,2,-24,1,-24,1,-24,1,-24,0,-25,1,-26,3,-25,
CSI_2,28,-64,1,0,-3,-26,-4,-26,-5,-24,-5,-22,-6,-22,-6,-21,-6,-20,-7,-19,-7,-20,-7,-20,-8,-18,-9,-18,-9,-18,-9,-18,-8,-19,-8,-19,-8,-17,-8,-17,-7,-16,-7,-15,-7,-15,-6,-15,-5,-15,-5,-14,-5,-13,-2,-4,0,0,0,0,0,0,0,0,0,0,0,0,0,0,0,0,0,0,0,-6,0,-24,0,-25,1,-26,2,-27,3,-26,4,-25,5,-25,6,-25,6,-25,6,-26,7,-27,7,-27,7,-26,7,-25,6,-24,5,-25,4,-25,3,-23,2,-23,1,-23,1,-24,0,-24,0,-24,0,-25,0,-26,2,-25,
CSI_2,28,-64,1,0,20,-13,20,-14,19,-14,18,-14,17,-14,16,-13,15,-13,14,-14,14,-14,14,-14,13,-14,12,-14,12,-14,12,-15,13,-16,13,-15,12,-14,11,-14,10,-13,10,-13,10,-12,10,-11,11,-11,10,-10,10,-9,2,-3,0,0,0,0,0,0,0,0,0,0,0,0,0,0,0,0,0,0,5,-3,22,-9,22,-9,24,-9,25,-8,24,-7,24,-7,25,-6,24,-5,25,-5,26,-4,27,-3,27,-2,26,-2,24,-2,24,-3,24,-5,23,-6,22,-7,21,-8,21,-8,21,-9,21,-9,21,-8,23,-8,24,-8,25,-7,
CSI_2,28,-64,1,0,-25,-5,-25,-5,-24,-4,-23,-3,-22,-2,-21,-2,-20,-1,-20,0,-20,-1,-20,0,-20,1,-19,2,-20,2,-20,1,-20,1,-20,1,-19,1,-18,1,-17,1,-16,1,-16,0,-15,0,-15,-1,-14,-1,-14,-1,-4,-1,0,0,0,0,0,0,0,0,0,0,0,0,0,0,0,0,0,0,-6,-2,-24,-6,-24,-7,-25,-8,-26,-9,-25,-10,-24,-11,-24,-12,-23,-12,-23,-13,-23,-13,-24,-14,-24,-15,-23,-15,-22,-14,-22,-13,-23,-13,-23,-12,-22,-10,-22,-9,-22,-9,-22,-8,-22,-8,-22,-8,-24,-8,-25,-8,-24,-10,
CSI_2,28,-64,1,0,21,-13,21,-14,19,-14,18,-14,17,-13,16,-13,15,-13,14,-13,14,-14,14,-14,12,-15,11,-15,12,-15,12,-15,13,-15,13,-15,12,-14,11,-13,11,-12,11,-12,10,-12,10,-11,10,-11,10,-10,9,-10,2,-3,0,0,0,0,0,0,0,0,0,0,0,0,0,0,0,0,0,0,5,-3,22,-10,22,-10,24,-9,25,-9,25,-7,25,-7,25,-5,25,-4,25,-4,26,-5,27,-5,27,-4,26,-4,25,-4,24,-4,25,-5,24,-6,22,-7,21,-8,21,-8,22,-8,21,-9,21,-9,22,-10,23,-10,24,-8,
CSI_2,-8,-123,95,0,-12,-6,-13,-7,-11,-7,-9,-7,-9,-8,-10,-6,-10,-3,-9,-2,-7,-3,-8,-2,-9,-2,-8,-4,-9,-4,-8,-4,-8,-5,-8,-4,-8,-1,-7,-1,-5,-1,-4,2,-6,0,-9,-2,-9,-2,-8,0,-7,0,-2,0,0,0,0,0,0,0,0,0,0,0,0,0,0,0,0,0,0,0,-3,-1,-10,-4,-12,-6,-12,-8,-11,-7,-11,-7,-12,-8,-12,-8,-12,-9,-11,-9,-11,-9,-11,-11,-12,-11,-11,-10,-12,-11,-11,-11,-9,-11,-9,-9,-11,-9,-13,-10,-9,-10,-8,-9,-11,-8,-15,-8,-15,-8,-13,-8,-12,-8,
CSI_2,28,-64,1,0,-9,24,-9,24,-7,23,-6,21,-6,21,-5,20,-4,19,-3,19,-3,19,-3,19,-1,19,-1,19,-1,19,-1,19,-1,19,-1,19,-1,18,-1,17,-1,16,-1,15,-1,15,-1,14,-2,14,-2,13,-2,13,-1,3,0,0,0,0,0,0,0,0,0,0,0,0,0,0,0,0,0,0,-3,5,-11,21,-12,21,-13,22,-15,22,-15,21,-16,20,-17,20,-17,19,-18,19,-18,20,-19,21,-19,21,-19,20,-18,19,-17,19,-17,20,-16,20,-14,19,-13,19,-13,20,-12,20,-12,21,-12,21,-12,22,-13,22,-14,21,
CSI_2,82,32,5,0,-11,-9,-10,-9,-10,-9,-10,-8,-10,-8,-11,-8,-10,-8,-11,-8,-11,-8,-11,-8,-11,-8,-10,-7,-10,-7,-10,-7,-10,-8,-9,-8,-9,-8,-9,-8,-9,-8,-8,-8,-7,-7,-7,-7,-6,-7,-6,-7,-6,-7,-2,-2,0,0,0,0,0,0,0,0,0,0,0,0,0,0,0,0,0,0,-2,-2,-8,-5,-8,-5,-8,-5,-8,-6,-8,-6,-8,-7,-9,-7,-9,-8,-9,-8,-9,-8,-9,-9,-9,-9,-9,-9,-8,-9,-9,-9,-9,-9,-10,-9,-10,-9,-10,-9,-9,-8,-10,-8,-10,-9,-10,-10,-11,-10,-12,-10,-13,-9,
CSI_2,82,32,5,0,4,-22,3,-21,3,-21,3,-20,2,-20,2,-21,2,-20,1,-20,1,-21,1,-21,1,-20,1,-19,1,-19,1,-19,1,-19,2,-19,2,-19,2,-18,2,-17,3,-16,4,-16,4,-15,5,-14,5,-13,4,-13,1,-4,0,0,0,0,0,0,0,0,0,0,0,0,0,0,0,0,0,0,-1,-4,-1,-14,0,-15,0,-15,1,-16,1,-16,1,-17,2,-17,2,-18,3,-18,4,-19,4,-19,4,-19,5,-19,5,-18,4,-18,3,-19,3,-20,3,-21,4,-21,4,-20,4,-20,3,-21,4,-21,5,-22,3,-23,0,-24,
CSI_2,28,-64,1,0,6,26,6,26,7,24,7,22,8,21,8,20,8,19,9,18,9,19,9,18,10,17,11,17,11,17,11,17,11,17,11,17,10,16,10,15,10,14,9,14,9,14,8,14,8,14,7,13,7,13,1,3,0,0,0,0,0,0,0,0,0,0,0,0,0,0,0,0,0,0,0,6,2,24,1,24,0,26,-1,26,-2,26,-2,25,-3,25,-4,25,-4,26,-4,27,-5,28,-6,28,-6,27,-5,26,-4,25,-4,26,-2,25,-1,24,0,23,1,24,2,24,2,24,2,24,2,25,2,26,0,26,
CSI_2,28,-64,1,0,-17,17,-16,17,-15,17,-14,16,-13,16,-13,15,-12,14,-11,15,-10,15,-10,15,-9,16,-8,16,-8,16,-9,16,-9,16,-9,16,-9,15,-8,14,-8,13,-8,12,-8,12,-7,11,-7,11,-7,11,-7,10,-2,2,0,0,0,0,0,0,0,0,0,0,0,0,0,0,0,0,0,0,-4,3,-16,14,-17,14,-18,14,-19,14,-20,13,-20,12,-21,11,-21,10,-21,10,-22,11,-23,12,-24,12,-23,11,-22,10,-21,10,-22,11,-21,12,-19,12,-18,12,-18,12,-18,13,-18,13,-17,13,-18,14,-20,15,-21,14,
CSI_2,28,-64,1,0,1,-24,1,-25,0,-23,-1,-22,-1,-21,-1,-20,-2,-20,-2,-19,-2,-20,-2,-20,-4,-19,-4,-19,-4,-19,-3,-19,-3,-20,-3,-20,-3,-19,-2,-18,-2,-17,-2,-16,-1,-15,-1,-15,0,-15,0,-14,0,-14,0,-4,0,0,0,0,0,0,0,0,0,0,0,0,0,0,0,0,0,0,0,-5,3,-19,3,-19,4,-20,5,-21,5,-20,6,-20,6,-20,7,-20,7,-20,7,-21,8,-22,9,-22,9,-22,8,-21,8,-21,7,-21,6,-21,5,-20,4,-21,4,-21,4,-21,3,-22,3,-21,3,-23,4,-24,6,-24,
CSI_2,-117,-80,8,0,26,12,25,13,25,15,24,13,21,12,19,14,25,14,29,14,23,13,20,11,21,11,21,12,21,13,20,15,20,15,20,15,19,16,17,16,15,15,15,14,15,12,14,11,12,12,10,14,8,12,1,2,0,0,0,0,0,0,0,0,0,0,0,0,0,0,0,0,0,0,2,1,7,6,7,7,9,9,13,10,13,9,12,9,12,10,12,11,11,12,8,12,10,12,13,14,12,14,12,11,13,12,12,13,14,13,17,13,18,13,19,11,20,10,21,12,23,12,23,11,23,11,24,11,
CSI_2,-117,-80,8,0,25,-20,26,-17,27,-13,28,-14,28,-15,27,-17,26,-18,25,-18,25,-17,25,-15,23,-15,20,-15,18,-14,19,-11,21,-11,23,-10,22,-8,21,-8,20,-10,20,-10,18,-8,15,-7,14,-8,14,-8,15,-7,3,-2,0,0,0,0,0,0,0,0,0,0,0,0,0,0,0,0,0,0,2,-1,10,-2,11,-3,13,-4,13,-4,12,-4,11,-6,11,-7,12,-7,13,-6,13,-6,15,-7,17,-8,19,-9,21,-7,20,-7,20,-9,22,-9,22,-11,21,-13,21,-12,24,-13,24,-15,23,-15,23,-16,24,-17,24,-17,
CSI_2,82,32,5,0,-3,-13,-3,-12,-3,-12,-3,-12,-3,-12,-3,-12,-4,-11,-4,-12,-4,-12,-4,-13,-4,-12,-4,-11,-4,-11,-4,-11,-4,-11,-3,-11,-3,-11,-3,-11,-2,-10,-2,-10,-1,-10,-1,-9,-1,-9,-1,-9,0,-9,0,-3,0,0,0,0,0,0,0,0,0,0,0,0,0,0,0,0,0,0,-1,-2,-3,-8,-3,-8,-3,-8,-3,-8,-3,-9,-3,-9,-3,-10,-3,-10,-3,-11,-2,-11,-2,-11,-2,-12,-2,-11,-2,-11,-2,-11,-3,-11,-3,-12,-3,-12,-3,-12,-2,-11,-3,-11,-3,-12,-3,-13,-3,-13,-4,-14,-5,-14,
CSI_2,82,32,5,0,-26,4,-26,5,-24,5,-23,6,-22,6,-21,6,-20,6,-20,6,-20,6,-20,6,-19,7,-19,8,-19,8,-19,7,-20,7,-20,6,-19,6,-17,5,-16,5,-16,5,-15,4,-15,3,-15,2,-14,2,-14,2,-4,0,0,0,0,0,0,0,0,0,0,0,0,0,0,0,0,0,0,0,-6,0,-21,2,-21,2,-23,1,-23,0,-23,-1,-23,-1,-23,-2,-23,-2,-23,-3,-24,-3,-25,-3,-26,-3,-25,-4,-24,-3,-24,-3,-24,-2,-24,-1,-23,0,-23,1,-23,1,-23,1,-23,2,-23,2,-25,2,-27,2,-27,1,
CSI_2,82,32,5,0,-13,-2,-12,-2,-12,-2,-11,-1,-11,-1,-11,-1,-11,-1,-11,-1,-12,-1,-12,-1,-11,0,-11,0,-11,0,-11,-1,-11,-1,-11,-1,-10,-2,-10,-2,-10,-2,-9,-2,-9,-2,-8,-2,-8,-2,-8,-3,-8,-3,-2,-1,0,0,0,0,0,0,0,0,0,0,0,0,0,0,0,0,0,0,-3,0,-9,0,-9,0,-9,0,-9,0,-9,-1,-10,-1,-10,-2,-10,-2,-11,-2,-11,-2,-11,-3,-11,-3,-11,-3,-11,-2,-11,-2,-11,-2,-12,-2,-12,-2,-12,-2,-11,-2,-11,-2,-12,-2,-12,-3,-13,-3,-14,-1,-14,-1,
CSI_2,28,-64,1,0,-12,-3,-12,-3,-11,-2,-10,-2,-10,-2,-10,-2,-9,-2,-9,-1,-9,-2,-10,-1,-9,-1,-9,0,-9,0,-9,0,-9,-1,-9,-1,-9,-1,-8,-1,-8,-1,-7,-1,-7,-1,-7,-1,-7,-2,-6,-2,-6,-2,-2,-1,0,0,0,0,0,0,0,0,0,0,0,0,0,0,0,0,0,0,-3,-1,-11,-3,-11,-4,-11,-4,-11,-5,-11,-5,-11,-5,-11,-6,-10,-6,-10,-6,-11,-6,-11,-7,-11,-7,-11,-7,-10,-7,-10,-6,-10,-6,-11,-5,-10,-5,-10,-4,-10,-4,-10,-4,-10,-4,-11,-4,-11,-4,-12,-4,-11,-4,
CSI_2,28,-64,1,0,-7,23,-7,23,-5,22,-4,21,-4,20,-4,19,-3,18,-2,18,-2,18,-2,19,0,18,1,18,1,18,0,18,0,19,0,18,0,17,0,16,0,16,0,15,-1,15,-1,14,-1,14,-1,13,-1,13,-1,3,0,0,0,0,0,0,0,0,0,0,0,0,0,0,0,0,0,0,-2,5,-8,20,-9,20,-10,21,-11,21,-12,20,-13,20,-13,20,-14,19,-14,19,-14,20,-15,20,-16,20,-16,19,-15,18,-14,19,-14,19,-13,19,-11,19,-10,19,-10,19,-10,20,-9,20,-9,20,-9,21,-10,22,-12,22,
CSI_2,82,32,5,0,8,-10,8,-10,8,-9,8,-9,8,-10,7,-10,7,-9,7,-9,6,-9,6,-9,6,-9,6,-9,6,-9,6,-8,6,-8,6,-8,6,-8,6,-7,5,-7,5,-7,5,-7,5,-6,5,-6,5,-5,5,-5,1,-2,0,0,0,0,0,0,0,0,0,0,0,0,0,0,0,0,0,0,0,-2,3,-7,4,-7,4,-7,4,-7,5,-7,5,-7,5,-8,5,-8,6,-8,6,-8,7,-8,7,-8,7,-9,7,-9,7,-9,7,-9,7,-9,7,-9,8,-9,8,-9,8,-10,8,-10,8,-10,8,-10,8,-11,8,-11,
CSI_2,28,-64,1,0,18,-21,18,-21,16,-21,14,-20,14,-20,13,-19,12,-18,11,-18,11,-18,10,-19,9,-19,8,-19,8,-19,9,-19,10,-19,9,-19,9,-18,8,-17,8,-16,8,-15,8,-14,8,-14,8,-13,7,-13,7,-12,1,-3,0,0,0,0,0,0,0,0,0,0,0,0,0,0,0,0,0,0,4,-5,16,-18,17,-18,19,-19,20,-19,20,-17,21,-16,22,-16,22,-15,22,-15,23,-15,24,-15,25,-15,24,-15,23,-14,22,-14,22,-15,21,-16,19,-16,18,-16,19,-17,19,-17,18,-17,18,-17,19,-19,20,-19,21,-18,
CSI_2,82,32,5,0,-6,11,-6,10,-5,10,-5,10,-6,10,-5,10,-5,10,-4,10,-4,10,-4,10,-4,10,-4,10,-4,9,-4,9,-4,9,-4,9,-4,9,-4,8,-4,8,-4,8,-4,7,-5,7,-5,6,-5,6,-5,6,-2,1,0,0,0,0,0,0,0,0,0,0,0,0,0,0,0,0,0,0,-1,1,-2,7,-2,7,-3,7,-3,8,-3,8,-3,8,-3,8,-4,9,-4,9,-5,9,-5,9,-5,10,-5,10,-6,9,-6,9,-5,9,-6,10,-6,10,-6,10,-6,10,-6,10,-6,10,-6,11,-6,11,-6,12,-5,12,
CSI_2,28,-64,1,0,19,8,20,8,19,7,18,6,18,6,17,6,17,5,17,4,17,5,17,4,17,3,17,3,17,3,17,3,18,4,17,4,16,4,15,4,14,4,14,5,13,5,13,5,12,5,11,5,11,5,2,1,0,0,0,0,0,0,0,0,0,0,0,0,0,0,0,0,0,0,3,2,13,9,13,9,13,10,13,11,13,11,12,12,12,12,11,12,12,13,12,13,13,13,13,14,13,13,13,13,13,12,13,12,14,11,14,10,14,9,14,10,15,10,15,9,16,9,17,9,18,10,17,11,
CSI_2,82,32,5,0,-11,-26,-12,-26,-12,-24,-12,-22,-12,-21,-11,-20,-11,-19,-12,-19,-12,-19,-13,-19,-14,-17,-14,-16,-14,-17,-14,-17,-14,-18,-13,-18,-12,-17,-11,-16,-11,-15,-10,-15,-10,-14,-9,-14,-9,-14,-8,-13,-7,-13,-2,-4,0,0,0,0,0,0,0,0,0,0,0,0,0,0,0,0,0,0,-2,-6,-6,-23,-6,-24,-6,-25,-5,-26,-4,-26,-3,-26,-2,-26,-1,-26,-1,-26,-1,-27,-1,-28,-1,-29,-1,-28,-1,-27,-2,-26,-3,-27,-4,-26,-5,-24,-5,-24,-6,-24,-6,-25,-7,-25,-7,-25,-8,-26,-8,-27,-6,-27,
CSI_2,28,-64,1,0,-24,1,-24,2,-23,3,-21,3,-21,3,-20,3,-19,4,-18,5,-18,4,-18,4,-18,5,-18,6,-18,6,-18,6,-18,6,-18,5,-17,5,-16,5,-15,5,-15,4,-14,4,-14,3,-14,2,-14,2,-13,2,-4,0,0,0,0,0,0,0,0,0,0,0,0,0,0,0,0,0,0,0,-7,-1,-25,-3,-26,-3,-27,-4,-27,-6,-26,-6,-26,-7,-25,-7,-24,-8,-24,-8,-25,-9,-25,-10,-25,-11,-25,-11,-23,-10,-23,-9,-23,-8,-23,-6,-22,-5,-22,-4,-22,-3,-22,-3,-22,-2,-22,-2,-23,-2,-24,-3,-24,-4,
CSI_2,28,-64,1,0,-25,7,-25,8,-23,8,-21,8,-20,8,-20,8,-19,8,-18,9,-18,9,-18,9,-17,10,-17,11,-17,10,-17,10,-18,10,-18,9,-17,9,-16,8,-15,8,-15,7,-15,6,-14,6,-14,5,-14,5,-13,4,-4,1,0,0,0,0,0,0,0,0,0,0,0,0,0,0,0,0,0,0,-6,1,-24,5,-24,5,-26,4,-27,3,-26,2,-26,1,-26,0,-26,-1,-26,-1,-27,-1,-28,-1,-28,-2,-27,-2,-26,-2,-25,-1,-26,0,-25,1,-23,2,-23,3,-23,3,-23,3,-23,4,-23,4,-25,5,-26,4,-26,3,
CSI_2,117,86,103,0,0,12,0,12,-1,7,-2,7,-2,11,-1,11,2,9,2,9,1,10,1,9,0,9,0,8,2,8,2,9,0,7,1,6,4,8,5,10,2,9,0,7,0,7,-1,7,-3,8,-3,8,-1,8,0,1,0,0,0,0,0,0,0,0,0,0,0,0,0,0,0,0,0,0,-1,0,-2,1,-3,3,-2,4,-2,4,-4,5,-4,6,-3,6,-4,6,-4,6,-5,6,-7,5,-6,6,-4,7,-5,7,-6,8,-5,9,-6,9,-6,8,-4,6,-3,6,-4,8,-6,7,-6,6,-4,7,-3,8,-1,5,1,8,6,38,6,42,10,48,12,44,13,35,10,34,8,37,5,35,1,32,3,26,4,23,2,25,6,28,12,30,9,30,5,28,10,29,17,29,19,25,11,23,5,23,3,24,-1,21,-6,18,-9,17,-10,14,-15,7,-9,9,-1,0,-1,-1,-1,-1,-1,-1,-1,-1,-1,-1,0,0,5,11,5,20,2,17,4,16,2,19,3,20,4,20,4,25,-1,24,-5,23,-3,26,-4,24,-6,21,-1,24,4,29,-1,27,-11,25,-12,27,-7,31,-6,29,-2,26,0,25,-5,27,-9,31,-4,29,0,26,2,30,6,32,
CSI_2,82,32,5,0,11,-6,11,-6,11,-5,11,-5,11,-6,11,-6,10,-6,10,-6,10,-6,10,-6,10,-6,10,-6,10,-6,10,-6,10,-5,10,-5,10,-5,9,-4,9,-4,9,-4,9,-4,9,-3,8,-3,8,-3,8,-2,2,-1,0,0,0,0,0,0,0,0,0,0,0,0,0,0,0,0,0,0,1,-1,6,-4,6,-4,6,-4,7,-5,7,-5,7,-4,8,-4,8,-4,9,-4,9,-4,9,-4,9,-4,10,-4,10,-4,10,-4,10,-4,10,-4,10,-5,11,-5,11,-5,11,-5,11,-5,11,-5,12,-5,12,-6,12,-7,
CSI_2,28,-64,1,0,12,22,13,22,13,20,13,18,13,18,12,17,12,15,13,15,13,15,13,15,14,13,14,12,14,13,14,13,14,14,14,14,13,13,13,12,12,12,11,11,10,11,10,11,9,11,9,11,8,11,2,2,0,0,0,0,0,0,0,0,0,0,0,0,0,0,0,0,0,0,1,5,7,20,6,21,6,23,5,24,4,23,4,24,3,24,2,23,2,23,3,24,3,26,3,26,2,25,2,24,3,23,3,24,4,23,6,21,7,21,7,21,7,21,8,21,8,21,9,22,9,23,8,24,
CSI_2,28,-64,1,0,-11,9,-11,9,-9,8,-9,8,-9,8,-8,8,-8,8,-7,8,-7,8,-7,8,-6,8,-6,8,-6,8,-7,8,-7,8,-7,8,-7,7,-7,7,-6,6,-7,6,-6,6,-6,5,-6,5,-6,5,-6,5,-2,1,0,0,0,0,0,0,0,0,0,0,0,0,0,0,0,0,0,0,-3,1,-9,7,-9,7,-10,7,-10,7,-10,6,-11,6,-11,6,-11,5,-12,6,-12,6,-12,6,-13,6,-13,5,-12,5,-11,5,-12,5,-12,6,-11,6,-10,6,-10,6,-10,6,-10,7,-10,7,-11,8,-11,8,-10,7,
CSI_2,-8,-123,95,0,-10,-24,-10,-24,-7,-24,-4,-23,-4,-22,-5,-24,-7,-23,-6,-21,-3,-22,-4,-24,-7,-23,-7,-21,-6,-20,-6,-20,-5,-22,-4,-21,-4,-18,-5,-19,-4,-20,-2,-19,-3,-18,-3,-20,-1,-20,-1,-18,-2,-16,-1,-4,0,0,0,0,0,0,0,0,0,0,0,0,0,0,0,0,0,0,-2,-2,-5,-9,-6,-11,-7,-13,-8,-15,-7,-13,-5,-13,-5,-14,-5,-15,-4,-17,-4,-19,-6,-19,-7,-19,-7,-20,-6,-20,-5,-19,-5,-19,-6,-21,-6,-21,-5,-21,-5,-21,-7,-23,-7,-25,-5,-24,-4,-22,-6,-23,-7,-24,
CSI_2,117,86,103,0,-13,-15,-13,-13,-11,-13,-11,-15,-11,-14,-12,-14,-14,-14,-16,-14,-15,-15,-15,-14,-15,-10,-14,-8,-13,-8,-15,-9,-16,-10,-14,-10,-11,-8,-10,-7,-11,-7,-12,-8,-12,-8,-10,-8,-8,-9,-7,-10,-6,-11,-2,-3,0,0,0,0,0,0,0,0,0,0,0,0,0,0,0,0,0,0,-1,-2,-1,-5,-1,-6,-1,-7,0,-8,2,-11,1,-12,-1,-9,-3,-6,-5,-8,-1,-12,2,-12,0,-9,-3,-8,-4,-11,-3,-15,-1,-13,-3,-11,-8,-11,-9,-14,-6,-15,-5,-12,-7,-10,-8,-10,-10,-11,-12,-12,-10,-14,-5,-5,-21,-19,-23,-20,-24,-16,-24,-15,-26,-22,-26,-24,-23,-22,-23,-20,-24,-19,-27,-19,-28,-17,-25,-14,-26,-10,-27,-9,-26,-11,-25,-13,-22,-12,-18,-12,-19,-11,-23,-11,-24,-13,-22,-13,-20,-11,-20,-9,-20,-8,-17,-11,-17,-4,-19,-4,-3,-1,-1,-1,-1,-1,0,0,0,0,0,0,-3,-1,-15,-3,-13,-5,-9,-10,-10,-10,-12,-9,-10,-10,-11,-13,-16,-13,-17,-13,-17,-11,-18,-11,-15,-15,-10,-21,-12,-21,-17,-18,-16,-19,-12,-21,-13,-18,-16,-17,-18,-20,-18,-19,-16,-18,-18,-19,-20,-18,-21,-19,-22,-22,-21,-23,-18,-20,
CSI_2,82,32,5,0,-7,10,-6,10,-6,9,-6,9,-6,10,-6,10,-5,9,-5,9,-5,9,-5,9,-5,10,-5,9,-5,9,-5,9,-5,9,-5,9,-5,8,-5,8,-5,7,-6,7,-6,7,-6,6,-6,6,-6,6,-6,5,-2,1,0,0,0,0,0,0,0,0,0,0,0,0,0,0,0,0,0,0,-1,1,-2,6,-2,6,-3,6,-3,6,-3,7,-3,7,-4,7,-4,7,-4,7,-5,7,-5,8,-5,8,-5,8,-5,8,-5,8,-5,8,-5,8,-5,8,-6,9,-6,9,-6,9,-5,9,-6,9,-6,10,-6,10,-5,11,
CSI_2,28,-64,1,0,-10,10,-10,10,-9,9,-8,9,-8,9,-8,8,-7,8,-6,8,-6,8,-6,8,-6,9,-5,9,-6,8,-6,8,-6,8,-6,9,-6,8,-6,7,-5,7,-6,6,-6,6,-6,5,-6,5,-6,4,-6,4,-2,1,0,0,0,0,0,0,0,0,0,0,0,0,0,0,0,0,0,0,-3,2,-9,9,-9,8,-10,9,-11,9,-11,8,-11,8,-11,7,-12,6,-12,6,-12,6,-13,7,-13,7,-13,7,-12,6,-12,6,-12,7,-12,7,-11,7,-10,7,-10,7,-10,7,-10,8,-10,8,-10,9,-10,9,-10,9,
